timestamp,temperature_c,building_type,occupants,ac_usage,appliance_usage,peak_hour,consumption_kwh,is_anomaly
2023-01-01 00:00:00,-0.2,office,0,0.15,1.05,0,3.652,0
2023-01-01 01:00:00,-1.7,office,0,0.33,1.01,0,3.025,0
2023-01-01 02:00:00,-0.7,office,0,0.32,1.12,0,4.328,0
2023-01-01 03:00:00,0.8,office,0,0.1,0.31,0,2.665,0
2023-01-01 04:00:00,-1.3,office,0,0.02,0.66,0,2.763,0
2023-01-01 05:00:00,-0.5,office,0,0.22,0.76,0,3.034,0
2023-01-01 06:00:00,3.2,office,0,0.28,0.54,0,2.73,0
2023-01-01 07:00:00,3.2,office,0,0.44,0.42,0,3.571,0
2023-01-01 08:00:00,2.6,office,0,0.46,1.38,1,5.03,0
2023-01-01 09:00:00,5.5,office,0,0.26,1.68,1,4.283,0
2023-01-01 10:00:00,5.2,office,0,0.38,1.84,1,5.294,0
2023-01-01 11:00:00,6.2,office,0,0.22,0.28,0,2.059,0
2023-01-01 12:00:00,8.0,office,0,0.37,1.43,0,4.404,0
2023-01-01 13:00:00,5.3,office,0,0.1,1.19,0,3.718,0
2023-01-01 14:00:00,5.8,office,0,0.19,1.15,0,4.121,0
2023-01-01 15:00:00,7.3,office,0,0.32,0.42,0,2.682,0
2023-01-01 16:00:00,6.2,office,0,0.01,0.98,0,3.338,0
2023-01-01 17:00:00,7.4,office,0,0.36,1.89,1,4.776,0
2023-01-01 18:00:00,4.5,office,0,0.42,2.48,1,5.464,0
2023-01-01 19:00:00,2.5,office,0,0.2,2.17,1,4.939,0
2023-01-01 20:00:00,5.5,office,0,0.22,1.95,1,4.987,0
2023-01-01 21:00:00,1.7,office,0,0.66,2.22,0,13.101,1
2023-01-01 22:00:00,0.9,office,0,0.39,0.4,0,2.491,0
2023-01-01 23:00:00,-2.3,office,0,0.14,0.22,0,2.743,0
2023-01-02 00:00:00,-1.9,office,0,0.16,1.1,0,3.948,0
2023-01-02 01:00:00,-1.4,office,0,0.34,0.33,0,3.178,0
2023-01-02 02:00:00,-3.4,office,0,0.28,0.35,0,3.657,0
2023-01-02 03:00:00,-1.0,office,0,0.08,1.17,0,3.775,0
2023-01-02 04:00:00,-1.9,office,0,0.15,0.55,0,2.063,0
2023-01-02 05:00:00,-0.7,office,0,0.45,1.02,0,4.209,0
2023-01-02 06:00:00,-0.1,office,0,0.34,1.39,0,3.617,0
2023-01-02 07:00:00,4.8,office,8,0.65,1.01,0,3.696,0
2023-01-02 08:00:00,3.3,office,31,2.29,7.24,1,28.302,1
2023-01-02 09:00:00,3.0,office,77,2.01,5.19,1,9.278,0
2023-01-02 10:00:00,7.0,office,47,1.05,3.72,1,8.9,0
2023-01-02 11:00:00,5.0,office,45,1.29,2.53,0,6.585,0
2023-01-02 12:00:00,7.9,office,44,0.89,2.51,0,5.084,0
2023-01-02 13:00:00,5.2,office,38,1.1,2.66,0,5.077,0
2023-01-02 14:00:00,6.3,office,77,1.77,4.47,0,8.567,0
2023-01-02 15:00:00,8.4,office,36,0.89,2.92,0,7.508,0
2023-01-02 16:00:00,8.7,office,73,1.89,4.98,0,8.588,0
2023-01-02 17:00:00,7.1,office,77,1.97,6.07,1,10.807,0
2023-01-02 18:00:00,5.6,office,7,0.15,2.24,1,4.644,0
2023-01-02 19:00:00,4.1,office,18,1.96,4.86,1,23.715,1
2023-01-02 20:00:00,1.1,office,0,0.18,2.12,1,4.682,0
2023-01-02 21:00:00,0.9,office,0,0.21,0.67,0,3.145,0
2023-01-02 22:00:00,0.1,office,0,0.42,0.31,0,3.525,0
2023-01-02 23:00:00,1.3,office,0,0.15,1.3,0,4.016,0
2023-01-03 00:00:00,-0.6,office,0,0.47,0.64,0,3.157,0
2023-01-03 01:00:00,-4.2,office,0,0.09,0.48,0,2.161,0
2023-01-03 02:00:00,-1.3,office,0,0.33,1.33,0,4.851,0
2023-01-03 03:00:00,-2.2,office,0,0.34,1.37,0,3.792,0
2023-01-03 04:00:00,-2.1,office,0,0.13,0.64,0,3.147,0
2023-01-03 05:00:00,0.6,office,0,0.16,0.66,0,2.968,0
2023-01-03 06:00:00,2.3,office,0,0.42,0.95,0,3.679,0
2023-01-03 07:00:00,3.3,office,6,0.5,1.45,0,4.554,0
2023-01-03 08:00:00,2.0,office,31,0.78,2.83,1,6.216,0
2023-01-03 09:00:00,4.1,office,35,0.97,3.72,1,6.54,0
2023-01-03 10:00:00,6.2,office,43,0.89,4.59,1,7.597,0
2023-01-03 11:00:00,8.2,office,44,0.98,2.74,0,6.636,0
2023-01-03 12:00:00,6.9,office,62,1.48,4.48,0,8.006,0
2023-01-03 13:00:00,7.8,office,68,1.4,4.84,0,8.235,0
2023-01-03 14:00:00,6.6,office,31,1.04,2.1,0,5.231,0
2023-01-03 15:00:00,6.3,office,65,1.66,4.43,0,7.608,0
2023-01-03 16:00:00,8.8,office,42,1.31,2.61,0,5.573,0
2023-01-03 17:00:00,8.8,office,75,4.31,9.79,1,37.716,1
2023-01-03 18:00:00,5.6,office,18,0.83,3.14,1,6.599,0
2023-01-03 19:00:00,6.0,office,12,0.52,2.12,1,5.024,0
2023-01-03 20:00:00,3.8,office,0,0.3,2.13,1,6.089,0
2023-01-03 21:00:00,1.0,office,0,0.49,1.26,0,5.074,0
2023-01-03 22:00:00,1.3,office,0,0.32,0.67,0,3.928,0
2023-01-03 23:00:00,2.0,office,0,0.02,0.42,0,3.562,0
2023-01-04 00:00:00,-1.2,office,0,0.36,0.32,0,3.093,0
2023-01-04 01:00:00,0.7,office,0,0.45,0.95,0,2.516,0
2023-01-04 02:00:00,-5.7,office,0,0.4,1.47,0,4.988,0
2023-01-04 03:00:00,-0.4,office,0,0.29,1.27,0,3.374,0
2023-01-04 04:00:00,-1.0,office,0,0.34,0.77,0,3.275,0
2023-01-04 05:00:00,-0.8,office,0,0.5,0.9,0,3.961,0
2023-01-04 06:00:00,0.8,office,0,0.05,0.56,0,2.309,0
2023-01-04 07:00:00,-1.1,office,19,0.71,1.36,0,5.431,0
2023-01-04 08:00:00,2.9,office,67,1.48,5.18,1,9.928,0
2023-01-04 09:00:00,5.0,office,47,1.26,4.15,1,8.413,0
2023-01-04 10:00:00,7.9,office,30,0.9,3.38,1,7.656,0
2023-01-04 11:00:00,6.0,office,78,1.64,5.34,0,9.101,0
2023-01-04 12:00:00,6.3,office,40,0.9,2.99,0,6.512,0
2023-01-04 13:00:00,7.3,office,74,1.79,4.69,0,8.631,0
2023-01-04 14:00:00,9.6,office,57,1.2,3.22,0,6.947,0
2023-01-04 15:00:00,8.5,office,51,1.15,4.05,0,6.685,0
2023-01-04 16:00:00,6.7,office,47,1.36,3.55,0,7.222,0
2023-01-04 17:00:00,7.5,office,39,0.94,4.29,1,8.267,0
2023-01-04 18:00:00,5.8,office,11,0.46,2.29,1,5.271,0
2023-01-04 19:00:00,5.9,office,15,0.77,2.6,1,5.444,0
2023-01-04 20:00:00,2.1,office,0,0.11,1.88,1,3.147,0
2023-01-04 21:00:00,1.4,office,0,0.19,0.45,0,2.905,0
2023-01-04 22:00:00,0.1,office,0,0.3,1.1,0,3.449,0
2023-01-04 23:00:00,-2.5,office,0,0.38,1.37,0,3.9,0
2023-01-05 00:00:00,-0.7,office,0,0.45,0.41,0,2.821,0
2023-01-05 01:00:00,-1.3,office,0,0.46,0.31,0,2.734,0
2023-01-05 02:00:00,-1.8,office,0,0.39,1.16,0,3.903,0
2023-01-05 03:00:00,-2.0,office,0,0.11,0.56,0,3.077,0
2023-01-05 04:00:00,-3.3,office,0,0.01,1.01,0,3.005,0
2023-01-05 05:00:00,-1.0,office,0,0.19,1.1,0,3.797,0
2023-01-05 06:00:00,0.1,office,0,0.07,0.62,0,3.697,0
2023-01-05 07:00:00,0.7,office,8,0.52,1.66,0,3.85,0
2023-01-05 08:00:00,2.9,office,35,1.03,3.66,1,6.383,0
2023-01-05 09:00:00,5.1,office,54,1.1,5.03,1,8.265,0
2023-01-05 10:00:00,8.5,office,36,1.14,3.99,1,7.754,0
2023-01-05 11:00:00,7.0,office,52,1.16,3.93,0,6.747,0
2023-01-05 12:00:00,7.9,office,52,1.26,2.83,0,7.202,0
2023-01-05 13:00:00,7.9,office,68,1.69,3.92,0,8.386,0
2023-01-05 14:00:00,5.3,office,46,1.13,2.62,0,5.312,0
2023-01-05 15:00:00,8.0,office,32,0.86,2.37,0,5.238,0
2023-01-05 16:00:00,7.6,office,76,1.55,5.16,0,9.04,0
2023-01-05 17:00:00,10.4,office,59,1.38,4.76,1,8.704,0
2023-01-05 18:00:00,5.4,office,8,0.54,2.7,1,6.285,0
2023-01-05 19:00:00,4.9,office,17,0.8,2.48,1,6.275,0
2023-01-05 20:00:00,3.1,office,0,0.21,1.64,1,4.159,0
2023-01-05 21:00:00,0.1,office,0,0.21,1.36,0,3.01,0
2023-01-05 22:00:00,2.4,office,0,0.35,0.75,0,3.446,0
2023-01-05 23:00:00,0.8,office,0,0.47,1.23,0,3.552,0
2023-01-06 00:00:00,-0.0,office,0,0.13,0.51,0,2.692,0
2023-01-06 01:00:00,-3.1,office,0,0.22,1.43,0,3.178,0
2023-01-06 02:00:00,0.2,office,0,0.4,0.95,0,3.645,0
2023-01-06 03:00:00,-3.8,office,0,0.3,1.19,0,3.412,0
2023-01-06 04:00:00,-0.3,office,0,0.06,0.32,0,3.86,0
2023-01-06 05:00:00,2.9,office,0,0.31,0.84,0,3.526,0
2023-01-06 06:00:00,-0.9,office,0,0.09,1.37,0,3.516,0
2023-01-06 07:00:00,1.0,office,7,0.4,1.69,0,4.06,0
2023-01-06 08:00:00,3.3,office,65,1.56,4.51,1,8.239,0
2023-01-06 09:00:00,3.7,office,48,1.4,3.99,1,8.488,0
2023-01-06 10:00:00,3.3,office,70,1.63,5.28,1,9.283,0
2023-01-06 11:00:00,6.8,office,69,1.52,3.87,0,7.596,0
2023-01-06 12:00:00,5.9,office,53,1.18,3.8,0,7.355,0
2023-01-06 13:00:00,8.7,office,66,1.76,3.74,0,7.035,0
2023-01-06 14:00:00,6.7,office,42,0.93,2.75,0,7.041,0
2023-01-06 15:00:00,10.3,office,75,1.71,4.81,0,9.423,0
2023-01-06 16:00:00,6.3,office,34,0.77,2.53,0,5.595,0
2023-01-06 17:00:00,6.2,office,32,1.03,3.76,1,7.296,0
2023-01-06 18:00:00,6.8,office,12,0.48,3.05,1,5.908,0
2023-01-06 19:00:00,2.6,office,14,0.46,2.05,1,4.801,0
2023-01-06 20:00:00,3.5,office,0,0.18,2.12,1,5.015,0
2023-01-06 21:00:00,3.8,office,0,0.43,0.5,0,2.442,0
2023-01-06 22:00:00,-1.8,office,0,0.28,0.74,0,4.424,0
2023-01-06 23:00:00,-0.1,office,0,0.36,0.24,0,1.847,0
2023-01-07 00:00:00,-0.8,office,0,0.45,0.38,0,2.583,0
2023-01-07 01:00:00,-0.6,office,0,0.45,0.62,0,2.46,0
2023-01-07 02:00:00,-3.8,office,0,0.16,0.64,0,3.002,0
2023-01-07 03:00:00,-3.7,office,0,0.48,1.37,0,5.163,0
2023-01-07 04:00:00,-0.5,office,0,0.01,1.16,0,3.685,0
2023-01-07 05:00:00,0.0,office,0,0.19,1.46,0,3.608,0
2023-01-07 06:00:00,1.0,office,0,0.45,0.98,0,4.265,0
2023-01-07 07:00:00,2.3,office,0,0.14,0.51,0,3.482,0
2023-01-07 08:00:00,2.1,office,0,0.14,1.63,1,5.132,0
2023-01-07 09:00:00,4.7,office,0,0.15,1.62,1,5.169,0
2023-01-07 10:00:00,6.0,office,0,0.31,1.62,1,5.009,0
2023-01-07 11:00:00,5.6,office,0,0.22,1.07,0,3.775,0
2023-01-07 12:00:00,10.2,office,0,0.36,0.89,0,2.777,0
2023-01-07 13:00:00,8.6,office,0,0.45,0.7,0,2.986,0
2023-01-07 14:00:00,6.3,office,0,0.34,0.39,0,3.158,0
2023-01-07 15:00:00,8.9,office,0,0.1,0.23,0,3.289,0
2023-01-07 16:00:00,6.0,office,0,0.47,0.48,0,3.29,0
2023-01-07 17:00:00,7.8,office,0,0.13,1.34,1,4.898,0
2023-01-07 18:00:00,7.3,office,0,0.07,2.22,1,4.609,0
2023-01-07 19:00:00,3.2,office,0,0.04,1.35,1,3.9,0
2023-01-07 20:00:00,4.5,office,0,0.28,2.14,1,5.688,0
2023-01-07 21:00:00,2.4,office,0,0.06,0.7,0,2.925,0
2023-01-07 22:00:00,1.8,office,0,0.07,0.3,0,2.789,0
2023-01-07 23:00:00,2.4,office,0,0.15,1.26,0,3.018,0
2023-01-08 00:00:00,-1.6,office,0,0.14,0.95,0,3.281,0
2023-01-08 01:00:00,-2.9,office,0,0.3,0.51,0,3.754,0
2023-01-08 02:00:00,-3.3,office,0,0.41,1.36,0,3.245,0
2023-01-08 03:00:00,-3.0,office,0,0.38,0.26,0,3.066,0
2023-01-08 04:00:00,-1.4,office,0,0.13,0.46,0,3.375,0
2023-01-08 05:00:00,0.0,office,0,0.12,1.18,0,3.462,0
2023-01-08 06:00:00,1.0,office,0,0.48,1.12,0,4.16,0
2023-01-08 07:00:00,3.0,office,0,0.0,0.58,0,3.407,0
2023-01-08 08:00:00,3.1,office,0,0.44,1.28,1,4.606,0
2023-01-08 09:00:00,6.5,office,0,0.1,2.32,1,5.027,0
2023-01-08 10:00:00,5.2,office,0,0.47,1.61,1,5.524,0
2023-01-08 11:00:00,10.7,office,0,0.17,0.45,0,3.506,0
2023-01-08 12:00:00,8.3,office,0,0.22,0.87,0,4.113,0
2023-01-08 13:00:00,6.6,office,0,0.35,1.38,0,4.69,0
2023-01-08 14:00:00,6.5,office,0,0.29,0.26,0,3.008,0
2023-01-08 15:00:00,8.6,office,0,0.16,1.2,0,3.169,0
2023-01-08 16:00:00,7.1,office,0,0.28,0.94,0,2.987,0
2023-01-08 17:00:00,7.7,office,0,0.37,1.75,1,5.258,0
2023-01-08 18:00:00,6.3,office,0,0.02,2.17,1,4.704,0
2023-01-08 19:00:00,4.3,office,0,0.01,2.46,1,5.729,0
2023-01-08 20:00:00,1.8,office,0,0.23,1.5,1,4.79,0
2023-01-08 21:00:00,-0.5,office,0,0.07,0.39,0,2.807,0
2023-01-08 22:00:00,-0.1,office,0,0.33,1.39,0,3.253,0
2023-01-08 23:00:00,0.8,office,0,0.11,1.07,0,3.559,0
2023-01-09 00:00:00,-1.0,office,0,0.22,0.77,0,3.587,0
2023-01-09 01:00:00,-3.7,office,0,0.1,0.95,0,4.079,0
2023-01-09 02:00:00,-1.7,office,0,0.27,1.17,0,3.809,0
2023-01-09 03:00:00,-1.2,office,0,0.14,2.49,0,18.266,1
2023-01-09 04:00:00,-2.6,office,0,0.01,1.4,0,3.664,0
2023-01-09 05:00:00,-0.3,office,0,0.03,0.75,0,3.119,0
2023-01-09 06:00:00,0.6,office,0,0.48,0.58,0,3.492,0
2023-01-09 07:00:00,0.0,office,7,0.21,1.38,0,4.467,0
2023-01-09 08:00:00,3.6,office,44,1.23,3.94,1,7.303,0
2023-01-09 09:00:00,5.2,office,36,0.75,3.77,1,6.775,0
2023-01-09 10:00:00,7.2,office,54,1.13,4.45,1,8.797,0
2023-01-09 11:00:00,8.2,office,47,1.19,2.75,0,5.604,0
2023-01-09 12:00:00,5.3,office,59,1.41,3.76,0,7.162,0
2023-01-09 13:00:00,6.5,office,70,1.88,4.6,0,8.472,0
2023-01-09 14:00:00,8.8,office,53,1.53,3.89,0,7.823,0
2023-01-09 15:00:00,8.6,office,40,1.19,2.84,0,5.696,0
2023-01-09 16:00:00,8.1,office,53,1.36,3.06,0,6.079,0
2023-01-09 17:00:00,12.4,office,52,1.27,4.34,1,8.234,0
2023-01-09 18:00:00,6.4,office,11,0.4,2.77,1,5.835,0
2023-01-09 19:00:00,6.0,office,13,0.73,2.39,1,4.744,0
2023-01-09 20:00:00,4.5,office,0,0.3,2.11,1,5.047,0
2023-01-09 21:00:00,2.7,office,0,0.29,0.86,0,3.263,0
2023-01-09 22:00:00,0.1,office,0,0.12,0.51,0,2.875,0
2023-01-09 23:00:00,0.6,office,0,0.02,1.23,0,3.989,0
2023-01-10 00:00:00,-2.5,office,0,0.47,0.31,0,3.313,0
2023-01-10 01:00:00,-2.2,office,0,0.16,0.88,0,2.653,0
2023-01-10 02:00:00,-2.7,office,0,0.22,0.47,0,3.607,0
2023-01-10 03:00:00,-1.7,office,0,0.06,0.29,0,2.414,0
2023-01-10 04:00:00,2.2,office,0,0.42,0.85,0,2.733,0
2023-01-10 05:00:00,-3.3,office,0,0.01,0.85,0,3.378,0
2023-01-10 06:00:00,1.6,office,0,0.42,1.12,0,3.781,0
2023-01-10 07:00:00,-0.7,office,7,0.21,1.52,0,3.668,0
2023-01-10 08:00:00,2.3,office,68,1.8,5.55,1,9.873,0
2023-01-10 09:00:00,6.0,office,70,1.76,5.23,1,9.446,0
2023-01-10 10:00:00,5.6,office,40,0.88,4.02,1,7.411,0
2023-01-10 11:00:00,4.9,office,64,1.56,4.15,0,8.249,0
2023-01-10 12:00:00,6.3,office,76,1.68,4.55,0,8.849,0
2023-01-10 13:00:00,8.9,office,45,0.99,3.23,0,6.223,0
2023-01-10 14:00:00,6.9,office,40,1.23,3.43,0,6.437,0
2023-01-10 15:00:00,8.2,office,59,1.38,3.4,0,6.615,0
2023-01-10 16:00:00,7.4,office,54,1.28,4.08,0,7.718,0
2023-01-10 17:00:00,5.6,office,47,1.02,3.62,1,7.055,0
2023-01-10 18:00:00,8.7,office,12,0.43,2.2,1,5.396,0
2023-01-10 19:00:00,5.3,office,15,0.74,2.32,1,5.927,0
2023-01-10 20:00:00,-0.0,office,0,0.18,2.01,1,4.872,0
2023-01-10 21:00:00,2.0,office,0,0.48,0.37,0,3.599,0
2023-01-10 22:00:00,-0.5,office,0,0.47,1.35,0,3.936,0
2023-01-10 23:00:00,0.8,office,0,0.07,1.28,0,4.465,0
2023-01-11 00:00:00,-2.5,office,0,0.09,1.05,0,3.794,0
2023-01-11 01:00:00,-2.0,office,0,0.43,0.8,0,4.235,0
2023-01-11 02:00:00,-1.2,office,0,0.2,1.41,0,4.446,0
2023-01-11 03:00:00,-0.5,office,0,0.0,1.28,0,3.865,0
2023-01-11 04:00:00,-3.1,office,0,0.14,0.85,0,3.584,0
2023-01-11 05:00:00,-1.0,office,0,0.3,1.11,0,3.132,0
2023-01-11 06:00:00,-0.2,office,0,0.4,0.94,0,3.961,0
2023-01-11 07:00:00,0.7,office,6,0.19,1.26,0,3.918,0
2023-01-11 08:00:00,5.7,office,44,0.94,3.83,1,8.024,0
2023-01-11 09:00:00,4.9,office,32,1.1,3.4,1,7.021,0
2023-01-11 10:00:00,3.6,office,50,1.38,3.8,1,7.555,0
2023-01-11 11:00:00,7.9,office,55,1.39,3.41,0,7.288,0
2023-01-11 12:00:00,10.5,office,47,1.32,3.45,0,6.948,0
2023-01-11 13:00:00,9.4,office,34,0.89,3.14,0,6.685,0
2023-01-11 14:00:00,5.7,office,43,1.24,3.6,0,7.855,0
2023-01-11 15:00:00,7.1,office,66,1.51,4.22,0,8.555,0
2023-01-11 16:00:00,9.2,office,75,1.62,4.74,0,8.871,0
2023-01-11 17:00:00,5.5,office,50,1.36,3.94,1,7.509,0
2023-01-11 18:00:00,6.2,office,11,0.43,2.65,1,6.454,0
2023-01-11 19:00:00,5.5,office,20,0.89,2.29,1,5.458,0
2023-01-11 20:00:00,1.6,office,0,0.42,2.57,1,19.495,1
2023-01-11 21:00:00,1.6,office,0,0.76,2.55,0,13.154,1
2023-01-11 22:00:00,-4.3,office,0,0.47,0.6,0,3.294,0
2023-01-11 23:00:00,-2.1,office,0,0.12,0.26,0,3.519,0
2023-01-12 00:00:00,-1.7,office,0,0.4,1.28,0,4.538,0
2023-01-12 01:00:00,-3.7,office,0,0.22,0.6,0,3.244,0
2023-01-12 02:00:00,0.5,office,0,0.46,0.28,0,4.028,0
2023-01-12 03:00:00,-4.0,office,0,0.23,0.3,0,2.809,0
2023-01-12 04:00:00,-2.0,office,0,0.37,0.53,0,2.674,0
2023-01-12 05:00:00,-0.3,office,0,0.23,0.43,0,3.388,0
2023-01-12 06:00:00,2.7,office,0,0.11,1.21,0,3.051,0
2023-01-12 07:00:00,-0.4,office,17,0.44,1.47,0,4.455,0
2023-01-12 08:00:00,4.7,office,71,1.63,5.8,1,9.139,0
2023-01-12 09:00:00,4.3,office,59,1.56,4.38,1,8.945,0
2023-01-12 10:00:00,4.0,office,39,1.08,3.79,1,7.03,0
2023-01-12 11:00:00,7.2,office,46,1.26,3.39,0,6.576,0
2023-01-12 12:00:00,7.6,office,38,0.9,2.95,0,6.119,0
2023-01-12 13:00:00,6.9,office,45,1.14,3.23,0,6.707,0
2023-01-12 14:00:00,8.1,office,77,1.56,5.25,0,9.231,0
2023-01-12 15:00:00,7.3,office,65,1.71,3.75,0,7.68,0
2023-01-12 16:00:00,7.5,office,64,1.77,4.04,0,8.162,0
2023-01-12 17:00:00,7.5,office,46,1.12,4.65,1,8.65,0
2023-01-12 18:00:00,7.9,office,18,0.37,2.2,1,5.245,0
2023-01-12 19:00:00,2.4,office,17,0.87,4.11,1,15.907,1
2023-01-12 20:00:00,6.2,office,0,0.33,1.5,1,4.103,0
2023-01-12 21:00:00,-1.2,office,0,0.31,1.02,0,4.205,0
2023-01-12 22:00:00,0.3,office,0,0.39,0.54,0,2.466,0
2023-01-12 23:00:00,0.4,office,0,0.13,0.45,0,2.053,0
2023-01-13 00:00:00,-0.9,office,0,0.38,0.8,0,3.015,0
2023-01-13 01:00:00,-2.8,office,0,0.34,1.0,0,3.087,0
2023-01-13 02:00:00,-2.3,office,0,0.16,0.52,0,2.577,0
2023-01-13 03:00:00,-2.6,office,0,0.27,0.59,0,3.328,0
2023-01-13 04:00:00,-2.2,office,0,0.07,1.0,0,3.737,0
2023-01-13 05:00:00,0.7,office,0,0.23,1.43,0,3.904,0
2023-01-13 06:00:00,1.0,office,0,0.44,1.08,0,3.986,0
2023-01-13 07:00:00,0.7,office,16,0.53,2.02,0,5.173,0
2023-01-13 08:00:00,4.3,office,44,1.3,3.88,1,8.721,0
2023-01-13 09:00:00,4.8,office,38,1.06,3.45,1,7.606,0
2023-01-13 10:00:00,6.7,office,62,1.34,4.89,1,9.235,0
2023-01-13 11:00:00,7.5,office,61,1.51,4.3,0,7.518,0
2023-01-13 12:00:00,6.1,office,35,0.95,2.54,0,6.266,0
2023-01-13 13:00:00,7.0,office,78,1.76,5.2,0,8.516,0
2023-01-13 14:00:00,9.1,office,33,0.72,3.14,0,5.968,0
2023-01-13 15:00:00,8.7,office,37,0.95,2.14,0,4.56,0
2023-01-13 16:00:00,7.3,office,39,0.82,2.21,0,5.351,0
2023-01-13 17:00:00,6.7,office,70,1.45,4.89,1,8.242,0
2023-01-13 18:00:00,7.4,office,10,0.41,2.2,1,5.066,0
2023-01-13 19:00:00,3.4,office,18,0.51,2.27,1,5.479,0
2023-01-13 20:00:00,3.8,office,0,0.46,2.33,1,5.055,0
2023-01-13 21:00:00,1.4,office,0,0.19,0.23,0,1.856,0
2023-01-13 22:00:00,0.2,office,0,0.38,0.61,0,3.191,0
2023-01-13 23:00:00,1.1,office,0,0.27,0.44,0,2.364,0
2023-01-14 00:00:00,-0.1,office,0,0.35,1.41,0,3.35,0
2023-01-14 01:00:00,-0.6,office,0,0.13,1.07,0,3.21,0
2023-01-14 02:00:00,-0.0,office,0,0.47,1.39,0,4.16,0
2023-01-14 03:00:00,-1.8,office,0,0.27,1.46,0,4.65,0
2023-01-14 04:00:00,-0.3,office,0,0.42,0.85,0,3.48,0
2023-01-14 05:00:00,-1.0,office,0,0.18,0.5,0,3.423,0
2023-01-14 06:00:00,1.0,office,0,0.05,0.45,0,2.335,0
2023-01-14 07:00:00,1.5,office,0,0.34,0.49,0,2.54,0
2023-01-14 08:00:00,3.1,office,0,0.0,2.12,1,4.472,0
2023-01-14 09:00:00,5.2,office,0,0.24,1.25,1,4.767,0
2023-01-14 10:00:00,4.3,office,0,0.1,1.27,1,3.948,0
2023-01-14 11:00:00,9.7,office,0,0.31,0.99,0,3.295,0
2023-01-14 12:00:00,5.8,office,0,0.49,1.03,0,3.936,0
2023-01-14 13:00:00,6.0,office,0,0.23,1.06,0,4.12,0
2023-01-14 14:00:00,9.7,office,0,0.41,0.68,0,3.54,0
2023-01-14 15:00:00,9.0,office,0,0.25,1.25,0,2.932,0
2023-01-14 16:00:00,8.3,office,0,0.25,0.89,0,3.641,0
2023-01-14 17:00:00,7.5,office,0,0.47,1.34,1,4.252,0
2023-01-14 18:00:00,5.5,office,0,0.44,2.24,1,4.492,0
2023-01-14 19:00:00,2.9,office,0,0.39,2.44,1,4.737,0
2023-01-14 20:00:00,3.1,office,0,0.15,1.28,1,4.889,0
2023-01-14 21:00:00,0.7,office,0,0.27,0.71,0,2.981,0
2023-01-14 22:00:00,2.0,office,0,0.11,0.83,0,3.694,0
2023-01-14 23:00:00,-0.8,office,0,0.22,0.39,0,3.932,0
2023-01-15 00:00:00,-2.6,office,0,0.24,1.33,0,3.838,0
2023-01-15 01:00:00,-2.3,office,0,0.42,0.57,0,3.451,0
2023-01-15 02:00:00,-1.4,office,0,0.45,1.22,0,3.96,0
2023-01-15 03:00:00,-2.7,office,0,0.21,1.07,0,4.055,0
2023-01-15 04:00:00,-2.6,office,0,0.01,0.98,0,2.284,0
2023-01-15 05:00:00,-0.2,office,0,0.43,0.45,0,3.826,0
2023-01-15 06:00:00,0.9,office,0,0.09,0.49,0,2.182,0
2023-01-15 07:00:00,1.0,office,0,0.31,0.26,0,3.007,0
2023-01-15 08:00:00,2.3,office,0,0.01,1.51,1,4.463,0
2023-01-15 09:00:00,4.6,office,0,0.2,1.65,1,5.094,0
2023-01-15 10:00:00,3.3,office,0,0.49,2.28,1,4.622,0
2023-01-15 11:00:00,4.4,office,0,0.05,0.68,0,2.831,0
2023-01-15 12:00:00,6.3,office,0,0.21,1.18,0,3.214,0
2023-01-15 13:00:00,7.5,office,0,0.15,0.77,0,3.578,0
2023-01-15 14:00:00,8.5,office,0,0.45,1.22,0,4.043,0
2023-01-15 15:00:00,10.0,office,0,0.43,1.47,0,4.913,0
2023-01-15 16:00:00,8.6,office,0,0.12,0.51,0,2.563,0
2023-01-15 17:00:00,6.3,office,0,0.04,2.32,1,4.662,0
2023-01-15 18:00:00,5.5,office,0,0.31,2.01,1,4.573,0
2023-01-15 19:00:00,2.8,office,0,0.17,2.26,1,4.136,0
2023-01-15 20:00:00,3.0,office,0,0.34,2.05,1,5.548,0
2023-01-15 21:00:00,1.3,office,0,0.02,0.75,0,3.406,0
2023-01-15 22:00:00,1.0,office,0,0.07,0.5,0,4.264,0
2023-01-15 23:00:00,-1.8,office,0,0.34,0.29,0,2.879,0
2023-01-16 00:00:00,-0.5,office,0,0.11,0.9,0,3.013,0
2023-01-16 01:00:00,0.5,office,0,0.43,1.49,0,4.111,0
2023-01-16 02:00:00,-2.1,office,0,0.03,1.16,0,3.583,0
2023-01-16 03:00:00,-1.2,office,0,0.11,0.63,0,3.55,0
2023-01-16 04:00:00,-0.3,office,0,0.5,1.28,0,2.913,0
2023-01-16 05:00:00,-1.1,office,0,0.22,1.2,0,2.841,0
2023-01-16 06:00:00,0.9,office,0,0.35,0.57,0,3.671,0
2023-01-16 07:00:00,1.7,office,7,0.23,0.57,0,3.21,0
2023-01-16 08:00:00,3.2,office,54,1.38,4.05,1,7.919,0
2023-01-16 09:00:00,3.1,office,54,1.44,5.04,1,9.091,0
2023-01-16 10:00:00,5.6,office,68,1.52,5.69,1,9.539,0
2023-01-16 11:00:00,7.3,office,59,1.59,3.53,0,8.338,0
2023-01-16 12:00:00,9.5,office,63,1.56,3.72,0,6.549,0
2023-01-16 13:00:00,9.3,office,46,1.11,3.53,0,6.373,0
2023-01-16 14:00:00,11.2,office,65,1.58,4.67,0,8.662,0
2023-01-16 15:00:00,6.7,office,30,0.89,2.71,0,5.886,0
2023-01-16 16:00:00,8.7,office,73,1.54,4.64,0,8.319,0
2023-01-16 17:00:00,6.8,office,76,1.72,5.32,1,10.304,0
2023-01-16 18:00:00,8.8,office,8,0.33,2.28,1,5.775,0
2023-01-16 19:00:00,3.1,office,13,0.46,2.15,1,5.721,0
2023-01-16 20:00:00,1.8,office,0,0.38,2.25,1,5.563,0
2023-01-16 21:00:00,0.8,office,0,0.57,1.24,0,8.7,1
2023-01-16 22:00:00,-2.7,office,0,0.47,1.28,0,4.829,0
2023-01-16 23:00:00,-1.3,office,0,0.15,0.7,0,3.393,0
2023-01-17 00:00:00,-2.4,office,0,0.21,1.27,0,3.041,0
2023-01-17 01:00:00,-1.6,office,0,0.39,0.63,0,3.324,0
2023-01-17 02:00:00,-1.5,office,0,0.27,0.77,0,3.284,0
2023-01-17 03:00:00,1.0,office,0,0.27,1.0,0,2.989,0
2023-01-17 04:00:00,0.1,office,0,0.03,0.29,0,2.915,0
2023-01-17 05:00:00,-1.4,office,0,0.2,1.43,0,4.546,0
2023-01-17 06:00:00,-0.8,office,0,0.33,2.34,0,9.959,1
2023-01-17 07:00:00,2.5,office,15,0.8,1.61,0,4.715,0
2023-01-17 08:00:00,1.0,office,37,0.89,4.14,1,8.09,0
2023-01-17 09:00:00,7.1,office,48,1.4,4.73,1,8.903,0
2023-01-17 10:00:00,7.3,office,57,1.48,4.73,1,8.924,0
2023-01-17 11:00:00,5.9,office,40,0.97,3.41,0,7.456,0
2023-01-17 12:00:00,4.8,office,59,1.45,3.23,0,7.066,0
2023-01-17 13:00:00,9.9,office,30,1.02,1.85,0,4.717,0
2023-01-17 14:00:00,7.9,office,76,1.96,4.78,0,9.533,0
2023-01-17 15:00:00,9.7,office,76,1.6,4.46,0,8.485,0
2023-01-17 16:00:00,5.0,office,46,1.09,3.1,0,6.604,0
2023-01-17 17:00:00,5.7,office,62,1.41,4.73,1,8.758,0
2023-01-17 18:00:00,5.5,office,10,0.22,2.23,1,5.055,0
2023-01-17 19:00:00,4.4,office,8,1.3,4.88,1,25.435,1
2023-01-17 20:00:00,2.4,office,0,0.43,1.97,1,4.63,0
2023-01-17 21:00:00,2.7,office,0,0.19,1.5,0,4.102,0
2023-01-17 22:00:00,-1.1,office,0,0.37,1.22,0,4.101,0
2023-01-17 23:00:00,-0.7,office,0,0.31,0.56,0,3.086,0
2023-01-18 00:00:00,-1.1,office,0,0.19,0.54,0,2.928,0
2023-01-18 01:00:00,-1.0,office,0,0.07,0.64,0,2.426,0
2023-01-18 02:00:00,-0.9,office,0,0.35,1.3,0,3.808,0
2023-01-18 03:00:00,-3.5,office,0,0.43,0.24,0,3.123,0
2023-01-18 04:00:00,-3.6,office,0,0.34,0.5,0,3.752,0
2023-01-18 05:00:00,1.4,office,0,0.01,1.38,0,4.548,0
2023-01-18 06:00:00,1.0,office,0,0.2,1.99,0,14.909,1
2023-01-18 07:00:00,0.6,office,14,0.31,1.19,0,4.682,0
2023-01-18 08:00:00,5.4,office,70,1.69,4.98,1,8.355,0
2023-01-18 09:00:00,4.5,office,62,1.62,5.42,1,9.236,0
2023-01-18 10:00:00,7.3,office,68,1.42,5.76,1,9.611,0
2023-01-18 11:00:00,6.7,office,42,1.26,2.63,0,5.428,0
2023-01-18 12:00:00,10.5,office,39,1.06,2.7,0,6.037,0
2023-01-18 13:00:00,10.5,office,53,1.4,3.93,0,6.857,0
2023-01-18 14:00:00,7.7,office,78,2.05,5.1,0,8.765,0
2023-01-18 15:00:00,9.3,office,40,1.28,7.28,0,20.426,1
2023-01-18 16:00:00,8.3,office,64,1.73,4.07,0,8.479,0
2023-01-18 17:00:00,8.6,office,79,1.64,6.34,1,11.894,0
2023-01-18 18:00:00,4.1,office,5,0.3,1.87,1,5.816,0
2023-01-18 19:00:00,5.4,office,15,0.73,2.15,1,4.961,0
2023-01-18 20:00:00,4.6,office,0,0.45,2.12,1,5.429,0
2023-01-18 21:00:00,-0.9,office,0,0.25,0.9,0,2.565,0
2023-01-18 22:00:00,-1.2,office,0,0.3,1.31,0,3.527,0
2023-01-18 23:00:00,-3.5,office,0,0.35,0.31,0,3.076,0
2023-01-19 00:00:00,-1.7,office,0,0.42,1.3,0,3.773,0
2023-01-19 01:00:00,-0.7,office,0,0.06,0.58,0,2.473,0
2023-01-19 02:00:00,0.3,office,0,0.41,1.05,0,3.718,0
2023-01-19 03:00:00,-1.7,office,0,0.24,0.25,0,2.363,0
2023-01-19 04:00:00,1.2,office,0,0.23,0.99,0,3.292,0
2023-01-19 05:00:00,-2.5,office,0,0.21,1.13,0,3.83,0
2023-01-19 06:00:00,-2.0,office,0,0.25,0.68,0,2.877,0
2023-01-19 07:00:00,1.7,office,20,0.87,1.48,0,5.673,0
2023-01-19 08:00:00,3.6,office,31,0.89,3.45,1,6.63,0
2023-01-19 09:00:00,4.3,office,37,1.22,4.13,1,8.811,0
2023-01-19 10:00:00,2.5,office,53,1.15,4.27,1,8.708,0
2023-01-19 11:00:00,6.5,office,49,1.34,2.98,0,6.609,0
2023-01-19 12:00:00,5.4,office,45,1.31,2.81,0,6.259,0
2023-01-19 13:00:00,8.9,office,33,1.0,3.08,0,5.723,0
2023-01-19 14:00:00,8.6,office,45,1.2,2.92,0,6.815,0
2023-01-19 15:00:00,6.5,office,66,1.6,3.5,0,6.609,0
2023-01-19 16:00:00,6.6,office,35,1.13,2.97,0,5.965,0
2023-01-19 17:00:00,5.0,office,35,1.11,3.86,1,7.5,0
2023-01-19 18:00:00,5.5,office,20,0.46,2.37,1,6.271,0
2023-01-19 19:00:00,5.8,office,7,0.56,2.83,1,6.281,0
2023-01-19 20:00:00,1.6,office,0,0.21,1.99,1,5.495,0
2023-01-19 21:00:00,2.5,office,0,0.13,0.85,0,3.028,0
2023-01-19 22:00:00,-0.2,office,0,0.83,1.19,0,18.737,1
2023-01-19 23:00:00,-1.7,office,0,0.22,1.37,0,3.57,0
2023-01-20 00:00:00,-1.4,office,0,0.4,0.52,0,2.388,0
2023-01-20 01:00:00,-3.3,office,0,0.13,0.57,0,2.702,0
2023-01-20 02:00:00,-2.7,office,0,0.0,0.36,0,3.517,0
2023-01-20 03:00:00,-3.5,office,0,0.25,1.19,0,2.713,0
2023-01-20 04:00:00,1.7,office,0,0.05,0.97,0,3.224,0
2023-01-20 05:00:00,-0.4,office,0,0.38,0.99,0,3.563,0
2023-01-20 06:00:00,-0.5,office,0,0.14,0.48,0,3.564,0
2023-01-20 07:00:00,2.1,office,9,0.4,1.5,0,4.81,0
2023-01-20 08:00:00,2.9,office,38,0.8,4.1,1,7.367,0
2023-01-20 09:00:00,4.1,office,72,1.58,5.27,1,9.914,0
2023-01-20 10:00:00,6.5,office,60,1.59,5.24,1,9.274,0
2023-01-20 11:00:00,7.8,office,65,1.38,3.9,0,7.215,0
2023-01-20 12:00:00,6.6,office,40,1.12,3.19,0,7.433,0
2023-01-20 13:00:00,7.1,office,46,1.38,2.54,0,6.313,0
2023-01-20 14:00:00,7.7,office,63,1.6,4.07,0,7.732,0
2023-01-20 15:00:00,4.5,office,68,1.77,4.86,0,9.284,0
2023-01-20 16:00:00,5.2,office,57,1.19,4.33,0,7.632,0
2023-01-20 17:00:00,8.7,office,43,0.99,3.72,1,7.248,0
2023-01-20 18:00:00,8.1,office,11,0.67,2.32,1,6.801,0
2023-01-20 19:00:00,4.0,office,14,0.64,1.98,1,5.072,0
2023-01-20 20:00:00,4.0,office,0,0.67,4.24,1,16.032,1
2023-01-20 21:00:00,2.3,office,0,0.33,0.94,0,3.449,0
2023-01-20 22:00:00,5.2,office,0,0.21,0.7,0,2.824,0
2023-01-20 23:00:00,1.2,office,0,0.02,0.35,0,2.894,0
2023-01-21 00:00:00,-1.4,office,0,0.39,1.43,0,3.674,0
2023-01-21 01:00:00,-3.1,office,0,0.34,0.89,0,2.77,0
2023-01-21 02:00:00,-4.3,office,0,0.24,0.57,0,2.919,0
2023-01-21 03:00:00,-1.4,office,0,0.45,0.66,0,3.443,0
2023-01-21 04:00:00,-2.3,office,0,0.17,0.55,0,2.39,0
2023-01-21 05:00:00,-2.5,office,0,0.15,0.98,0,2.93,0
2023-01-21 06:00:00,-0.3,office,0,0.44,1.41,0,4.103,0
2023-01-21 07:00:00,0.2,office,0,0.4,1.31,0,3.739,0
2023-01-21 08:00:00,5.7,office,0,0.26,1.8,1,5.11,0
2023-01-21 09:00:00,5.7,office,0,0.07,2.27,1,5.276,0
2023-01-21 10:00:00,5.6,office,0,0.11,1.75,1,4.309,0
2023-01-21 11:00:00,8.9,office,0,0.33,0.53,0,3.039,0
2023-01-21 12:00:00,7.6,office,0,0.19,1.48,0,4.056,0
2023-01-21 13:00:00,6.7,office,0,0.42,0.6,0,2.377,0
2023-01-21 14:00:00,10.4,office,0,0.47,0.62,0,3.374,0
2023-01-21 15:00:00,8.8,office,0,0.4,1.49,0,4.657,0
2023-01-21 16:00:00,5.9,office,0,0.19,0.37,0,2.07,0
2023-01-21 17:00:00,6.4,office,0,0.39,2.19,1,5.919,0
2023-01-21 18:00:00,4.3,office,0,0.18,2.42,1,4.417,0
2023-01-21 19:00:00,2.3,office,0,0.08,1.87,1,3.961,0
2023-01-21 20:00:00,4.5,office,0,0.02,1.2,1,3.365,0
2023-01-21 21:00:00,4.7,office,0,0.19,0.69,0,2.553,0
2023-01-21 22:00:00,-1.5,office,0,0.45,0.35,0,3.952,0
2023-01-21 23:00:00,0.4,office,0,0.12,0.74,0,4.038,0
2023-01-22 00:00:00,-2.1,office,0,0.1,1.23,0,3.908,0
2023-01-22 01:00:00,-2.4,office,0,0.48,0.77,0,3.917,0
2023-01-22 02:00:00,-2.7,office,0,0.01,0.76,0,3.563,0
2023-01-22 03:00:00,-3.0,office,0,0.39,0.92,0,3.723,0
2023-01-22 04:00:00,-1.1,office,0,0.16,0.96,0,3.779,0
2023-01-22 05:00:00,-1.6,office,0,0.02,1.31,0,2.626,0
2023-01-22 06:00:00,1.1,office,0,0.46,0.6,0,2.796,0
2023-01-22 07:00:00,1.8,office,0,0.07,1.27,0,3.68,0
2023-01-22 08:00:00,2.8,office,0,0.28,1.94,1,4.604,0
2023-01-22 09:00:00,3.1,office,0,0.14,1.59,1,4.913,0
2023-01-22 10:00:00,4.8,office,0,0.03,1.58,1,4.457,0
2023-01-22 11:00:00,7.8,office,0,0.02,0.67,0,3.107,0
2023-01-22 12:00:00,8.2,office,0,0.06,1.01,0,3.826,0
2023-01-22 13:00:00,6.5,office,0,0.04,0.5,0,3.347,0
2023-01-22 14:00:00,8.3,office,0,0.38,1.4,0,3.81,0
2023-01-22 15:00:00,9.1,office,0,0.24,0.95,0,4.303,0
2023-01-22 16:00:00,5.0,office,0,0.17,1.4,0,3.761,0
2023-01-22 17:00:00,7.5,office,0,0.21,1.26,1,4.308,0
2023-01-22 18:00:00,4.7,office,0,0.46,1.65,1,5.756,0
2023-01-22 19:00:00,5.3,office,0,0.46,1.23,1,4.374,0
2023-01-22 20:00:00,2.0,office,0,0.36,1.55,1,4.851,0
2023-01-22 21:00:00,-0.8,office,0,0.44,1.32,0,3.334,0
2023-01-22 22:00:00,-1.8,office,0,0.16,0.25,0,1.968,0
2023-01-22 23:00:00,-0.3,office,0,0.33,1.2,0,9.557,1
2023-01-23 00:00:00,-0.7,office,0,0.31,0.35,0,2.589,0
2023-01-23 01:00:00,-3.0,office,0,0.31,0.74,0,4.156,0
2023-01-23 02:00:00,-0.8,office,0,0.24,1.29,0,3.683,0
2023-01-23 03:00:00,-4.1,office,0,0.2,1.01,0,3.118,0
2023-01-23 04:00:00,-1.2,office,0,0.49,1.16,0,4.413,0
2023-01-23 05:00:00,-2.2,office,0,0.41,0.65,0,3.883,0
2023-01-23 06:00:00,-0.3,office,0,0.22,1.43,0,3.91,0
2023-01-23 07:00:00,2.0,office,17,0.7,1.97,0,5.348,0
2023-01-23 08:00:00,1.9,office,72,1.57,5.35,1,9.32,0
2023-01-23 09:00:00,3.9,office,71,1.47,5.3,1,9.357,0
2023-01-23 10:00:00,7.2,office,53,1.24,5.04,1,8.601,0
2023-01-23 11:00:00,5.9,office,58,1.36,3.85,0,7.868,0
2023-01-23 12:00:00,8.8,office,63,1.27,4.27,0,7.281,0
2023-01-23 13:00:00,6.3,office,58,1.57,3.64,0,7.693,0
2023-01-23 14:00:00,9.0,office,37,0.92,2.34,0,5.04,0
2023-01-23 15:00:00,10.2,office,45,1.19,3.39,0,6.809,0
2023-01-23 16:00:00,3.8,office,44,0.92,3.19,0,6.742,0
2023-01-23 17:00:00,5.5,office,34,0.77,3.55,1,7.17,0
2023-01-23 18:00:00,6.6,office,15,0.74,2.76,1,5.357,0
2023-01-23 19:00:00,4.2,office,5,0.4,1.72,1,4.733,0
2023-01-23 20:00:00,3.8,office,0,0.48,2.23,1,4.675,0
2023-01-23 21:00:00,1.0,office,0,0.5,1.43,0,3.553,0
2023-01-23 22:00:00,0.8,office,0,0.19,1.36,0,4.053,0
2023-01-23 23:00:00,-0.6,office,0,0.15,0.62,0,1.911,0
2023-01-24 00:00:00,0.7,office,0,0.43,0.73,0,2.957,0
2023-01-24 01:00:00,-1.2,office,0,0.5,1.25,0,4.245,0
2023-01-24 02:00:00,-1.2,office,0,0.31,0.97,0,3.575,0
2023-01-24 03:00:00,-2.2,office,0,0.4,0.91,0,2.814,0
2023-01-24 04:00:00,-1.8,office,0,0.39,1.4,0,3.205,0
2023-01-24 05:00:00,-0.9,office,0,0.18,0.9,0,3.268,0
2023-01-24 06:00:00,1.3,office,0,0.29,0.87,0,3.463,0
2023-01-24 07:00:00,1.3,office,12,0.66,0.85,0,4.284,0
2023-01-24 08:00:00,3.7,office,67,1.68,4.64,1,9.327,0
2023-01-24 09:00:00,7.7,office,44,0.89,3.41,1,6.703,0
2023-01-24 10:00:00,7.1,office,30,0.77,3.89,1,7.735,0
2023-01-24 11:00:00,6.3,office,34,0.75,2.43,0,5.364,0
2023-01-24 12:00:00,9.4,office,75,1.62,4.56,0,8.709,0
2023-01-24 13:00:00,7.5,office,70,1.85,4.8,0,9.399,0
2023-01-24 14:00:00,5.2,office,33,0.68,2.64,0,6.004,0
2023-01-24 15:00:00,6.6,office,44,0.99,3.19,0,6.189,0
2023-01-24 16:00:00,4.8,office,34,0.83,2.29,0,5.588,0
2023-01-24 17:00:00,6.3,office,32,0.95,3.88,1,7.095,0
2023-01-24 18:00:00,5.8,office,15,0.57,2.17,1,5.3,0
2023-01-24 19:00:00,7.1,office,7,0.25,1.62,1,4.943,0
2023-01-24 20:00:00,3.7,office,0,0.15,2.8,1,17.387,1
2023-01-24 21:00:00,1.6,office,0,0.12,0.55,0,3.61,0
2023-01-24 22:00:00,2.0,office,0,0.25,0.57,0,2.188,0
2023-01-24 23:00:00,-3.6,office,0,0.14,1.07,0,3.623,0
2023-01-25 00:00:00,-0.7,office,0,0.47,0.48,0,2.49,0
2023-01-25 01:00:00,-0.4,office,0,0.23,1.08,0,3.443,0
2023-01-25 02:00:00,-3.9,office,0,0.03,0.32,0,2.109,0
2023-01-25 03:00:00,0.2,office,0,0.36,0.39,0,3.526,0
2023-01-25 04:00:00,-0.5,office,0,0.16,0.86,0,2.44,0
2023-01-25 05:00:00,-0.9,office,0,0.33,1.4,0,3.12,0
2023-01-25 06:00:00,1.7,office,0,0.14,1.32,0,3.482,0
2023-01-25 07:00:00,5.4,office,12,1.58,3.56,0,19.067,1
2023-01-25 08:00:00,3.6,office,47,1.33,4.4,1,8.814,0
2023-01-25 09:00:00,5.0,office,72,1.9,5.68,1,10.699,0
2023-01-25 10:00:00,5.1,office,61,1.35,5.06,1,8.954,0
2023-01-25 11:00:00,5.6,office,43,1.03,3.16,0,5.959,0
2023-01-25 12:00:00,8.9,office,64,1.51,3.59,0,7.225,0
2023-01-25 13:00:00,6.8,office,38,1.22,2.81,0,6.921,0
2023-01-25 14:00:00,8.4,office,76,1.97,4.5,0,8.483,0
2023-01-25 15:00:00,7.4,office,66,1.36,4.08,0,7.231,0
2023-01-25 16:00:00,8.3,office,66,1.39,4.18,0,7.16,0
2023-01-25 17:00:00,7.3,office,60,1.45,4.37,1,8.523,0
2023-01-25 18:00:00,7.3,office,12,0.29,2.27,1,4.228,0
2023-01-25 19:00:00,3.8,office,20,0.57,2.28,1,4.622,0
2023-01-25 20:00:00,2.9,office,0,0.07,2.47,1,5.107,0
2023-01-25 21:00:00,0.5,office,0,0.32,0.35,0,2.645,0
2023-01-25 22:00:00,0.1,office,0,0.47,0.54,0,3.47,0
2023-01-25 23:00:00,0.3,office,0,0.5,1.36,0,4.623,0
2023-01-26 00:00:00,0.2,office,0,0.19,0.83,0,2.158,0
2023-01-26 01:00:00,-2.9,office,0,0.3,0.38,0,3.522,0
2023-01-26 02:00:00,-0.3,office,0,0.43,0.7,0,2.723,0
2023-01-26 03:00:00,0.5,office,0,0.06,0.35,0,2.762,0
2023-01-26 04:00:00,-0.4,office,0,0.34,0.46,0,3.501,0
2023-01-26 05:00:00,2.6,office,0,0.2,0.27,0,3.363,0
2023-01-26 06:00:00,-0.3,office,0,0.1,0.77,0,3.605,0
2023-01-26 07:00:00,0.2,office,18,0.56,2.15,0,4.181,0
2023-01-26 08:00:00,0.7,office,42,0.88,4.06,1,7.433,0
2023-01-26 09:00:00,6.9,office,36,1.07,3.79,1,7.582,0
2023-01-26 10:00:00,6.8,office,36,0.85,3.26,1,6.718,0
2023-01-26 11:00:00,6.8,office,72,1.6,4.25,0,7.724,0
2023-01-26 12:00:00,8.1,office,57,1.2,4.15,0,8.199,0
2023-01-26 13:00:00,6.5,office,52,1.47,2.91,0,6.223,0
2023-01-26 14:00:00,12.0,office,57,1.39,4.17,0,8.24,0
2023-01-26 15:00:00,8.4,office,56,1.41,3.63,0,7.17,0
2023-01-26 16:00:00,7.8,office,59,1.46,4.24,0,6.808,0
2023-01-26 17:00:00,8.0,office,76,1.73,5.41,1,10.453,0
2023-01-26 18:00:00,6.6,office,6,0.22,1.94,1,5.405,0
2023-01-26 19:00:00,5.0,office,8,0.53,2.58,1,5.487,0
2023-01-26 20:00:00,2.2,office,0,0.06,2.22,1,4.469,0
2023-01-26 21:00:00,2.8,office,0,0.05,0.5,0,3.426,0
2023-01-26 22:00:00,3.7,office,0,0.36,1.46,0,4.301,0
2023-01-26 23:00:00,1.8,office,0,0.1,0.31,0,3.4,0
2023-01-27 00:00:00,1.5,office,0,0.15,0.29,0,2.043,0
2023-01-27 01:00:00,-2.2,office,0,0.24,0.97,0,2.313,0
2023-01-27 02:00:00,-3.1,office,0,0.22,1.14,0,4.095,0
2023-01-27 03:00:00,-1.6,office,0,0.35,1.45,0,4.663,0
2023-01-27 04:00:00,-0.8,office,0,0.31,0.73,0,2.326,0
2023-01-27 05:00:00,1.5,office,0,0.32,0.23,0,3.199,0
2023-01-27 06:00:00,-1.6,office,0,0.36,0.98,0,3.746,0
2023-01-27 07:00:00,4.4,office,6,0.27,0.88,0,4.157,0
2023-01-27 08:00:00,3.2,office,55,1.26,4.51,1,9.146,0
2023-01-27 09:00:00,4.1,office,76,2.8,13.13,1,29.784,1
2023-01-27 10:00:00,4.4,office,51,1.17,3.83,1,7.14,0
2023-01-27 11:00:00,4.5,office,36,1.21,2.63,0,5.815,0
2023-01-27 12:00:00,9.0,office,45,1.31,3.0,0,5.407,0
2023-01-27 13:00:00,8.3,office,42,0.92,3.23,0,5.968,0
2023-01-27 14:00:00,6.5,office,42,0.84,3.14,0,6.83,0
2023-01-27 15:00:00,6.3,office,64,1.3,3.64,0,6.661,0
2023-01-27 16:00:00,7.2,office,58,1.28,3.37,0,6.827,0
2023-01-27 17:00:00,9.4,office,38,0.82,3.43,1,7.091,0
2023-01-27 18:00:00,5.5,office,18,0.63,2.33,1,5.375,0
2023-01-27 19:00:00,2.4,office,10,1.36,4.84,1,15.545,1
2023-01-27 20:00:00,3.0,office,0,0.37,2.49,1,5.108,0
2023-01-27 21:00:00,1.7,office,0,0.11,1.05,0,3.874,0
2023-01-27 22:00:00,-3.1,office,0,0.2,0.99,0,2.229,0
2023-01-27 23:00:00,-0.2,office,0,0.25,0.73,0,4.178,0
2023-01-28 00:00:00,-1.2,office,0,0.41,0.61,0,2.903,0
2023-01-28 01:00:00,-0.3,office,0,1.13,3.27,0,17.042,1
2023-01-28 02:00:00,1.2,office,0,0.45,1.46,0,3.938,0
2023-01-28 03:00:00,0.3,office,0,0.25,0.85,0,3.921,0
2023-01-28 04:00:00,-1.3,office,0,0.35,0.58,0,2.891,0
2023-01-28 05:00:00,-1.7,office,0,0.06,1.2,0,3.502,0
2023-01-28 06:00:00,4.8,office,0,0.28,0.37,0,3.811,0
2023-01-28 07:00:00,2.3,office,0,0.12,1.2,0,3.24,0
2023-01-28 08:00:00,3.5,office,0,0.22,2.26,1,4.558,0
2023-01-28 09:00:00,4.7,office,0,0.32,1.36,1,4.533,0
2023-01-28 10:00:00,6.3,office,0,0.13,2.47,1,5.642,0
2023-01-28 11:00:00,6.8,office,0,0.03,1.48,0,3.816,0
2023-01-28 12:00:00,6.9,office,0,0.01,1.42,0,4.01,0
2023-01-28 13:00:00,7.5,office,0,0.01,0.84,0,3.506,0
2023-01-28 14:00:00,8.4,office,0,0.0,0.52,0,2.451,0
2023-01-28 15:00:00,7.5,office,0,0.06,0.96,0,2.934,0
2023-01-28 16:00:00,6.7,office,0,0.12,0.75,0,3.996,0
2023-01-28 17:00:00,7.2,office,0,0.11,1.47,1,5.354,0
2023-01-28 18:00:00,5.6,office,0,0.49,1.75,1,4.174,0
2023-01-28 19:00:00,7.0,office,0,0.15,2.06,1,5.305,0
2023-01-28 20:00:00,-0.5,office,0,0.06,1.29,1,3.935,0
2023-01-28 21:00:00,3.8,office,0,0.27,0.63,0,2.599,0
2023-01-28 22:00:00,2.8,office,0,0.43,0.22,0,2.96,0
2023-01-28 23:00:00,-3.2,office,0,0.34,1.17,0,3.337,0
2023-01-29 00:00:00,-1.3,office,0,0.15,1.03,0,3.268,0
2023-01-29 01:00:00,-1.9,office,0,0.28,0.28,0,2.322,0
2023-01-29 02:00:00,-3.6,office,0,1.07,3.31,0,16.374,1
2023-01-29 03:00:00,-2.5,office,0,0.36,0.23,0,3.641,0
2023-01-29 04:00:00,-2.5,office,0,0.33,0.97,0,3.133,0
2023-01-29 05:00:00,2.6,office,0,0.44,1.21,0,3.904,0
2023-01-29 06:00:00,2.4,office,0,0.44,1.22,0,3.318,0
2023-01-29 07:00:00,4.1,office,0,0.71,0.48,0,10.815,1
2023-01-29 08:00:00,4.6,office,0,0.21,2.38,1,6.115,0
2023-01-29 09:00:00,3.1,office,0,0.32,2.39,1,5.261,0
2023-01-29 10:00:00,5.2,office,0,0.41,1.93,1,5.1,0
2023-01-29 11:00:00,7.8,office,0,0.0,0.83,0,3.611,0
2023-01-29 12:00:00,6.0,office,0,0.5,0.26,0,3.345,0
2023-01-29 13:00:00,9.4,office,0,0.09,0.93,0,3.02,0
2023-01-29 14:00:00,8.2,office,0,0.24,0.73,0,2.973,0
2023-01-29 15:00:00,7.8,office,0,0.44,1.2,0,3.431,0
2023-01-29 16:00:00,8.9,office,0,0.11,0.73,0,2.946,0
2023-01-29 17:00:00,7.7,office,0,0.24,2.09,1,5.136,0
2023-01-29 18:00:00,5.5,office,0,0.07,1.33,1,3.291,0
2023-01-29 19:00:00,6.6,office,0,0.2,1.37,1,4.555,0
2023-01-29 20:00:00,1.9,office,0,0.09,1.38,1,4.556,0
2023-01-29 21:00:00,3.2,office,0,0.18,0.26,0,3.008,0
2023-01-29 22:00:00,1.9,office,0,0.19,0.9,0,2.392,0
2023-01-29 23:00:00,-0.5,office,0,0.5,1.23,0,5.036,0
2023-01-30 00:00:00,-0.2,office,0,0.5,0.99,0,4.081,0
2023-01-30 01:00:00,-3.1,office,0,0.06,0.95,0,3.131,0
2023-01-30 02:00:00,-0.0,office,0,0.36,1.08,0,2.517,0
2023-01-30 03:00:00,-1.5,office,0,0.03,0.64,0,3.018,0
2023-01-30 04:00:00,-1.5,office,0,0.02,0.67,0,3.44,0
2023-01-30 05:00:00,1.6,office,0,0.05,0.61,0,2.755,0
2023-01-30 06:00:00,0.0,office,0,0.48,1.13,0,4.328,0
2023-01-30 07:00:00,0.2,office,13,0.73,1.06,0,4.041,0
2023-01-30 08:00:00,1.3,office,59,1.28,4.17,1,8.163,0
2023-01-30 09:00:00,5.8,office,45,0.98,4.23,1,7.951,0
2023-01-30 10:00:00,4.2,office,34,0.8,4.13,1,7.682,0
2023-01-30 11:00:00,9.8,office,58,1.42,3.89,0,7.213,0
2023-01-30 12:00:00,4.8,office,65,4.17,8.69,0,30.217,1
2023-01-30 13:00:00,11.0,office,36,0.83,2.87,0,5.568,0
2023-01-30 14:00:00,8.9,office,33,1.04,2.5,0,6.539,0
2023-01-30 15:00:00,8.3,office,71,1.57,4.68,0,8.701,0
2023-01-30 16:00:00,7.1,office,64,1.74,4.47,0,8.601,0
2023-01-30 17:00:00,7.7,office,30,0.93,2.99,1,7.001,0
2023-01-30 18:00:00,6.0,office,7,0.36,1.99,1,5.102,0
2023-01-30 19:00:00,6.6,office,12,0.63,2.09,1,5.403,0
2023-01-30 20:00:00,3.8,office,0,0.41,1.79,1,4.363,0
2023-01-30 21:00:00,2.5,office,0,0.15,1.35,0,3.519,0
2023-01-30 22:00:00,0.6,office,0,0.17,0.65,0,2.332,0
2023-01-30 23:00:00,-0.0,office,0,0.47,0.69,0,3.956,0
2023-01-31 00:00:00,-0.2,office,0,0.08,1.32,0,3.748,0
2023-01-31 01:00:00,-3.7,office,0,0.05,2.14,0,9.199,1
2023-01-31 02:00:00,-3.3,office,0,0.23,0.9,0,2.603,0
2023-01-31 03:00:00,-0.0,office,0,0.4,1.32,0,4.275,0
2023-01-31 04:00:00,-0.4,office,0,0.39,0.84,0,3.124,0
2023-01-31 05:00:00,-0.1,office,0,0.46,1.09,0,4.383,0
2023-01-31 06:00:00,1.2,office,0,0.27,0.31,0,2.961,0
2023-01-31 07:00:00,2.9,office,10,0.25,0.93,0,4.396,0
2023-01-31 08:00:00,2.9,office,56,1.41,4.53,1,8.152,0
2023-01-31 09:00:00,3.8,office,61,4.49,11.63,1,41.702,1
2023-01-31 10:00:00,6.5,office,60,1.25,5.46,1,10.006,0
2023-01-31 11:00:00,5.7,office,43,0.95,3.61,0,6.431,0
2023-01-31 12:00:00,8.6,office,55,1.11,4.06,0,7.099,0
2023-01-31 13:00:00,6.0,office,33,1.46,3.4,0,25.551,1
2023-01-31 14:00:00,10.2,office,40,1.24,3.45,0,6.687,0
2023-01-31 15:00:00,9.2,office,54,1.42,3.8,0,8.002,0
2023-01-31 16:00:00,8.4,office,30,1.09,2.21,0,5.12,0
2023-01-31 17:00:00,8.7,office,54,1.11,4.81,1,8.298,0
2023-01-31 18:00:00,8.7,office,13,0.71,1.87,1,4.198,0
2023-01-31 19:00:00,6.5,office,19,0.79,2.34,1,5.729,0
2023-01-31 20:00:00,0.9,office,0,0.16,2.28,1,4.456,0
2023-01-31 21:00:00,0.5,office,0,0.49,1.04,0,4.431,0
2023-01-31 22:00:00,0.2,office,0,0.14,0.67,0,3.861,0
2023-01-31 23:00:00,0.2,office,0,0.44,0.85,0,3.11,0
2023-02-01 00:00:00,0.2,office,0,0.44,1.38,0,3.949,0
2023-02-01 01:00:00,-2.2,office,0,0.38,1.02,0,3.275,0
2023-02-01 02:00:00,-1.0,office,0,0.28,0.72,0,3.06,0
2023-02-01 03:00:00,-2.2,office,0,0.06,0.36,0,1.874,0
2023-02-01 04:00:00,-1.5,office,0,0.63,1.15,0,10.959,1
2023-02-01 05:00:00,-1.9,office,0,0.18,1.47,0,4.248,0
2023-02-01 06:00:00,-0.1,office,0,0.4,0.77,0,2.483,0
2023-02-01 07:00:00,0.4,office,14,0.66,1.51,0,5.519,0
2023-02-01 08:00:00,2.3,office,57,1.6,4.7,1,9.016,0
2023-02-01 09:00:00,6.6,office,74,1.49,6.05,1,10.606,0
2023-02-01 10:00:00,4.8,office,76,1.92,5.79,1,11.161,0
2023-02-01 11:00:00,11.2,office,80,2.07,5.1,0,9.865,0
2023-02-01 12:00:00,8.8,office,65,1.69,3.96,0,7.306,0
2023-02-01 13:00:00,8.9,office,72,1.51,3.84,0,7.65,0
2023-02-01 14:00:00,7.5,office,75,1.54,5.16,0,8.477,0
2023-02-01 15:00:00,9.6,office,61,1.23,4.48,0,8.318,0
2023-02-01 16:00:00,7.2,office,39,1.09,3.38,0,6.741,0
2023-02-01 17:00:00,7.5,office,42,1.15,4.53,1,9.158,0
2023-02-01 18:00:00,10.1,office,14,0.77,2.96,1,6.556,0
2023-02-01 19:00:00,4.9,office,11,0.42,2.64,1,5.362,0
2023-02-01 20:00:00,5.5,office,0,0.17,2.3,1,4.803,0
2023-02-01 21:00:00,1.4,office,0,0.31,0.98,0,3.499,0
2023-02-01 22:00:00,1.2,office,0,0.41,0.37,0,2.37,0
2023-02-01 23:00:00,2.9,office,0,0.47,0.71,0,3.486,0
2023-02-02 00:00:00,-1.4,office,0,0.4,1.46,0,3.856,0
2023-02-02 01:00:00,1.7,office,0,0.21,0.66,0,2.605,0
2023-02-02 02:00:00,-0.1,office,0,0.32,1.33,0,3.713,0
2023-02-02 03:00:00,-1.8,office,0,0.43,0.32,0,2.629,0
2023-02-02 04:00:00,0.5,office,0,0.25,0.63,0,2.571,0
2023-02-02 05:00:00,1.8,office,0,0.11,0.66,0,2.973,0
2023-02-02 06:00:00,2.3,office,0,0.08,0.27,0,3.326,0
2023-02-02 07:00:00,0.2,office,6,0.12,0.65,0,3.568,0
2023-02-02 08:00:00,2.7,office,67,1.7,4.8,1,9.101,0
2023-02-02 09:00:00,4.8,office,77,1.6,6.14,1,10.56,0
2023-02-02 10:00:00,6.2,office,64,1.4,4.48,1,8.239,0
2023-02-02 11:00:00,8.3,office,33,0.81,2.24,0,6.563,0
2023-02-02 12:00:00,8.4,office,77,1.82,4.06,0,8.031,0
2023-02-02 13:00:00,6.7,office,50,1.2,3.6,0,7.143,0
2023-02-02 14:00:00,9.4,office,33,1.0,2.66,0,5.111,0
2023-02-02 15:00:00,9.6,office,33,0.69,2.69,0,4.796,0
2023-02-02 16:00:00,9.0,office,67,1.4,4.04,0,6.805,0
2023-02-02 17:00:00,9.0,office,60,1.45,4.47,1,8.842,0
2023-02-02 18:00:00,7.6,office,10,0.37,2.64,1,5.769,0
2023-02-02 19:00:00,5.8,office,6,0.27,2.55,1,5.668,0
2023-02-02 20:00:00,3.7,office,0,0.03,1.38,1,4.037,0
2023-02-02 21:00:00,0.1,office,0,0.45,0.83,0,4.084,0
2023-02-02 22:00:00,2.0,office,0,0.35,0.52,0,2.723,0
2023-02-02 23:00:00,0.6,office,0,0.06,0.42,0,2.387,0
2023-02-03 00:00:00,0.0,office,0,0.03,1.15,0,3.746,0
2023-02-03 01:00:00,-2.8,office,0,0.49,0.9,0,4.355,0
2023-02-03 02:00:00,-2.7,office,0,0.34,0.48,0,2.746,0
2023-02-03 03:00:00,0.7,office,0,0.21,0.6,0,3.506,0
2023-02-03 04:00:00,-0.5,office,0,0.8,3.26,0,15.656,1
2023-02-03 05:00:00,1.4,office,0,0.38,1.3,0,4.095,0
2023-02-03 06:00:00,1.5,office,0,0.39,1.34,0,3.271,0
2023-02-03 07:00:00,2.7,office,7,0.38,1.15,0,3.663,0
2023-02-03 08:00:00,5.3,office,41,1.03,4.06,1,8.009,0
2023-02-03 09:00:00,4.4,office,34,0.69,3.39,1,6.013,0
2023-02-03 10:00:00,6.6,office,68,1.82,4.7,1,8.446,0
2023-02-03 11:00:00,6.8,office,34,0.98,2.42,0,6.496,0
2023-02-03 12:00:00,7.6,office,73,1.56,4.62,0,8.151,0
2023-02-03 13:00:00,8.3,office,45,1.36,2.82,0,7.06,0
2023-02-03 14:00:00,9.3,office,55,1.56,4.05,0,7.352,0
2023-02-03 15:00:00,8.0,office,37,1.23,2.25,0,6.662,0
2023-02-03 16:00:00,10.1,office,66,1.76,3.98,0,7.966,0
2023-02-03 17:00:00,6.1,office,45,1.4,3.61,1,7.078,0
2023-02-03 18:00:00,6.1,office,6,0.24,2.03,1,4.986,0
2023-02-03 19:00:00,4.6,office,7,0.56,1.6,1,4.966,0
2023-02-03 20:00:00,6.1,office,0,0.41,1.55,1,4.62,0
2023-02-03 21:00:00,2.9,office,0,0.12,0.72,0,2.681,0
2023-02-03 22:00:00,3.0,office,0,0.05,0.82,0,2.715,0
2023-02-03 23:00:00,-1.8,office,0,0.49,0.91,0,4.458,0
2023-02-04 00:00:00,0.1,office,0,0.15,0.56,0,3.688,0
2023-02-04 01:00:00,0.5,office,0,0.44,0.88,0,3.566,0
2023-02-04 02:00:00,-0.9,office,0,0.0,0.86,0,3.75,0
2023-02-04 03:00:00,0.8,office,0,0.01,0.61,0,3.98,0
2023-02-04 04:00:00,-1.1,office,0,0.23,1.28,0,2.74,0
2023-02-04 05:00:00,2.6,office,0,0.12,0.91,0,2.778,0
2023-02-04 06:00:00,5.0,office,0,0.34,0.63,0,2.975,0
2023-02-04 07:00:00,2.2,office,0,0.28,1.43,0,4.021,0
2023-02-04 08:00:00,3.3,office,0,0.04,2.3,1,4.975,0
2023-02-04 09:00:00,7.5,office,0,0.08,2.48,1,4.906,0
2023-02-04 10:00:00,8.9,office,0,0.19,2.1,1,5.177,0
2023-02-04 11:00:00,6.8,office,0,0.09,0.69,0,3.034,0
2023-02-04 12:00:00,7.7,office,0,0.4,0.57,0,2.125,0
2023-02-04 13:00:00,8.4,office,0,0.21,1.06,0,4.326,0
2023-02-04 14:00:00,7.0,office,0,0.05,1.48,0,3.748,0
2023-02-04 15:00:00,7.5,office,0,0.24,1.01,0,3.851,0
2023-02-04 16:00:00,6.8,office,0,0.05,1.35,0,3.839,0
2023-02-04 17:00:00,6.4,office,0,0.06,1.63,1,4.252,0
2023-02-04 18:00:00,6.5,office,0,0.21,3.36,1,18.328,1
2023-02-04 19:00:00,5.7,office,0,0.43,2.38,1,5.283,0
2023-02-04 20:00:00,6.3,office,0,0.46,2.18,1,4.999,0
2023-02-04 21:00:00,1.2,office,0,0.41,1.48,0,4.289,0
2023-02-04 22:00:00,3.0,office,0,0.17,1.21,0,2.648,0
2023-02-04 23:00:00,0.2,office,0,0.14,0.78,0,3.159,0
2023-02-05 00:00:00,-0.3,office,0,0.27,0.89,0,3.844,0
2023-02-05 01:00:00,0.3,office,0,0.36,1.37,0,3.498,0
2023-02-05 02:00:00,-2.6,office,0,0.5,0.92,0,3.045,0
2023-02-05 03:00:00,-0.1,office,0,0.07,0.53,0,3.181,0
2023-02-05 04:00:00,0.0,office,0,0.02,0.77,0,2.758,0
2023-02-05 05:00:00,1.3,office,0,0.35,0.87,0,4.018,0
2023-02-05 06:00:00,2.0,office,0,0.42,0.33,0,3.023,0
2023-02-05 07:00:00,6.5,office,0,0.42,1.17,0,4.454,0
2023-02-05 08:00:00,3.2,office,0,0.34,1.34,1,4.955,0
2023-02-05 09:00:00,4.6,office,0,0.48,1.73,1,5.683,0
2023-02-05 10:00:00,5.7,office,0,0.26,2.25,1,5.13,0
2023-02-05 11:00:00,6.8,office,0,0.46,0.81,0,3.53,0
2023-02-05 12:00:00,7.5,office,0,0.48,1.29,0,3.456,0
2023-02-05 13:00:00,10.7,office,0,0.42,0.64,0,2.579,0
2023-02-05 14:00:00,11.2,office,0,0.15,1.44,0,4.719,0
2023-02-05 15:00:00,8.1,office,0,0.1,0.47,0,3.279,0
2023-02-05 16:00:00,7.2,office,0,0.27,0.25,0,1.921,0
2023-02-05 17:00:00,8.4,office,0,0.23,2.33,1,4.447,0
2023-02-05 18:00:00,5.8,office,0,0.44,2.18,1,6.038,0
2023-02-05 19:00:00,6.4,office,0,0.05,1.5,1,5.111,0
2023-02-05 20:00:00,4.4,office,0,0.13,2.48,1,5.756,0
2023-02-05 21:00:00,0.5,office,0,0.38,0.85,0,3.246,0
2023-02-05 22:00:00,3.9,office,0,0.05,1.44,0,4.35,0
2023-02-05 23:00:00,3.3,office,0,0.16,0.86,0,3.647,0
2023-02-06 00:00:00,-1.0,office,0,0.19,0.81,0,3.089,0
2023-02-06 01:00:00,-1.2,office,0,0.31,0.78,0,2.792,0
2023-02-06 02:00:00,-0.4,office,0,0.08,0.64,0,2.641,0
2023-02-06 03:00:00,-0.1,office,0,0.43,0.89,0,3.507,0
2023-02-06 04:00:00,0.9,office,0,0.22,0.79,0,3.106,0
2023-02-06 05:00:00,3.7,office,0,0.46,0.25,0,2.956,0
2023-02-06 06:00:00,1.4,office,0,0.23,0.54,0,3.493,0
2023-02-06 07:00:00,1.7,office,18,0.5,1.38,0,3.401,0
2023-02-06 08:00:00,2.1,office,72,1.51,5.93,1,10.838,0
2023-02-06 09:00:00,4.4,office,67,1.34,5.33,1,9.113,0
2023-02-06 10:00:00,6.7,office,66,1.59,5.49,1,9.708,0
2023-02-06 11:00:00,10.4,office,63,1.31,4.59,0,8.556,0
2023-02-06 12:00:00,7.8,office,50,1.2,3.54,0,6.882,0
2023-02-06 13:00:00,9.4,office,46,1.21,3.78,0,7.664,0
2023-02-06 14:00:00,9.2,office,43,1.0,2.76,0,6.004,0
2023-02-06 15:00:00,10.8,office,72,1.53,4.04,0,8.478,0
2023-02-06 16:00:00,12.3,office,75,1.89,4.47,0,9.266,0
2023-02-06 17:00:00,6.9,office,50,1.47,4.31,1,8.583,0
2023-02-06 18:00:00,6.0,office,12,0.29,2.96,1,6.05,0
2023-02-06 19:00:00,7.1,office,13,0.34,2.58,1,5.272,0
2023-02-06 20:00:00,5.2,office,0,0.48,1.58,1,5.611,0
2023-02-06 21:00:00,5.7,office,0,0.02,1.17,0,4.031,0
2023-02-06 22:00:00,2.6,office,0,0.49,0.86,0,3.443,0
2023-02-06 23:00:00,0.1,office,0,0.0,0.41,0,3.095,0
2023-02-07 00:00:00,0.9,office,0,0.44,0.95,0,3.51,0
2023-02-07 01:00:00,1.1,office,0,0.15,1.38,0,3.393,0
2023-02-07 02:00:00,0.5,office,0,0.47,1.3,0,4.169,0
2023-02-07 03:00:00,0.2,office,0,0.16,0.96,0,3.58,0
2023-02-07 04:00:00,1.6,office,0,0.33,0.69,0,3.46,0
2023-02-07 05:00:00,2.5,office,0,0.04,0.31,0,3.167,0
2023-02-07 06:00:00,3.9,office,0,0.12,0.81,0,3.669,0
2023-02-07 07:00:00,4.0,office,17,0.73,2.03,0,5.258,0
2023-02-07 08:00:00,4.1,office,38,1.02,3.57,1,6.44,0
2023-02-07 09:00:00,5.8,office,72,1.9,5.11,1,10.041,0
2023-02-07 10:00:00,8.6,office,71,1.63,5.96,1,11.328,0
2023-02-07 11:00:00,6.6,office,49,1.41,3.72,0,7.47,0
2023-02-07 12:00:00,9.2,office,59,1.4,3.98,0,7.889,0
2023-02-07 13:00:00,8.6,office,50,1.49,2.88,0,6.726,0
2023-02-07 14:00:00,9.4,office,78,2.04,4.29,0,8.665,0
2023-02-07 15:00:00,11.1,office,34,0.84,2.03,0,5.184,0
2023-02-07 16:00:00,8.9,office,30,1.04,2.5,0,5.584,0
2023-02-07 17:00:00,7.9,office,59,1.6,4.3,1,8.417,0
2023-02-07 18:00:00,4.8,office,8,0.27,2.7,1,5.74,0
2023-02-07 19:00:00,6.7,office,7,0.45,2.84,1,6.236,0
2023-02-07 20:00:00,5.3,office,0,0.04,1.68,1,4.704,0
2023-02-07 21:00:00,6.3,office,0,0.42,0.79,0,3.47,0
2023-02-07 22:00:00,1.4,office,0,0.09,1.13,0,4.004,0
2023-02-07 23:00:00,1.1,office,0,0.04,1.42,0,4.03,0
2023-02-08 00:00:00,0.5,office,0,0.2,1.36,0,3.538,0
2023-02-08 01:00:00,2.0,office,0,0.29,0.27,0,2.944,0
2023-02-08 02:00:00,-0.7,office,0,0.43,0.42,0,3.517,0
2023-02-08 03:00:00,0.0,office,0,0.49,1.18,0,3.632,0
2023-02-08 04:00:00,1.0,office,0,0.22,1.1,0,3.153,0
2023-02-08 05:00:00,1.2,office,0,0.03,0.37,0,2.435,0
2023-02-08 06:00:00,1.3,office,0,0.37,0.85,0,2.656,0
2023-02-08 07:00:00,3.4,office,11,0.5,1.77,0,4.519,0
2023-02-08 08:00:00,6.0,office,62,4.37,9.51,1,28.643,1
2023-02-08 09:00:00,4.2,office,46,1.07,4.63,1,8.598,0
2023-02-08 10:00:00,7.1,office,38,1.01,3.17,1,6.12,0
2023-02-08 11:00:00,6.9,office,52,1.21,3.82,0,7.052,0
2023-02-08 12:00:00,10.5,office,34,1.06,2.7,0,6.246,0
2023-02-08 13:00:00,7.0,office,45,1.17,2.86,0,7.137,0
2023-02-08 14:00:00,8.6,office,53,1.5,3.79,0,7.391,0
2023-02-08 15:00:00,9.8,office,48,1.23,3.62,0,7.604,0
2023-02-08 16:00:00,11.1,office,40,0.92,3.41,0,7.051,0
2023-02-08 17:00:00,7.9,office,58,1.59,4.58,1,9.048,0
2023-02-08 18:00:00,6.1,office,14,0.56,2.79,1,6.436,0
2023-02-08 19:00:00,8.5,office,5,0.2,2.23,1,4.533,0
2023-02-08 20:00:00,2.3,office,0,0.31,1.88,1,4.99,0
2023-02-08 21:00:00,-0.2,office,0,0.18,1.36,0,3.32,0
2023-02-08 22:00:00,2.6,office,0,1.17,0.46,0,11.716,1
2023-02-08 23:00:00,0.1,office,0,0.23,0.57,0,3.436,0
2023-02-09 00:00:00,-1.3,office,0,0.36,0.9,0,4.895,0
2023-02-09 01:00:00,0.8,office,0,0.05,0.43,0,2.378,0
2023-02-09 02:00:00,-0.1,office,0,0.2,1.38,0,3.253,0
2023-02-09 03:00:00,-1.1,office,0,0.8,1.71,0,10.979,1
2023-02-09 04:00:00,-1.7,office,0,0.4,0.82,0,2.697,0
2023-02-09 05:00:00,2.3,office,0,0.08,1.26,0,3.192,0
2023-02-09 06:00:00,3.0,office,0,0.14,0.79,0,3.154,0
2023-02-09 07:00:00,3.1,office,14,0.44,1.63,0,5.025,0
2023-02-09 08:00:00,7.3,office,72,1.77,4.8,1,9.243,0
2023-02-09 09:00:00,4.2,office,36,1.1,3.48,1,7.241,0
2023-02-09 10:00:00,4.7,office,38,1.13,3.28,1,6.996,0
2023-02-09 11:00:00,7.0,office,46,1.17,3.4,0,6.76,0
2023-02-09 12:00:00,8.8,office,37,1.15,2.67,0,6.635,0
2023-02-09 13:00:00,9.7,office,36,0.94,2.39,0,6.112,0
2023-02-09 14:00:00,9.2,office,77,1.6,4.66,0,7.626,0
2023-02-09 15:00:00,9.9,office,65,1.58,3.72,0,7.723,0
2023-02-09 16:00:00,7.0,office,39,1.26,3.35,0,7.828,0
2023-02-09 17:00:00,10.2,office,47,1.34,3.62,1,7.217,0
2023-02-09 18:00:00,6.9,office,14,0.57,3.03,1,6.238,0
2023-02-09 19:00:00,7.5,office,11,0.54,2.41,1,5.431,0
2023-02-09 20:00:00,5.0,office,0,0.47,2.0,1,4.404,0
2023-02-09 21:00:00,3.9,office,0,0.21,0.59,0,3.595,0
2023-02-09 22:00:00,2.9,office,0,0.17,1.46,0,4.193,0
2023-02-09 23:00:00,1.7,office,0,0.49,0.57,0,3.312,0
2023-02-10 00:00:00,1.3,office,0,0.43,0.97,0,3.506,0
2023-02-10 01:00:00,1.8,office,0,0.16,1.49,0,4.852,0
2023-02-10 02:00:00,-0.1,office,0,0.23,1.35,0,3.19,0
2023-02-10 03:00:00,0.9,office,0,0.21,0.9,0,4.144,0
2023-02-10 04:00:00,0.2,office,0,0.07,1.49,0,2.958,0
2023-02-10 05:00:00,3.3,office,0,0.48,1.11,0,4.322,0
2023-02-10 06:00:00,1.1,office,0,0.2,0.47,0,3.032,0
2023-02-10 07:00:00,6.1,office,15,0.74,1.48,0,4.291,0
2023-02-10 08:00:00,4.6,office,43,0.95,3.78,1,6.853,0
2023-02-10 09:00:00,3.8,office,73,3.56,8.43,1,33.417,1
2023-02-10 10:00:00,7.3,office,70,1.41,5.69,1,10.452,0
2023-02-10 11:00:00,7.2,office,46,1.3,3.26,0,6.12,0
2023-02-10 12:00:00,10.2,office,62,1.53,3.35,0,6.649,0
2023-02-10 13:00:00,8.5,office,61,1.53,4.39,0,7.841,0
2023-02-10 14:00:00,9.0,office,46,0.95,2.89,0,5.702,0
2023-02-10 15:00:00,6.6,office,33,0.77,3.15,0,5.522,0
2023-02-10 16:00:00,8.3,office,35,0.74,3.19,0,7.11,0
2023-02-10 17:00:00,4.5,office,70,1.54,5.92,1,10.501,0
2023-02-10 18:00:00,4.8,office,18,0.67,3.15,1,6.305,0
2023-02-10 19:00:00,7.1,office,13,0.54,2.14,1,5.506,0
2023-02-10 20:00:00,5.8,office,0,0.31,1.89,1,6.11,0
2023-02-10 21:00:00,4.0,office,0,0.27,0.49,0,3.566,0
2023-02-10 22:00:00,0.7,office,0,0.14,0.54,0,3.301,0
2023-02-10 23:00:00,1.0,office,0,0.12,0.99,0,3.606,0
2023-02-11 00:00:00,0.4,office,0,0.07,0.25,0,3.018,0
2023-02-11 01:00:00,-1.8,office,0,0.42,1.46,0,4.577,0
2023-02-11 02:00:00,2.0,office,0,0.31,1.39,0,3.83,0
2023-02-11 03:00:00,1.3,office,0,0.09,0.69,0,2.34,0
2023-02-11 04:00:00,0.1,office,0,0.09,0.87,0,2.972,0
2023-02-11 05:00:00,1.3,office,0,0.44,0.81,0,3.541,0
2023-02-11 06:00:00,2.6,office,0,0.37,1.35,0,3.924,0
2023-02-11 07:00:00,0.4,office,0,0.33,1.1,0,3.719,0
2023-02-11 08:00:00,4.4,office,0,0.2,1.56,1,4.598,0
2023-02-11 09:00:00,5.0,office,0,0.13,1.78,1,5.447,0
2023-02-11 10:00:00,5.8,office,0,0.49,1.76,1,3.486,0
2023-02-11 11:00:00,7.9,office,0,0.4,1.45,0,4.078,0
2023-02-11 12:00:00,11.8,office,0,0.15,0.43,0,2.386,0
2023-02-11 13:00:00,10.6,office,0,0.42,0.32,0,2.887,0
2023-02-11 14:00:00,8.9,office,0,0.38,1.34,0,3.761,0
2023-02-11 15:00:00,10.5,office,0,0.15,1.37,0,4.627,0
2023-02-11 16:00:00,11.2,office,0,0.21,1.33,0,3.523,0
2023-02-11 17:00:00,9.7,office,0,0.09,1.86,1,5.111,0
2023-02-11 18:00:00,7.4,office,0,0.06,2.06,1,5.746,0
2023-02-11 19:00:00,5.1,office,0,0.36,1.93,1,5.17,0
2023-02-11 20:00:00,5.8,office,0,0.13,1.29,1,4.43,0
2023-02-11 21:00:00,4.1,office,0,0.41,0.97,0,3.918,0
2023-02-11 22:00:00,3.6,office,0,0.5,0.22,0,3.492,0
2023-02-11 23:00:00,2.2,office,0,0.04,0.62,0,3.866,0
2023-02-12 00:00:00,2.1,office,0,0.24,1.41,0,3.744,0
2023-02-12 01:00:00,-0.7,office,0,0.4,0.6,0,3.557,0
2023-02-12 02:00:00,1.9,office,0,0.39,1.42,0,3.522,0
2023-02-12 03:00:00,0.4,office,0,0.38,0.53,0,3.106,0
2023-02-12 04:00:00,3.7,office,0,0.17,0.61,0,2.601,0
2023-02-12 05:00:00,0.3,office,0,0.23,1.02,0,4.568,0
2023-02-12 06:00:00,5.0,office,0,0.3,1.19,0,3.324,0
2023-02-12 07:00:00,3.9,office,0,0.8,2.03,0,19.56,1
2023-02-12 08:00:00,3.9,office,0,0.16,2.35,1,4.452,0
2023-02-12 09:00:00,5.5,office,0,0.46,1.25,1,4.143,0
2023-02-12 10:00:00,6.9,office,0,0.13,2.4,1,4.671,0
2023-02-12 11:00:00,9.1,office,0,0.49,0.46,0,2.572,0
2023-02-12 12:00:00,10.0,office,0,0.34,1.35,0,3.739,0
2023-02-12 13:00:00,8.9,office,0,0.23,0.72,0,4.108,0
2023-02-12 14:00:00,9.9,office,0,0.31,1.28,0,4.106,0
2023-02-12 15:00:00,12.9,office,0,0.14,1.07,0,3.035,0
2023-02-12 16:00:00,11.8,office,0,0.14,0.43,0,2.766,0
2023-02-12 17:00:00,9.1,office,0,0.06,2.39,1,4.486,0
2023-02-12 18:00:00,7.4,office,0,0.06,1.52,1,4.368,0
2023-02-12 19:00:00,6.4,office,0,0.17,1.52,1,3.694,0
2023-02-12 20:00:00,5.8,office,0,0.38,2.26,1,5.578,0
2023-02-12 21:00:00,2.1,office,0,0.3,0.34,0,3.732,0
2023-02-12 22:00:00,2.0,office,0,0.05,0.49,0,2.956,0
2023-02-12 23:00:00,-1.1,office,0,0.43,0.85,0,3.709,0
2023-02-13 00:00:00,1.3,office,0,0.3,1.28,0,3.102,0
2023-02-13 01:00:00,1.2,office,0,0.48,0.39,0,3.241,0
2023-02-13 02:00:00,-0.7,office,0,0.34,0.91,0,3.208,0
2023-02-13 03:00:00,2.6,office,0,0.09,1.12,0,4.049,0
2023-02-13 04:00:00,-1.1,office,0,0.24,1.32,0,3.721,0
2023-02-13 05:00:00,-0.7,office,0,0.32,1.42,0,3.677,0
2023-02-13 06:00:00,2.9,office,0,0.01,1.22,0,3.486,0
2023-02-13 07:00:00,5.3,office,6,0.13,1.35,0,4.472,0
2023-02-13 08:00:00,7.5,office,30,0.66,3.26,1,7.045,0
2023-02-13 09:00:00,5.6,office,51,1.15,3.9,1,7.44,0
2023-02-13 10:00:00,9.1,office,79,1.79,6.07,1,10.98,0
2023-02-13 11:00:00,8.5,office,38,1.0,3.39,0,7.481,0
2023-02-13 12:00:00,9.1,office,70,1.47,4.66,0,8.435,0
2023-02-13 13:00:00,11.2,office,46,1.26,2.52,0,6.457,0
2023-02-13 14:00:00,11.0,office,40,1.1,2.85,0,5.538,0
2023-02-13 15:00:00,7.5,office,77,1.69,4.85,0,8.566,0
2023-02-13 16:00:00,11.6,office,58,1.17,4.0,0,7.572,0
2023-02-13 17:00:00,10.6,office,65,1.34,5.39,1,9.203,0
2023-02-13 18:00:00,6.6,office,18,0.56,2.83,1,6.921,0
2023-02-13 19:00:00,6.9,office,5,0.18,1.74,1,5.113,0
2023-02-13 20:00:00,5.8,office,0,0.19,2.42,1,4.687,0
2023-02-13 21:00:00,4.1,office,0,0.31,1.11,0,3.087,0
2023-02-13 22:00:00,1.7,office,0,0.27,0.51,0,3.297,0
2023-02-13 23:00:00,0.5,office,0,0.12,0.62,0,3.221,0
2023-02-14 00:00:00,0.8,office,0,0.17,1.4,0,4.144,0
2023-02-14 01:00:00,2.1,office,0,0.31,1.35,0,3.898,0
2023-02-14 02:00:00,1.0,office,0,0.43,0.73,0,3.841,0
2023-02-14 03:00:00,-0.2,office,0,0.38,0.25,0,3.136,0
2023-02-14 04:00:00,2.0,office,0,0.28,0.26,0,2.826,0
2023-02-14 05:00:00,-2.7,office,0,0.18,0.57,0,3.401,0
2023-02-14 06:00:00,4.4,office,0,0.18,1.02,0,4.451,0
2023-02-14 07:00:00,1.2,office,8,0.6,1.36,0,4.365,0
2023-02-14 08:00:00,4.6,office,34,0.7,3.72,1,7.309,0
2023-02-14 09:00:00,4.8,office,74,1.97,5.83,1,10.471,0
2023-02-14 10:00:00,5.7,office,39,1.11,3.17,1,6.835,0
2023-02-14 11:00:00,10.4,office,64,1.62,3.54,0,8.538,0
2023-02-14 12:00:00,8.8,office,32,0.66,2.27,0,5.626,0
2023-02-14 13:00:00,10.5,office,53,1.36,3.05,0,6.49,0
2023-02-14 14:00:00,10.1,office,67,1.58,3.65,0,7.911,0
2023-02-14 15:00:00,10.7,office,65,1.35,4.28,0,7.676,0
2023-02-14 16:00:00,9.6,office,39,0.92,3.21,0,6.395,0
2023-02-14 17:00:00,6.8,office,57,1.59,5.03,1,9.563,0
2023-02-14 18:00:00,9.1,office,9,0.45,2.71,1,5.047,0
2023-02-14 19:00:00,5.7,office,6,0.33,2.37,1,6.44,0
2023-02-14 20:00:00,2.8,office,0,0.04,2.16,1,5.048,0
2023-02-14 21:00:00,3.2,office,0,0.36,0.55,0,3.784,0
2023-02-14 22:00:00,4.9,office,0,0.35,1.49,0,3.978,0
2023-02-14 23:00:00,2.9,office,0,0.59,0.78,0,15.867,1
2023-02-15 00:00:00,0.4,office,0,0.26,0.48,0,3.872,0
2023-02-15 01:00:00,-0.1,office,0,0.22,0.58,0,2.641,0
2023-02-15 02:00:00,-0.2,office,0,0.3,1.47,0,4.695,0
2023-02-15 03:00:00,3.6,office,0,0.12,1.48,0,3.697,0
2023-02-15 04:00:00,1.5,office,0,0.47,1.23,0,5.06,0
2023-02-15 05:00:00,2.4,office,0,0.29,1.02,0,3.454,0
2023-02-15 06:00:00,4.3,office,0,0.16,0.88,0,3.775,0
2023-02-15 07:00:00,4.4,office,14,0.5,2.16,0,5.567,0
2023-02-15 08:00:00,4.9,office,53,1.46,4.75,1,8.089,0
2023-02-15 09:00:00,6.3,office,80,1.68,6.43,1,10.131,0
2023-02-15 10:00:00,7.7,office,32,0.79,3.21,1,7.044,0
2023-02-15 11:00:00,8.8,office,52,1.38,3.23,0,7.158,0
2023-02-15 12:00:00,10.7,office,43,1.02,3.46,0,6.616,0
2023-02-15 13:00:00,10.2,office,73,1.86,4.04,0,7.536,0
2023-02-15 14:00:00,11.4,office,45,0.97,3.68,0,7.135,0
2023-02-15 15:00:00,10.0,office,72,1.82,4.46,0,7.926,0
2023-02-15 16:00:00,9.7,office,36,0.75,3.2,0,6.766,0
2023-02-15 17:00:00,5.8,office,52,1.05,4.24,1,8.256,0
2023-02-15 18:00:00,9.2,office,18,0.81,3.03,1,6.735,0
2023-02-15 19:00:00,7.1,office,9,0.47,2.28,1,4.974,0
2023-02-15 20:00:00,6.8,office,0,0.18,2.01,1,4.012,0
2023-02-15 21:00:00,-0.4,office,0,0.12,0.86,0,2.772,0
2023-02-15 22:00:00,5.9,office,0,0.31,1.46,0,4.752,0
2023-02-15 23:00:00,1.5,office,0,0.25,1.1,0,3.8,0
2023-02-16 00:00:00,2.8,office,0,0.5,0.53,0,2.208,0
2023-02-16 01:00:00,-1.0,office,0,0.49,1.38,0,3.485,0
2023-02-16 02:00:00,1.3,office,0,0.32,0.58,0,3.614,0
2023-02-16 03:00:00,-1.0,office,0,0.22,0.68,0,2.823,0
2023-02-16 04:00:00,0.2,office,0,0.25,0.33,0,2.168,0
2023-02-16 05:00:00,4.8,office,0,0.34,1.37,0,3.569,0
2023-02-16 06:00:00,2.6,office,0,0.05,0.57,0,2.818,0
2023-02-16 07:00:00,4.5,office,12,0.4,1.14,0,3.66,0
2023-02-16 08:00:00,6.7,office,40,0.84,4.4,1,7.915,0
2023-02-16 09:00:00,7.5,office,41,0.86,4.3,1,8.023,0
2023-02-16 10:00:00,8.2,office,56,1.22,4.18,1,8.411,0
2023-02-16 11:00:00,9.5,office,31,0.86,2.75,0,6.702,0
2023-02-16 12:00:00,13.4,office,41,1.21,3.44,0,7.658,0
2023-02-16 13:00:00,10.2,office,77,1.78,4.15,0,9.084,0
2023-02-16 14:00:00,10.7,office,51,1.19,3.82,0,7.333,0
2023-02-16 15:00:00,11.8,office,80,1.64,4.91,0,8.101,0
2023-02-16 16:00:00,11.4,office,56,1.4,3.87,0,8.09,0
2023-02-16 17:00:00,10.7,office,72,1.58,5.44,1,9.67,0
2023-02-16 18:00:00,8.9,office,12,0.55,2.71,1,6.902,0
2023-02-16 19:00:00,5.0,office,13,0.75,1.89,1,4.733,0
2023-02-16 20:00:00,7.9,office,0,0.06,2.19,1,5.788,0
2023-02-16 21:00:00,2.4,office,0,0.11,0.24,0,3.473,0
2023-02-16 22:00:00,3.4,office,0,0.24,0.79,0,3.944,0
2023-02-16 23:00:00,0.8,office,0,0.48,0.4,0,2.883,0
2023-02-17 00:00:00,1.1,office,0,0.39,1.27,0,4.625,0
2023-02-17 01:00:00,1.2,office,0,0.45,0.61,0,2.585,0
2023-02-17 02:00:00,1.1,office,0,0.17,0.79,0,3.561,0
2023-02-17 03:00:00,1.4,office,0,0.5,0.76,0,3.318,0
2023-02-17 04:00:00,3.7,office,0,0.05,1.2,0,4.186,0
2023-02-17 05:00:00,2.7,office,0,0.03,0.83,0,3.698,0
2023-02-17 06:00:00,2.7,office,0,0.43,1.23,0,4.362,0
2023-02-17 07:00:00,5.7,office,10,0.66,0.8,0,3.862,0
2023-02-17 08:00:00,7.4,office,80,1.65,5.45,1,10.684,0
2023-02-17 09:00:00,5.0,office,74,1.54,5.62,1,10.277,0
2023-02-17 10:00:00,9.0,office,36,0.74,4.23,1,8.064,0
2023-02-17 11:00:00,10.2,office,54,1.13,3.0,0,6.285,0
2023-02-17 12:00:00,9.5,office,32,0.74,1.86,0,4.983,0
2023-02-17 13:00:00,12.5,office,60,1.69,3.4,0,7.315,0
2023-02-17 14:00:00,10.3,office,44,1.21,3.23,0,6.612,0
2023-02-17 15:00:00,10.6,office,42,1.23,2.82,0,6.087,0
2023-02-17 16:00:00,9.6,office,59,1.57,4.22,0,8.517,0
2023-02-17 17:00:00,9.1,office,52,1.31,3.89,1,8.12,0
2023-02-17 18:00:00,6.4,office,14,0.68,2.16,1,5.916,0
2023-02-17 19:00:00,4.7,office,12,0.54,2.19,1,5.893,0
2023-02-17 20:00:00,8.0,office,0,0.16,2.01,1,4.492,0
2023-02-17 21:00:00,3.0,office,0,0.28,1.09,0,3.415,0
2023-02-17 22:00:00,1.6,office,0,0.27,0.36,0,2.831,0
2023-02-17 23:00:00,-1.2,office,0,0.41,1.43,0,3.053,0
2023-02-18 00:00:00,0.4,office,0,0.49,0.64,0,3.877,0
2023-02-18 01:00:00,-1.1,office,0,0.21,1.13,0,4.407,0
2023-02-18 02:00:00,3.2,office,0,0.38,0.88,0,2.339,0
2023-02-18 03:00:00,2.4,office,0,0.1,0.86,0,10.183,1
2023-02-18 04:00:00,0.4,office,0,0.39,1.3,0,3.858,0
2023-02-18 05:00:00,5.6,office,0,0.19,1.26,0,3.394,0
2023-02-18 06:00:00,4.7,office,0,0.02,0.71,0,2.861,0
2023-02-18 07:00:00,3.9,office,0,0.18,0.97,0,3.376,0
2023-02-18 08:00:00,2.0,office,0,0.31,1.54,1,4.419,0
2023-02-18 09:00:00,10.4,office,0,0.06,2.1,1,5.015,0
2023-02-18 10:00:00,6.1,office,0,0.46,1.6,1,5.294,0
2023-02-18 11:00:00,6.8,office,0,0.04,1.3,0,3.189,0
2023-02-18 12:00:00,11.6,office,0,0.47,0.48,0,3.452,0
2023-02-18 13:00:00,14.2,office,0,0.35,0.22,0,2.739,0
2023-02-18 14:00:00,12.8,office,0,0.16,0.55,0,3.19,0
2023-02-18 15:00:00,11.4,office,0,0.2,0.45,0,3.441,0
2023-02-18 16:00:00,10.9,office,0,0.37,0.86,0,3.655,0
2023-02-18 17:00:00,10.5,office,0,0.3,1.46,1,3.855,0
2023-02-18 18:00:00,9.4,office,0,0.34,2.19,1,5.835,0
2023-02-18 19:00:00,7.4,office,0,0.19,1.51,1,4.921,0
2023-02-18 20:00:00,5.9,office,0,0.24,2.12,1,5.679,0
2023-02-18 21:00:00,4.3,office,0,0.49,0.95,0,4.341,0
2023-02-18 22:00:00,2.1,office,0,0.11,1.48,0,3.089,0
2023-02-18 23:00:00,1.8,office,0,0.21,1.5,0,3.609,0
2023-02-19 00:00:00,-1.0,office,0,0.15,1.33,0,3.386,0
2023-02-19 01:00:00,0.9,office,0,0.38,1.19,0,4.215,0
2023-02-19 02:00:00,-0.6,office,0,0.38,0.7,0,3.538,0
2023-02-19 03:00:00,-0.6,office,0,0.15,1.18,0,3.012,0
2023-02-19 04:00:00,1.8,office,0,0.04,1.44,0,4.511,0
2023-02-19 05:00:00,4.4,office,0,0.01,0.23,0,2.137,0
2023-02-19 06:00:00,4.7,office,0,0.21,0.9,0,3.251,0
2023-02-19 07:00:00,2.2,office,0,0.21,0.48,0,2.791,0
2023-02-19 08:00:00,4.4,office,0,0.49,1.93,1,5.719,0
2023-02-19 09:00:00,8.6,office,0,0.23,1.81,1,5.041,0
2023-02-19 10:00:00,6.9,office,0,0.13,1.95,1,4.332,0
2023-02-19 11:00:00,9.1,office,0,0.45,0.92,0,3.428,0
2023-02-19 12:00:00,11.0,office,0,0.25,1.45,0,3.915,0
2023-02-19 13:00:00,9.2,office,0,0.3,0.92,0,3.084,0
2023-02-19 14:00:00,11.0,office,0,0.05,1.3,0,3.138,0
2023-02-19 15:00:00,8.7,office,0,0.19,0.62,0,2.542,0
2023-02-19 16:00:00,9.3,office,0,0.47,0.77,0,3.971,0
2023-02-19 17:00:00,9.9,office,0,0.29,1.81,1,5.61,0
2023-02-19 18:00:00,6.0,office,0,0.17,1.56,1,4.051,0
2023-02-19 19:00:00,7.8,office,0,0.31,1.69,1,5.153,0
2023-02-19 20:00:00,5.8,office,0,0.46,1.98,1,4.486,0
2023-02-19 21:00:00,5.4,office,0,0.14,0.95,0,3.727,0
2023-02-19 22:00:00,3.7,office,0,0.25,1.03,0,3.838,0
2023-02-19 23:00:00,4.4,office,0,0.48,0.66,0,3.165,0
2023-02-20 00:00:00,1.9,office,0,0.09,0.61,0,3.724,0
2023-02-20 01:00:00,0.5,office,0,0.36,1.0,0,3.814,0
2023-02-20 02:00:00,1.2,office,0,0.63,0.78,0,12.767,1
2023-02-20 03:00:00,2.0,office,0,0.34,0.53,0,4.474,0
2023-02-20 04:00:00,1.8,office,0,0.18,0.25,0,2.175,0
2023-02-20 05:00:00,2.5,office,0,0.16,0.29,0,2.249,0
2023-02-20 06:00:00,2.5,office,0,0.34,0.52,0,2.731,0
2023-02-20 07:00:00,3.7,office,12,0.35,0.83,0,3.567,0
2023-02-20 08:00:00,3.9,office,31,0.83,3.07,1,6.661,0
2023-02-20 09:00:00,9.9,office,72,1.53,5.65,1,9.476,0
2023-02-20 10:00:00,6.7,office,42,0.84,3.38,1,6.81,0
2023-02-20 11:00:00,8.5,office,55,1.59,3.52,0,7.699,0
2023-02-20 12:00:00,9.3,office,51,1.24,3.94,0,7.398,0
2023-02-20 13:00:00,12.2,office,47,1.42,3.58,0,7.037,0
2023-02-20 14:00:00,10.6,office,34,0.75,2.3,0,4.995,0
2023-02-20 15:00:00,12.7,office,79,1.87,5.35,0,8.638,0
2023-02-20 16:00:00,9.3,office,47,1.04,2.98,0,6.196,0
2023-02-20 17:00:00,10.0,office,52,1.44,3.89,1,7.621,0
2023-02-20 18:00:00,7.3,office,17,0.73,3.34,1,7.237,0
2023-02-20 19:00:00,10.5,office,15,0.36,3.08,1,5.46,0
2023-02-20 20:00:00,4.2,office,0,0.46,1.81,1,4.063,0
2023-02-20 21:00:00,5.2,office,0,0.17,1.7,0,10.128,1
2023-02-20 22:00:00,4.5,office,0,0.31,1.07,0,3.313,0
2023-02-20 23:00:00,3.1,office,0,0.49,0.45,0,2.968,0
2023-02-21 00:00:00,1.6,office,0,0.44,0.46,0,2.62,0
2023-02-21 01:00:00,1.2,office,0,0.48,0.81,0,2.885,0
2023-02-21 02:00:00,1.2,office,0,0.17,1.39,0,2.966,0
2023-02-21 03:00:00,1.1,office,0,0.05,0.21,0,1.846,0
2023-02-21 04:00:00,3.3,office,0,0.09,1.22,0,3.588,0
2023-02-21 05:00:00,6.0,office,0,0.25,0.27,0,1.858,0
2023-02-21 06:00:00,2.8,office,0,0.4,0.82,0,3.821,0
2023-02-21 07:00:00,2.8,office,5,0.18,1.28,0,3.991,0
2023-02-21 08:00:00,6.0,office,37,1.07,3.94,1,7.473,0
2023-02-21 09:00:00,11.3,office,46,1.08,3.58,1,6.876,0
2023-02-21 10:00:00,7.5,office,41,0.99,3.79,1,7.136,0
2023-02-21 11:00:00,12.2,office,67,1.67,4.31,0,7.624,0
2023-02-21 12:00:00,13.0,office,46,1.15,2.59,0,6.42,0
2023-02-21 13:00:00,10.2,office,32,1.05,1.98,0,5.486,0
2023-02-21 14:00:00,12.0,office,36,0.8,2.86,0,5.293,0
2023-02-21 15:00:00,13.4,office,68,1.75,4.28,0,8.683,0
2023-02-21 16:00:00,9.9,office,57,1.17,3.26,0,6.555,0
2023-02-21 17:00:00,9.4,office,52,1.14,4.5,1,7.683,0
2023-02-21 18:00:00,7.8,office,15,0.63,3.14,1,7.156,0
2023-02-21 19:00:00,5.9,office,18,0.79,2.12,1,5.2,0
2023-02-21 20:00:00,5.2,office,0,0.13,2.04,1,4.857,0
2023-02-21 21:00:00,3.0,office,0,0.16,0.3,0,1.906,0
2023-02-21 22:00:00,3.7,office,0,0.27,0.21,0,2.567,0
2023-02-21 23:00:00,1.5,office,0,0.11,0.4,0,3.02,0
2023-02-22 00:00:00,2.4,office,0,0.41,0.75,0,4.027,0
2023-02-22 01:00:00,-0.8,office,0,0.39,1.24,0,4.32,0
2023-02-22 02:00:00,1.8,office,0,0.07,0.57,0,2.352,0
2023-02-22 03:00:00,2.8,office,0,0.23,1.01,0,2.844,0
2023-02-22 04:00:00,-1.0,office,0,0.39,0.73,0,3.295,0
2023-02-22 05:00:00,3.4,office,0,0.17,0.5,0,3.356,0
2023-02-22 06:00:00,5.7,office,0,0.32,0.87,0,3.086,0
2023-02-22 07:00:00,3.2,office,8,0.19,1.64,0,4.97,0
2023-02-22 08:00:00,8.8,office,54,1.38,4.98,1,8.992,0
2023-02-22 09:00:00,8.3,office,66,1.4,5.6,1,9.269,0
2023-02-22 10:00:00,7.8,office,42,1.26,3.74,1,7.653,0
2023-02-22 11:00:00,9.8,office,46,1.1,3.53,0,6.857,0
2023-02-22 12:00:00,11.5,office,32,0.78,2.08,0,5.626,0
2023-02-22 13:00:00,11.3,office,75,1.92,4.91,0,8.822,0
2023-02-22 14:00:00,12.1,office,57,1.17,4.28,0,8.25,0
2023-02-22 15:00:00,9.8,office,30,0.8,1.72,0,4.969,0
2023-02-22 16:00:00,10.9,office,63,1.45,3.92,0,7.79,0
2023-02-22 17:00:00,7.8,office,64,1.42,5.24,1,9.575,0
2023-02-22 18:00:00,8.7,office,11,0.68,2.66,1,5.435,0
2023-02-22 19:00:00,6.3,office,16,0.7,2.23,1,6.591,0
2023-02-22 20:00:00,5.2,office,0,0.03,2.46,1,4.908,0
2023-02-22 21:00:00,6.9,office,0,0.36,1.0,0,3.367,0
2023-02-22 22:00:00,5.5,office,0,0.26,0.41,0,3.419,0
2023-02-22 23:00:00,3.7,office,0,0.45,0.23,0,3.383,0
2023-02-23 00:00:00,0.5,office,0,0.16,1.22,0,3.737,0
2023-02-23 01:00:00,1.2,office,0,0.29,0.3,0,3.308,0
2023-02-23 02:00:00,3.3,office,0,0.25,0.38,0,3.667,0
2023-02-23 03:00:00,1.9,office,0,0.24,0.95,0,2.369,0
2023-02-23 04:00:00,5.6,office,0,0.23,0.98,0,3.73,0
2023-02-23 05:00:00,3.6,office,0,0.1,1.09,0,3.017,0
2023-02-23 06:00:00,4.3,office,0,0.38,0.71,0,2.816,0
2023-02-23 07:00:00,4.7,office,18,0.59,2.11,0,4.448,0
2023-02-23 08:00:00,6.7,office,34,1.16,4.17,1,7.898,0
2023-02-23 09:00:00,7.6,office,72,1.57,5.15,1,9.115,0
2023-02-23 10:00:00,10.1,office,51,1.36,4.66,1,8.711,0
2023-02-23 11:00:00,11.5,office,69,1.85,4.86,0,8.767,0
2023-02-23 12:00:00,9.7,office,50,1.33,3.59,0,7.625,0
2023-02-23 13:00:00,9.3,office,72,1.88,4.69,0,8.839,0
2023-02-23 14:00:00,8.7,office,37,1.15,2.34,0,5.994,0
2023-02-23 15:00:00,12.1,office,76,1.7,4.7,0,8.277,0
2023-02-23 16:00:00,9.2,office,49,1.28,3.38,0,6.905,0
2023-02-23 17:00:00,6.8,office,62,1.32,5.21,1,9.011,0
2023-02-23 18:00:00,9.6,office,14,0.55,3.2,1,6.581,0
2023-02-23 19:00:00,11.5,office,18,0.48,2.14,1,4.582,0
2023-02-23 20:00:00,6.5,office,0,0.37,1.28,1,4.602,0
2023-02-23 21:00:00,6.5,office,0,0.26,0.3,0,2.478,0
2023-02-23 22:00:00,4.1,office,0,0.21,1.17,0,3.448,0
2023-02-23 23:00:00,2.8,office,0,0.13,0.38,0,2.935,0
2023-02-24 00:00:00,3.7,office,0,0.5,1.01,0,3.914,0
2023-02-24 01:00:00,1.4,office,0,0.04,0.62,0,2.487,0
2023-02-24 02:00:00,2.1,office,0,0.02,0.79,0,2.959,0
2023-02-24 03:00:00,2.3,office,0,0.11,0.48,0,3.695,0
2023-02-24 04:00:00,1.3,office,0,0.49,1.33,0,4.157,0
2023-02-24 05:00:00,4.6,office,0,0.49,0.96,0,4.351,0
2023-02-24 06:00:00,3.9,office,0,0.33,1.43,0,4.365,0
2023-02-24 07:00:00,4.2,office,15,0.74,1.7,0,5.578,0
2023-02-24 08:00:00,7.5,office,55,1.21,4.11,1,8.775,0
2023-02-24 09:00:00,6.6,office,74,1.97,5.12,1,10.251,0
2023-02-24 10:00:00,9.2,office,48,1.03,4.89,1,7.814,0
2023-02-24 11:00:00,10.2,office,65,1.35,4.39,0,7.823,0
2023-02-24 12:00:00,12.6,office,38,0.82,2.16,0,5.222,0
2023-02-24 13:00:00,12.2,office,42,1.13,3.21,0,7.052,0
2023-02-24 14:00:00,11.6,office,56,1.51,3.54,0,7.359,0
2023-02-24 15:00:00,12.7,office,72,1.62,4.2,0,7.963,0
2023-02-24 16:00:00,13.1,office,54,1.57,3.1,0,7.455,0
2023-02-24 17:00:00,11.0,office,73,1.68,5.94,1,10.786,0
2023-02-24 18:00:00,9.2,office,10,0.28,1.78,1,5.438,0
2023-02-24 19:00:00,6.0,office,14,0.51,2.28,1,5.794,0
2023-02-24 20:00:00,5.1,office,0,0.34,1.6,1,5.308,0
2023-02-24 21:00:00,4.9,office,0,0.42,0.41,0,2.165,0
2023-02-24 22:00:00,3.3,office,0,0.23,0.86,0,2.863,0
2023-02-24 23:00:00,2.9,office,0,0.3,0.22,0,1.893,0
2023-02-25 00:00:00,2.6,office,0,0.13,0.59,0,3.901,0
2023-02-25 01:00:00,2.8,office,0,0.32,1.41,0,3.79,0
2023-02-25 02:00:00,1.7,office,0,0.49,0.6,0,2.439,0
2023-02-25 03:00:00,2.7,office,0,0.02,0.67,0,2.638,0
2023-02-25 04:00:00,2.6,office,0,0.44,0.82,0,3.397,0
2023-02-25 05:00:00,0.3,office,0,0.28,0.93,0,3.562,0
2023-02-25 06:00:00,2.9,office,0,0.13,1.25,0,3.827,0
2023-02-25 07:00:00,5.3,office,0,0.48,0.45,0,3.496,0
2023-02-25 08:00:00,5.0,office,0,0.24,2.33,1,5.004,0
2023-02-25 09:00:00,9.0,office,0,0.17,2.18,1,4.957,0
2023-02-25 10:00:00,11.6,office,0,0.09,2.14,1,4.738,0
2023-02-25 11:00:00,12.2,office,0,0.12,0.31,0,2.759,0
2023-02-25 12:00:00,10.8,office,0,0.42,0.23,0,2.094,0
2023-02-25 13:00:00,13.9,office,0,0.31,0.97,0,2.698,0
2023-02-25 14:00:00,12.1,office,0,0.46,1.32,0,3.185,0
2023-02-25 15:00:00,11.2,office,0,0.12,0.96,0,3.615,0
2023-02-25 16:00:00,10.2,office,0,0.06,0.48,0,2.823,0
2023-02-25 17:00:00,9.9,office,0,0.0,1.32,1,3.893,0
2023-02-25 18:00:00,8.8,office,0,0.25,2.11,1,4.983,0
2023-02-25 19:00:00,8.4,office,0,0.5,2.14,1,5.977,0
2023-02-25 20:00:00,7.1,office,0,0.35,1.42,1,3.872,0
2023-02-25 21:00:00,5.5,office,0,0.15,0.24,0,2.572,0
2023-02-25 22:00:00,5.0,office,0,0.44,0.73,0,3.707,0
2023-02-25 23:00:00,5.1,office,0,0.39,0.96,0,3.765,0
2023-02-26 00:00:00,4.1,office,0,0.01,1.12,0,2.802,0
2023-02-26 01:00:00,-0.0,office,0,0.41,1.25,0,4.846,0
2023-02-26 02:00:00,-1.8,office,0,0.15,0.99,0,3.454,0
2023-02-26 03:00:00,3.6,office,0,0.07,0.34,0,2.4,0
2023-02-26 04:00:00,0.6,office,0,0.11,1.09,0,2.66,0
2023-02-26 05:00:00,3.1,office,0,0.23,1.48,0,4.254,0
2023-02-26 06:00:00,2.8,office,0,0.21,1.38,0,3.898,0
2023-02-26 07:00:00,3.0,office,0,0.14,1.33,0,3.926,0
2023-02-26 08:00:00,7.8,office,0,0.09,1.59,1,3.636,0
2023-02-26 09:00:00,9.4,office,0,0.38,2.18,1,5.175,0
2023-02-26 10:00:00,8.6,office,0,0.5,2.31,1,6.33,0
2023-02-26 11:00:00,6.7,office,0,0.39,1.08,0,4.048,0
2023-02-26 12:00:00,10.5,office,0,0.15,0.53,0,2.789,0
2023-02-26 13:00:00,12.4,office,0,0.12,1.44,0,4.231,0
2023-02-26 14:00:00,9.8,office,0,0.11,0.79,0,3.324,0
2023-02-26 15:00:00,12.1,office,0,0.07,0.37,0,2.089,0
2023-02-26 16:00:00,11.3,office,0,0.28,0.34,0,2.266,0
2023-02-26 17:00:00,11.4,office,0,0.3,2.04,1,5.094,0
2023-02-26 18:00:00,9.7,office,0,0.35,1.77,1,4.722,0
2023-02-26 19:00:00,6.8,office,0,0.34,1.32,1,4.706,0
2023-02-26 20:00:00,8.8,office,0,0.15,2.16,1,4.382,0
2023-02-26 21:00:00,5.5,office,0,0.17,1.24,0,3.232,0
2023-02-26 22:00:00,4.5,office,0,0.34,1.14,0,3.045,0
2023-02-26 23:00:00,2.1,office,0,0.17,0.46,0,3.263,0
2023-02-27 00:00:00,2.2,office,0,0.11,1.1,0,3.816,0
2023-02-27 01:00:00,1.0,office,0,0.19,0.21,0,1.741,0
2023-02-27 02:00:00,1.9,office,0,0.14,0.6,0,2.942,0
2023-02-27 03:00:00,4.9,office,0,0.04,0.72,0,2.469,0
2023-02-27 04:00:00,0.8,office,0,0.42,1.29,0,4.646,0
2023-02-27 05:00:00,1.2,office,0,0.43,0.71,0,3.537,0
2023-02-27 06:00:00,6.9,office,0,0.11,0.21,0,3.471,0
2023-02-27 07:00:00,5.6,office,17,0.37,1.51,0,3.527,0
2023-02-27 08:00:00,6.2,office,65,2.79,9.88,1,33.334,1
2023-02-27 09:00:00,10.0,office,30,0.71,3.93,1,7.559,0
2023-02-27 10:00:00,8.8,office,49,1.18,4.87,1,9.074,0
2023-02-27 11:00:00,13.5,office,48,0.99,2.84,0,6.152,0
2023-02-27 12:00:00,12.5,office,43,0.97,2.59,0,6.149,0
2023-02-27 13:00:00,11.3,office,57,1.54,3.26,0,6.509,0
2023-02-27 14:00:00,15.4,office,80,2.0,5.23,0,10.042,0
2023-02-27 15:00:00,11.1,office,67,1.44,3.56,0,8.136,0
2023-02-27 16:00:00,12.6,office,68,1.53,3.77,0,8.226,0
2023-02-27 17:00:00,11.2,office,71,1.49,5.45,1,10.739,0
2023-02-27 18:00:00,11.6,office,15,0.34,2.27,1,5.415,0
2023-02-27 19:00:00,10.8,office,19,0.88,2.27,1,6.377,0
2023-02-27 20:00:00,7.2,office,0,0.33,1.67,1,4.723,0
2023-02-27 21:00:00,4.8,office,0,0.27,0.56,0,2.682,0
2023-02-27 22:00:00,5.4,office,0,0.38,0.86,0,3.917,0
2023-02-27 23:00:00,2.6,office,0,0.42,1.47,0,3.711,0
2023-02-28 00:00:00,6.1,office,0,0.4,0.36,0,3.702,0
2023-02-28 01:00:00,2.7,office,0,0.01,0.68,0,2.721,0
2023-02-28 02:00:00,1.8,office,0,0.09,1.41,0,4.076,0
2023-02-28 03:00:00,2.8,office,0,0.33,1.34,0,3.704,0
2023-02-28 04:00:00,1.0,office,0,0.19,0.71,0,3.961,0
2023-02-28 05:00:00,2.4,office,0,0.49,1.11,0,3.55,0
2023-02-28 06:00:00,6.7,office,0,0.33,0.31,0,2.444,0
2023-02-28 07:00:00,5.1,office,19,0.86,2.08,0,5.511,0
2023-02-28 08:00:00,5.8,office,58,1.26,5.36,1,8.944,0
2023-02-28 09:00:00,9.5,office,73,1.89,5.55,1,9.91,0
2023-02-28 10:00:00,11.6,office,43,1.02,4.0,1,7.966,0
2023-02-28 11:00:00,12.0,office,62,1.73,3.54,0,6.705,0
2023-02-28 12:00:00,13.2,office,60,1.28,4.02,0,8.303,0
2023-02-28 13:00:00,11.1,office,80,1.86,4.97,0,9.07,0
2023-02-28 14:00:00,10.2,office,80,2.0,5.05,0,9.868,0
2023-02-28 15:00:00,14.5,office,77,1.76,4.08,0,7.399,0
2023-02-28 16:00:00,11.2,office,40,1.03,2.91,0,6.762,0
2023-02-28 17:00:00,10.5,office,72,1.93,5.57,1,9.867,0
2023-02-28 18:00:00,11.9,office,7,0.35,1.82,1,4.242,0
2023-02-28 19:00:00,9.5,office,14,0.58,2.17,1,5.344,0
2023-02-28 20:00:00,8.1,office,0,0.05,3.42,1,18.961,1
2023-02-28 21:00:00,9.3,office,0,0.42,1.13,0,3.035,0
2023-02-28 22:00:00,3.9,office,0,0.32,0.99,0,3.328,0
2023-02-28 23:00:00,5.2,office,0,0.2,1.3,0,3.83,0
2023-03-01 00:00:00,3.3,office,0,0.01,0.58,0,2.694,0
2023-03-01 01:00:00,3.1,office,0,0.3,1.39,0,4.484,0
2023-03-01 02:00:00,4.8,office,0,0.01,1.17,0,3.044,0
2023-03-01 03:00:00,3.5,office,0,0.0,0.71,0,3.302,0
2023-03-01 04:00:00,4.0,office,0,0.31,0.32,0,2.946,0
2023-03-01 05:00:00,5.6,office,0,0.09,0.53,0,3.622,0
2023-03-01 06:00:00,4.5,office,0,0.1,1.44,0,3.524,0
2023-03-01 07:00:00,5.0,office,15,0.63,1.35,0,5.32,0
2023-03-01 08:00:00,6.0,office,35,0.73,3.38,1,6.583,0
2023-03-01 09:00:00,5.9,office,78,1.72,5.35,1,10.894,0
2023-03-01 10:00:00,13.1,office,45,2.01,9.85,1,34.304,1
2023-03-01 11:00:00,9.4,office,73,1.75,4.21,0,8.595,0
2023-03-01 12:00:00,11.6,office,49,1.31,3.08,0,7.016,0
2023-03-01 13:00:00,12.0,office,44,1.24,2.94,0,5.305,0
2023-03-01 14:00:00,13.0,office,42,0.97,2.86,0,5.58,0
2023-03-01 15:00:00,13.6,office,39,0.82,2.68,0,5.874,0
2023-03-01 16:00:00,13.2,office,31,0.66,2.4,0,5.415,0
2023-03-01 17:00:00,10.2,office,32,0.85,3.86,1,6.625,0
2023-03-01 18:00:00,9.8,office,12,1.11,5.42,1,26.26,1
2023-03-01 19:00:00,9.3,office,20,0.51,3.24,1,6.247,0
2023-03-01 20:00:00,7.2,office,0,0.13,1.33,1,4.317,0
2023-03-01 21:00:00,8.7,office,0,0.05,1.24,0,3.058,0
2023-03-01 22:00:00,5.8,office,0,0.3,0.36,0,2.099,0
2023-03-01 23:00:00,5.1,office,0,0.34,0.36,0,2.276,0
2023-03-02 00:00:00,4.4,office,0,0.32,1.43,0,4.019,0
2023-03-02 01:00:00,4.7,office,0,0.43,1.27,0,4.851,0
2023-03-02 02:00:00,3.0,office,0,0.24,0.92,0,2.425,0
2023-03-02 03:00:00,1.0,office,0,0.07,1.34,0,3.21,0
2023-03-02 04:00:00,4.0,office,0,0.14,1.49,0,3.395,0
2023-03-02 05:00:00,3.2,office,0,0.33,0.99,0,3.84,0
2023-03-02 06:00:00,4.4,office,0,0.31,1.0,0,3.631,0
2023-03-02 07:00:00,7.3,office,7,0.41,1.53,0,4.574,0
2023-03-02 08:00:00,9.6,office,59,1.52,4.45,1,8.539,0
2023-03-02 09:00:00,9.1,office,56,1.44,4.22,1,8.267,0
2023-03-02 10:00:00,10.7,office,70,1.84,5.69,1,10.038,0
2023-03-02 11:00:00,13.8,office,66,1.61,3.95,0,7.416,0
2023-03-02 12:00:00,12.4,office,42,1.23,2.48,0,6.738,0
2023-03-02 13:00:00,16.5,office,75,1.62,4.36,0,8.613,0
2023-03-02 14:00:00,13.6,office,74,1.82,4.37,0,8.483,0
2023-03-02 15:00:00,9.9,office,54,1.53,4.15,0,7.977,0
2023-03-02 16:00:00,13.2,office,61,1.41,4.16,0,8.305,0
2023-03-02 17:00:00,11.8,office,55,1.49,4.64,1,8.543,0
2023-03-02 18:00:00,12.2,office,12,0.6,3.06,1,6.358,0
2023-03-02 19:00:00,10.0,office,9,0.21,2.82,1,5.74,0
2023-03-02 20:00:00,7.5,office,0,0.29,1.87,1,5.808,0
2023-03-02 21:00:00,4.6,office,0,0.07,1.38,0,3.725,0
2023-03-02 22:00:00,4.9,office,0,0.48,0.73,0,3.918,0
2023-03-02 23:00:00,2.9,office,0,0.41,0.5,0,3.263,0
2023-03-03 00:00:00,2.7,office,0,0.05,0.5,0,2.943,0
2023-03-03 01:00:00,4.0,office,0,0.06,1.06,0,3.599,0
2023-03-03 02:00:00,5.4,office,0,0.77,1.56,0,13.409,1
2023-03-03 03:00:00,3.7,office,0,0.17,1.06,0,3.875,0
2023-03-03 04:00:00,1.8,office,0,0.02,1.09,0,3.331,0
2023-03-03 05:00:00,5.1,office,0,0.27,0.23,0,2.922,0
2023-03-03 06:00:00,7.2,office,0,0.19,0.27,0,3.695,0
2023-03-03 07:00:00,5.7,office,5,0.15,1.14,0,3.58,0
2023-03-03 08:00:00,7.7,office,78,1.96,5.35,1,10.295,0
2023-03-03 09:00:00,9.2,office,79,2.04,5.97,1,10.451,0
2023-03-03 10:00:00,9.3,office,36,1.1,3.72,1,7.137,0
2023-03-03 11:00:00,12.4,office,79,1.99,4.91,0,8.26,0
2023-03-03 12:00:00,12.1,office,57,1.25,3.44,0,7.167,0
2023-03-03 13:00:00,13.4,office,44,1.01,3.23,0,6.081,0
2023-03-03 14:00:00,11.6,office,41,0.92,3.33,0,5.197,0
2023-03-03 15:00:00,12.1,office,74,1.86,5.2,0,9.01,0
2023-03-03 16:00:00,13.3,office,63,1.73,4.44,0,8.395,0
2023-03-03 17:00:00,10.9,office,59,1.54,4.87,1,9.057,0
2023-03-03 18:00:00,13.0,office,6,0.56,1.75,1,4.191,0
2023-03-03 19:00:00,8.6,office,12,0.56,2.69,1,5.777,0
2023-03-03 20:00:00,8.3,office,0,0.19,2.42,1,5.011,0
2023-03-03 21:00:00,8.0,office,0,0.21,0.48,0,2.663,0
2023-03-03 22:00:00,3.3,office,0,0.04,0.53,0,2.632,0
2023-03-03 23:00:00,1.8,office,0,0.02,0.39,0,2.169,0
2023-03-04 00:00:00,1.5,office,0,0.35,1.16,0,3.425,0
2023-03-04 01:00:00,5.2,office,0,0.22,0.73,0,3.103,0
2023-03-04 02:00:00,2.3,office,0,0.28,0.28,0,2.179,0
2023-03-04 03:00:00,7.1,office,0,0.28,1.34,0,3.007,0
2023-03-04 04:00:00,2.9,office,0,0.14,0.92,0,2.817,0
2023-03-04 05:00:00,4.9,office,0,0.24,0.63,0,3.163,0
2023-03-04 06:00:00,7.9,office,0,0.24,0.65,0,3.335,0
2023-03-04 07:00:00,9.8,office,0,0.19,0.58,0,2.351,0
2023-03-04 08:00:00,11.2,office,0,0.41,1.79,1,5.043,0
2023-03-04 09:00:00,11.2,office,0,0.23,1.64,1,5.352,0
2023-03-04 10:00:00,12.2,office,0,0.3,1.91,1,4.963,0
2023-03-04 11:00:00,12.5,office,0,0.45,1.21,0,3.899,0
2023-03-04 12:00:00,13.6,office,0,0.43,1.08,0,3.926,0
2023-03-04 13:00:00,12.1,office,0,0.45,0.58,0,3.109,0
2023-03-04 14:00:00,11.9,office,0,0.14,0.89,0,2.72,0
2023-03-04 15:00:00,12.9,office,0,0.02,1.29,0,2.71,0
2023-03-04 16:00:00,12.2,office,0,0.13,0.29,0,3.809,0
2023-03-04 17:00:00,11.0,office,0,0.14,1.3,1,3.881,0
2023-03-04 18:00:00,11.7,office,0,0.45,1.92,1,5.638,0
2023-03-04 19:00:00,10.9,office,0,0.32,2.03,1,5.032,0
2023-03-04 20:00:00,8.3,office,0,0.04,1.47,1,4.427,0
2023-03-04 21:00:00,9.0,office,0,0.07,1.17,0,3.338,0
2023-03-04 22:00:00,3.9,office,0,0.08,1.04,0,4.353,0
2023-03-04 23:00:00,4.3,office,0,0.93,3.1,0,16.905,1
2023-03-05 00:00:00,2.9,office,0,0.37,0.42,0,3.848,0
2023-03-05 01:00:00,0.7,office,0,0.43,1.18,0,4.55,0
2023-03-05 02:00:00,3.2,office,0,0.47,0.31,0,2.418,0
2023-03-05 03:00:00,3.3,office,0,0.1,0.93,0,3.34,0
2023-03-05 04:00:00,6.3,office,0,0.15,0.92,0,3.526,0
2023-03-05 05:00:00,5.7,office,0,0.12,0.7,0,2.447,0
2023-03-05 06:00:00,4.3,office,0,0.18,1.3,0,3.795,0
2023-03-05 07:00:00,9.8,office,0,0.46,0.21,0,1.761,0
2023-03-05 08:00:00,10.2,office,0,0.29,1.88,1,5.076,0
2023-03-05 09:00:00,10.5,office,0,0.37,1.48,1,3.753,0
2023-03-05 10:00:00,10.5,office,0,0.25,2.17,1,4.85,0
2023-03-05 11:00:00,10.4,office,0,0.01,0.26,0,2.103,0
2023-03-05 12:00:00,12.1,office,0,0.03,1.28,0,3.786,0
2023-03-05 13:00:00,14.8,office,0,0.27,1.29,0,2.893,0
2023-03-05 14:00:00,16.1,office,0,0.36,1.28,0,5.113,0
2023-03-05 15:00:00,15.5,office,0,0.11,0.4,0,3.186,0
2023-03-05 16:00:00,11.9,office,0,0.36,1.02,0,4.175,0
2023-03-05 17:00:00,10.2,office,0,0.41,1.22,1,4.33,0
2023-03-05 18:00:00,11.0,office,0,0.21,2.3,1,4.754,0
2023-03-05 19:00:00,7.0,office,0,0.37,2.14,1,5.262,0
2023-03-05 20:00:00,8.8,office,0,0.2,1.89,1,4.149,0
2023-03-05 21:00:00,6.8,office,0,0.34,1.15,0,4.34,0
2023-03-05 22:00:00,5.1,office,0,0.38,0.32,0,3.878,0
2023-03-05 23:00:00,2.4,office,0,0.5,0.89,0,2.88,0
2023-03-06 00:00:00,5.0,office,0,0.17,0.58,0,3.216,0
2023-03-06 01:00:00,2.9,office,0,0.21,1.46,0,4.854,0
2023-03-06 02:00:00,1.8,office,0,0.08,1.31,0,3.828,0
2023-03-06 03:00:00,-0.6,office,0,0.1,1.15,0,4.174,0
2023-03-06 04:00:00,4.1,office,0,0.35,1.41,0,4.896,0
2023-03-06 05:00:00,7.6,office,0,0.46,0.65,0,2.816,0
2023-03-06 06:00:00,8.5,office,0,0.2,1.37,0,4.19,0
2023-03-06 07:00:00,6.5,office,8,0.25,1.02,0,4.53,0
2023-03-06 08:00:00,7.6,office,59,1.32,5.1,1,9.057,0
2023-03-06 09:00:00,10.5,office,38,0.99,4.06,1,7.287,0
2023-03-06 10:00:00,9.5,office,59,1.33,4.17,1,8.386,0
2023-03-06 11:00:00,12.5,office,72,1.56,4.27,0,8.004,0
2023-03-06 12:00:00,14.0,office,63,1.63,3.38,0,6.857,0
2023-03-06 13:00:00,15.2,office,65,1.3,4.75,0,8.815,0
2023-03-06 14:00:00,13.4,office,68,1.63,3.76,0,8.093,0
2023-03-06 15:00:00,13.0,office,50,3.99,7.27,0,20.565,1
2023-03-06 16:00:00,11.5,office,78,1.69,5.13,0,9.056,0
2023-03-06 17:00:00,10.8,office,58,1.46,4.36,1,9.49,0
2023-03-06 18:00:00,10.7,office,18,0.69,2.73,1,5.087,0
2023-03-06 19:00:00,10.4,office,19,0.71,2.94,1,5.513,0
2023-03-06 20:00:00,9.9,office,0,0.22,1.41,1,3.888,0
2023-03-06 21:00:00,6.0,office,0,0.17,1.21,0,3.381,0
2023-03-06 22:00:00,8.3,office,0,0.42,0.59,0,2.236,0
2023-03-06 23:00:00,4.6,office,0,0.38,0.47,0,2.639,0
2023-03-07 00:00:00,4.4,office,0,0.16,0.93,0,4.075,0
2023-03-07 01:00:00,2.8,office,0,0.05,0.73,0,2.676,0
2023-03-07 02:00:00,0.1,office,0,0.04,1.4,0,3.523,0
2023-03-07 03:00:00,5.2,office,0,0.05,1.34,0,3.215,0
2023-03-07 04:00:00,5.5,office,0,0.29,0.83,0,3.543,0
2023-03-07 05:00:00,4.8,office,0,0.03,0.67,0,3.571,0
2023-03-07 06:00:00,6.3,office,0,0.17,0.62,0,2.59,0
2023-03-07 07:00:00,8.2,office,10,0.58,1.05,0,4.106,0
2023-03-07 08:00:00,6.4,office,77,1.69,5.76,1,10.695,0
2023-03-07 09:00:00,9.2,office,60,1.58,5.25,1,9.548,0
2023-03-07 10:00:00,12.4,office,58,1.53,4.5,1,9.874,0
2023-03-07 11:00:00,10.4,office,46,1.04,2.75,0,6.028,0
2023-03-07 12:00:00,13.5,office,78,1.92,4.72,0,9.047,0
2023-03-07 13:00:00,11.5,office,45,1.27,2.54,0,5.671,0
2023-03-07 14:00:00,14.4,office,70,1.6,4.61,0,9.405,0
2023-03-07 15:00:00,13.5,office,47,1.05,3.22,0,6.539,0
2023-03-07 16:00:00,10.6,office,79,1.84,4.8,0,9.549,0
2023-03-07 17:00:00,14.0,office,79,2.04,5.54,1,9.661,0
2023-03-07 18:00:00,10.1,office,20,0.72,3.38,1,7.07,0
2023-03-07 19:00:00,8.8,office,12,0.33,1.92,1,5.904,0
2023-03-07 20:00:00,9.0,office,0,0.34,2.33,1,5.163,0
2023-03-07 21:00:00,9.1,office,0,0.59,1.52,0,15.184,1
2023-03-07 22:00:00,4.7,office,0,0.3,1.34,0,4.295,0
2023-03-07 23:00:00,5.3,office,0,0.37,1.15,0,3.975,0
2023-03-08 00:00:00,5.2,office,0,0.26,0.34,0,2.804,0
2023-03-08 01:00:00,5.1,office,0,0.41,1.28,0,3.592,0
2023-03-08 02:00:00,4.2,office,0,0.36,1.09,0,3.298,0
2023-03-08 03:00:00,3.5,office,0,0.31,0.24,0,2.376,0
2023-03-08 04:00:00,3.4,office,0,0.08,0.37,0,2.309,0
2023-03-08 05:00:00,5.5,office,0,0.42,1.03,0,2.824,0
2023-03-08 06:00:00,4.8,office,0,0.47,1.06,0,3.648,0
2023-03-08 07:00:00,3.2,office,13,0.33,1.82,0,4.499,0
2023-03-08 08:00:00,9.6,office,58,1.4,5.04,1,9.991,0
2023-03-08 09:00:00,11.6,office,34,0.81,3.76,1,7.91,0
2023-03-08 10:00:00,7.9,office,75,1.88,5.95,1,11.143,0
2023-03-08 11:00:00,10.9,office,48,1.32,3.35,0,6.222,0
2023-03-08 12:00:00,14.2,office,45,0.97,2.79,0,5.867,0
2023-03-08 13:00:00,16.8,office,47,1.38,3.74,0,7.1,0
2023-03-08 14:00:00,14.0,office,51,1.11,2.77,0,6.392,0
2023-03-08 15:00:00,12.7,office,50,1.4,3.18,0,7.034,0
2023-03-08 16:00:00,13.0,office,64,1.51,4.35,0,9.046,0
2023-03-08 17:00:00,14.5,office,35,0.86,3.51,1,5.957,0
2023-03-08 18:00:00,10.5,office,9,0.43,2.79,1,22.608,1
2023-03-08 19:00:00,9.0,office,9,0.26,1.74,1,5.059,0
2023-03-08 20:00:00,8.2,office,0,0.33,2.04,1,5.502,0
2023-03-08 21:00:00,6.2,office,0,0.28,1.45,0,3.413,0
2023-03-08 22:00:00,6.6,office,0,0.06,0.92,0,3.272,0
2023-03-08 23:00:00,7.8,office,0,0.06,0.86,0,2.436,0
2023-03-09 00:00:00,5.3,office,0,0.04,0.61,0,3.023,0
2023-03-09 01:00:00,3.9,office,0,0.37,0.53,0,3.015,0
2023-03-09 02:00:00,3.7,office,0,0.36,0.23,0,1.72,0
2023-03-09 03:00:00,2.0,office,0,0.03,0.55,0,2.184,0
2023-03-09 04:00:00,6.1,office,0,0.28,0.78,0,3.933,0
2023-03-09 05:00:00,5.5,office,0,0.04,0.46,0,2.53,0
2023-03-09 06:00:00,6.4,office,0,0.45,0.31,0,3.042,0
2023-03-09 07:00:00,12.6,office,12,0.69,1.73,0,5.203,0
2023-03-09 08:00:00,9.6,office,54,1.43,5.06,1,9.911,0
2023-03-09 09:00:00,9.3,office,74,1.94,6.12,1,11.545,0
2023-03-09 10:00:00,11.0,office,39,1.19,3.95,1,9.036,0
2023-03-09 11:00:00,14.4,office,75,1.91,4.02,0,8.105,0
2023-03-09 12:00:00,13.6,office,43,1.14,3.31,0,6.316,0
2023-03-09 13:00:00,11.8,office,34,0.83,2.04,0,5.71,0
2023-03-09 14:00:00,15.5,office,56,1.23,3.87,0,7.241,0
2023-03-09 15:00:00,13.0,office,56,1.28,4.01,0,7.404,0
2023-03-09 16:00:00,16.3,office,51,1.33,3.69,0,7.872,0
2023-03-09 17:00:00,14.3,office,64,1.37,5.64,1,9.721,0
2023-03-09 18:00:00,11.0,office,19,0.51,3.11,1,7.492,0
2023-03-09 19:00:00,12.3,office,18,0.59,3.0,1,6.638,0
2023-03-09 20:00:00,9.2,office,0,0.12,1.54,1,5.179,0
2023-03-09 21:00:00,9.1,office,0,0.29,1.4,0,3.942,0
2023-03-09 22:00:00,7.4,office,0,0.46,0.43,0,2.916,0
2023-03-09 23:00:00,4.3,office,0,0.37,1.38,0,4.451,0
2023-03-10 00:00:00,4.0,office,0,0.33,0.61,0,2.541,0
2023-03-10 01:00:00,6.1,office,0,0.29,0.37,0,2.658,0
2023-03-10 02:00:00,3.8,office,0,0.24,1.27,0,4.375,0
2023-03-10 03:00:00,3.9,office,0,0.09,0.2,0,2.431,0
2023-03-10 04:00:00,3.6,office,0,0.45,1.28,0,3.171,0
2023-03-10 05:00:00,6.4,office,0,0.12,0.54,0,2.655,0
2023-03-10 06:00:00,9.9,office,0,0.05,1.35,0,3.288,0
2023-03-10 07:00:00,6.4,office,6,0.5,1.4,0,3.775,0
2023-03-10 08:00:00,9.4,office,43,0.95,4.22,1,8.558,0
2023-03-10 09:00:00,12.8,office,56,1.31,4.47,1,8.525,0
2023-03-10 10:00:00,11.7,office,54,1.09,3.98,1,7.62,0
2023-03-10 11:00:00,13.6,office,79,1.65,5.23,0,9.129,0
2023-03-10 12:00:00,12.1,office,67,1.43,3.77,0,6.968,0
2023-03-10 13:00:00,14.8,office,74,1.51,4.38,0,8.356,0
2023-03-10 14:00:00,14.1,office,31,0.95,2.53,0,6.228,0
2023-03-10 15:00:00,15.6,office,78,1.98,4.73,0,9.214,0
2023-03-10 16:00:00,15.5,office,66,1.51,3.76,0,7.253,0
2023-03-10 17:00:00,16.8,office,54,1.52,4.08,1,8.526,0
2023-03-10 18:00:00,12.7,office,20,0.51,2.36,1,5.373,0
2023-03-10 19:00:00,11.1,office,5,0.26,2.57,1,4.986,0
2023-03-10 20:00:00,9.6,office,0,0.08,1.24,1,3.317,0
2023-03-10 21:00:00,7.5,office,0,0.31,1.47,0,4.645,0
2023-03-10 22:00:00,7.3,office,0,0.21,0.46,0,2.97,0
2023-03-10 23:00:00,5.4,office,0,0.31,0.34,0,2.717,0
2023-03-11 00:00:00,5.5,office,0,0.38,0.95,0,4.299,0
2023-03-11 01:00:00,6.7,office,0,0.27,0.3,0,2.912,0
2023-03-11 02:00:00,3.0,office,0,0.31,0.98,0,3.583,0
2023-03-11 03:00:00,6.4,office,0,0.47,1.31,0,4.507,0
2023-03-11 04:00:00,7.2,office,0,0.15,0.26,0,2.172,0
2023-03-11 05:00:00,5.8,office,0,0.18,1.24,0,4.259,0
2023-03-11 06:00:00,3.9,office,0,0.36,0.71,0,3.332,0
2023-03-11 07:00:00,7.3,office,0,0.31,0.41,0,2.587,0
2023-03-11 08:00:00,11.5,office,0,0.09,1.43,1,3.777,0
2023-03-11 09:00:00,10.8,office,0,0.19,2.39,1,5.93,0
2023-03-11 10:00:00,10.6,office,0,0.23,1.34,1,5.331,0
2023-03-11 11:00:00,12.3,office,0,0.21,1.33,0,5.072,0
2023-03-11 12:00:00,15.1,office,0,0.09,0.91,0,3.456,0
2023-03-11 13:00:00,15.2,office,0,0.46,0.25,0,3.412,0
2023-03-11 14:00:00,14.2,office,0,0.38,0.8,0,3.647,0
2023-03-11 15:00:00,13.8,office,0,0.24,1.26,0,3.876,0
2023-03-11 16:00:00,13.3,office,0,0.34,1.14,0,4.203,0
2023-03-11 17:00:00,11.7,office,0,0.45,1.84,1,5.184,0
2023-03-11 18:00:00,14.5,office,0,0.07,2.32,1,4.499,0
2023-03-11 19:00:00,10.4,office,0,0.13,1.36,1,4.143,0
2023-03-11 20:00:00,11.4,office,0,0.27,2.38,1,6.084,0
2023-03-11 21:00:00,10.5,office,0,0.4,1.3,0,3.673,0
2023-03-11 22:00:00,8.6,office,0,0.02,1.12,0,3.345,0
2023-03-11 23:00:00,5.4,office,0,0.49,1.26,0,5.032,0
2023-03-12 00:00:00,6.0,office,0,0.23,0.91,0,3.289,0
2023-03-12 01:00:00,4.9,office,0,0.18,1.08,0,3.273,0
2023-03-12 02:00:00,3.4,office,0,0.15,0.93,0,3.546,0
2023-03-12 03:00:00,5.4,office,0,0.09,0.66,0,3.692,0
2023-03-12 04:00:00,3.7,office,0,0.4,0.94,0,2.876,0
2023-03-12 05:00:00,8.0,office,0,0.48,0.53,0,3.345,0
2023-03-12 06:00:00,6.6,office,0,0.21,0.77,0,2.54,0
2023-03-12 07:00:00,8.8,office,0,0.48,0.57,0,3.695,0
2023-03-12 08:00:00,10.2,office,0,0.41,1.36,1,3.631,0
2023-03-12 09:00:00,10.7,office,0,0.24,1.62,1,4.047,0
2023-03-12 10:00:00,13.1,office,0,0.34,2.31,1,6.033,0
2023-03-12 11:00:00,12.6,office,0,0.22,0.7,0,3.893,0
2023-03-12 12:00:00,15.4,office,0,0.28,1.17,0,3.894,0
2023-03-12 13:00:00,12.6,office,0,0.03,0.43,0,3.604,0
2023-03-12 14:00:00,15.0,office,0,0.35,0.75,0,3.354,0
2023-03-12 15:00:00,17.5,office,0,0.03,0.35,0,1.26,0
2023-03-12 16:00:00,12.6,office,0,0.41,0.38,0,2.795,0
2023-03-12 17:00:00,12.3,office,0,0.41,2.0,1,5.549,0
2023-03-12 18:00:00,13.0,office,0,0.12,1.99,1,5.106,0
2023-03-12 19:00:00,11.3,office,0,0.16,1.48,1,5.211,0
2023-03-12 20:00:00,10.3,office,0,0.24,1.82,1,4.337,0
2023-03-12 21:00:00,9.2,office,0,0.3,1.32,0,3.052,0
2023-03-12 22:00:00,8.2,office,0,0.14,0.43,0,2.621,0
2023-03-12 23:00:00,7.9,office,0,0.3,0.22,0,2.643,0
2023-03-13 00:00:00,6.3,office,0,0.15,1.05,0,2.658,0
2023-03-13 01:00:00,4.8,office,0,0.03,0.27,0,2.009,0
2023-03-13 02:00:00,6.0,office,0,0.0,1.47,0,3.613,0
2023-03-13 03:00:00,8.0,office,0,0.05,0.99,0,3.231,0
2023-03-13 04:00:00,5.5,office,0,0.4,0.81,0,2.23,0
2023-03-13 05:00:00,5.0,office,0,0.48,0.76,0,4.052,0
2023-03-13 06:00:00,9.1,office,0,0.21,0.94,0,3.456,0
2023-03-13 07:00:00,8.5,office,16,0.58,1.12,0,3.957,0
2023-03-13 08:00:00,6.7,office,49,1.05,4.86,1,8.149,0
2023-03-13 09:00:00,12.5,office,78,3.83,13.84,1,31.782,1
2023-03-13 10:00:00,11.7,office,54,1.15,4.14,1,8.363,0
2023-03-13 11:00:00,13.4,office,56,1.43,3.73,0,8.422,0
2023-03-13 12:00:00,14.8,office,64,1.75,3.57,0,7.276,0
2023-03-13 13:00:00,15.1,office,77,1.64,4.07,0,7.991,0
2023-03-13 14:00:00,16.0,office,77,1.92,4.87,0,9.029,0
2023-03-13 15:00:00,14.2,office,64,1.29,4.24,0,7.811,0
2023-03-13 16:00:00,15.1,office,68,1.55,4.36,0,7.984,0
2023-03-13 17:00:00,13.1,office,44,0.94,3.64,1,7.437,0
2023-03-13 18:00:00,13.6,office,20,0.58,2.98,1,6.444,0
2023-03-13 19:00:00,12.2,office,12,0.33,1.87,1,5.242,0
2023-03-13 20:00:00,8.6,office,0,0.19,1.99,1,5.747,0
2023-03-13 21:00:00,10.3,office,0,0.21,0.92,0,3.717,0
2023-03-13 22:00:00,6.7,office,0,0.15,1.05,0,3.287,0
2023-03-13 23:00:00,7.7,office,0,0.33,1.36,0,4.853,0
2023-03-14 00:00:00,6.4,office,0,0.46,1.31,0,4.525,0
2023-03-14 01:00:00,8.1,office,0,0.2,1.47,0,3.137,0
2023-03-14 02:00:00,4.9,office,0,0.1,1.47,0,4.576,0
2023-03-14 03:00:00,4.9,office,0,0.14,1.2,0,3.215,0
2023-03-14 04:00:00,5.8,office,0,0.43,1.44,0,4.005,0
2023-03-14 05:00:00,6.2,office,0,0.29,1.33,0,2.947,0
2023-03-14 06:00:00,8.9,office,0,0.23,1.15,0,2.77,0
2023-03-14 07:00:00,6.5,office,13,0.33,0.95,0,3.124,0
2023-03-14 08:00:00,8.6,office,57,1.36,4.11,1,8.299,0
2023-03-14 09:00:00,9.9,office,61,1.36,5.34,1,8.389,0
2023-03-14 10:00:00,14.1,office,31,1.09,3.39,1,6.972,0
2023-03-14 11:00:00,16.3,office,54,1.52,3.96,0,8.091,0
2023-03-14 12:00:00,14.4,office,51,1.06,3.16,0,6.876,0
2023-03-14 13:00:00,14.8,office,72,1.7,4.32,0,8.923,0
2023-03-14 14:00:00,15.3,office,73,1.57,4.76,0,9.616,0
2023-03-14 15:00:00,16.8,office,55,1.31,4.14,0,7.672,0
2023-03-14 16:00:00,13.1,office,76,1.96,4.11,0,8.464,0
2023-03-14 17:00:00,14.1,office,40,1.06,4.32,1,8.113,0
2023-03-14 18:00:00,14.2,office,19,0.55,3.18,1,6.692,0
2023-03-14 19:00:00,12.2,office,9,0.28,2.06,1,5.683,0
2023-03-14 20:00:00,10.5,office,0,0.4,1.66,1,4.58,0
2023-03-14 21:00:00,10.4,office,0,0.31,0.26,0,3.101,0
2023-03-14 22:00:00,3.6,office,0,0.23,0.22,0,2.184,0
2023-03-14 23:00:00,7.7,office,0,0.11,0.82,0,2.798,0
2023-03-15 00:00:00,5.1,office,0,0.17,0.32,0,1.805,0
2023-03-15 01:00:00,2.9,office,0,0.48,0.45,0,2.885,0
2023-03-15 02:00:00,6.2,office,0,0.26,1.3,0,4.604,0
2023-03-15 03:00:00,7.7,office,0,0.2,0.94,0,3.986,0
2023-03-15 04:00:00,5.9,office,0,0.26,1.02,0,3.282,0
2023-03-15 05:00:00,8.3,office,0,0.39,0.44,0,2.828,0
2023-03-15 06:00:00,10.3,office,0,0.17,1.28,0,3.094,0
2023-03-15 07:00:00,11.1,office,5,0.19,1.58,0,4.091,0
2023-03-15 08:00:00,12.9,office,55,1.39,4.63,1,8.322,0
2023-03-15 09:00:00,12.8,office,67,1.67,5.74,1,10.816,0
2023-03-15 10:00:00,13.0,office,66,1.68,5.6,1,10.689,0
2023-03-15 11:00:00,11.6,office,72,1.88,4.75,0,9.241,0
2023-03-15 12:00:00,14.4,office,31,0.81,2.7,0,6.162,0
2023-03-15 13:00:00,14.0,office,35,0.74,2.09,0,5.022,0
2023-03-15 14:00:00,18.7,office,71,1.9,4.1,0,8.026,0
2023-03-15 15:00:00,15.0,office,57,1.36,3.14,0,7.157,0
2023-03-15 16:00:00,14.9,office,38,1.07,2.11,0,5.652,0
2023-03-15 17:00:00,14.8,office,59,1.51,4.36,1,8.347,0
2023-03-15 18:00:00,13.0,office,10,0.47,2.84,1,6.842,0
2023-03-15 19:00:00,14.3,office,6,0.22,1.81,1,5.277,0
2023-03-15 20:00:00,9.5,office,0,0.38,2.46,1,6.928,0
2023-03-15 21:00:00,9.4,office,0,0.4,0.98,0,3.578,0
2023-03-15 22:00:00,6.8,office,0,0.28,0.51,0,1.789,0
2023-03-15 23:00:00,4.9,office,0,0.24,0.85,0,3.134,0
2023-03-16 00:00:00,5.4,office,0,0.06,0.48,0,3.109,0
2023-03-16 01:00:00,5.8,office,0,0.04,1.48,0,3.189,0
2023-03-16 02:00:00,5.0,office,0,0.17,1.3,0,2.884,0
2023-03-16 03:00:00,4.8,office,0,0.16,0.23,0,2.224,0
2023-03-16 04:00:00,4.2,office,0,0.48,1.43,0,3.899,0
2023-03-16 05:00:00,7.0,office,0,0.39,1.14,0,3.873,0
2023-03-16 06:00:00,5.9,office,0,0.33,0.31,0,2.432,0
2023-03-16 07:00:00,10.5,office,13,0.52,1.72,0,4.12,0
2023-03-16 08:00:00,10.8,office,54,1.16,4.74,1,9.235,0
2023-03-16 09:00:00,9.8,office,50,1.49,3.98,1,8.946,0
2023-03-16 10:00:00,12.7,office,43,1.05,4.34,1,7.605,0
2023-03-16 11:00:00,13.1,office,59,1.23,3.26,0,6.157,0
2023-03-16 12:00:00,15.5,office,50,1.25,3.34,0,6.923,0
2023-03-16 13:00:00,17.5,office,51,1.46,2.76,0,7.068,0
2023-03-16 14:00:00,12.8,office,78,2.0,5.36,0,10.013,0
2023-03-16 15:00:00,15.7,office,54,1.09,3.88,0,7.528,0
2023-03-16 16:00:00,14.7,office,47,1.38,2.76,0,7.09,0
2023-03-16 17:00:00,15.2,office,78,1.7,5.54,1,9.256,0
2023-03-16 18:00:00,13.5,office,18,0.38,2.31,1,5.28,0
2023-03-16 19:00:00,10.8,office,13,0.68,2.85,1,6.378,0
2023-03-16 20:00:00,10.2,office,0,0.43,1.28,1,4.981,0
2023-03-16 21:00:00,8.2,office,0,0.3,1.29,0,3.95,0
2023-03-16 22:00:00,9.8,office,0,0.29,1.42,0,4.85,0
2023-03-16 23:00:00,7.1,office,0,0.41,1.08,0,4.285,0
2023-03-17 00:00:00,9.4,office,0,0.39,0.48,0,3.406,0
2023-03-17 01:00:00,6.0,office,0,0.45,0.67,0,3.145,0
2023-03-17 02:00:00,4.8,office,0,0.28,0.82,0,1.801,0
2023-03-17 03:00:00,3.8,office,0,0.48,0.99,0,4.52,0
2023-03-17 04:00:00,3.8,office,0,0.5,1.07,0,3.643,0
2023-03-17 05:00:00,5.0,office,0,0.06,0.92,0,1.973,0
2023-03-17 06:00:00,8.8,office,0,0.42,0.66,0,4.225,0
2023-03-17 07:00:00,10.3,office,7,0.39,1.71,0,5.254,0
2023-03-17 08:00:00,8.5,office,60,1.39,4.31,1,8.196,0
2023-03-17 09:00:00,13.5,office,31,0.93,3.36,1,6.993,0
2023-03-17 10:00:00,12.7,office,77,1.57,6.06,1,9.907,0
2023-03-17 11:00:00,14.6,office,64,1.53,3.48,0,7.24,0
2023-03-17 12:00:00,17.6,office,33,1.1,2.77,0,6.134,0
2023-03-17 13:00:00,17.1,office,52,1.15,3.87,0,7.797,0
2023-03-17 14:00:00,15.5,office,44,1.09,3.26,0,5.76,0
2023-03-17 15:00:00,14.4,office,71,1.89,3.77,0,7.915,0
2023-03-17 16:00:00,12.0,office,34,0.89,2.13,0,4.747,0
2023-03-17 17:00:00,13.3,office,79,1.76,5.59,1,10.674,0
2023-03-17 18:00:00,13.1,office,6,0.34,1.8,1,5.135,0
2023-03-17 19:00:00,10.7,office,5,0.36,2.7,1,5.266,0
2023-03-17 20:00:00,10.7,office,0,0.32,2.05,1,4.442,0
2023-03-17 21:00:00,9.7,office,0,0.4,0.59,0,3.497,0
2023-03-17 22:00:00,8.0,office,0,0.23,1.41,0,4.364,0
2023-03-17 23:00:00,6.4,office,0,0.41,1.16,0,4.369,0
2023-03-18 00:00:00,7.0,office,0,0.27,0.57,0,2.343,0
2023-03-18 01:00:00,6.9,office,0,0.17,0.69,0,4.238,0
2023-03-18 02:00:00,4.5,office,0,0.33,0.46,0,3.38,0
2023-03-18 03:00:00,8.4,office,0,0.36,1.46,0,3.798,0
2023-03-18 04:00:00,6.6,office,0,0.28,0.87,0,2.947,0
2023-03-18 05:00:00,7.6,office,0,0.03,1.36,0,3.51,0
2023-03-18 06:00:00,9.7,office,0,0.08,0.65,0,3.574,0
2023-03-18 07:00:00,10.2,office,0,0.14,1.32,0,4.146,0
2023-03-18 08:00:00,12.5,office,0,0.14,1.27,1,4.184,0
2023-03-18 09:00:00,12.8,office,0,0.34,2.48,1,4.807,0
2023-03-18 10:00:00,12.7,office,0,0.01,2.39,1,4.931,0
2023-03-18 11:00:00,15.2,office,0,0.38,0.67,0,3.38,0
2023-03-18 12:00:00,13.7,office,0,0.13,1.21,0,3.617,0
2023-03-18 13:00:00,16.1,office,0,0.16,1.18,0,4.054,0
2023-03-18 14:00:00,16.1,office,0,0.26,1.37,0,3.517,0
2023-03-18 15:00:00,15.6,office,0,0.11,0.6,0,2.145,0
2023-03-18 16:00:00,15.2,office,0,0.44,0.81,0,3.685,0
2023-03-18 17:00:00,11.8,office,0,0.04,2.32,1,5.778,0
2023-03-18 18:00:00,12.8,office,0,0.22,2.21,1,5.183,0
2023-03-18 19:00:00,12.5,office,0,0.42,1.71,1,4.585,0
2023-03-18 20:00:00,11.3,office,0,0.31,2.3,1,5.229,0
2023-03-18 21:00:00,8.3,office,0,0.15,0.26,0,2.086,0
2023-03-18 22:00:00,10.5,office,0,0.21,1.22,0,3.616,0
2023-03-18 23:00:00,6.3,office,0,0.35,0.47,0,3.827,0
2023-03-19 00:00:00,8.5,office,0,0.49,0.57,0,3.587,0
2023-03-19 01:00:00,7.1,office,0,0.45,0.84,0,3.167,0
2023-03-19 02:00:00,5.4,office,0,0.17,0.78,0,2.934,0
2023-03-19 03:00:00,9.2,office,0,0.5,0.88,0,4.629,0
2023-03-19 04:00:00,5.2,office,0,0.0,0.91,0,3.808,0
2023-03-19 05:00:00,9.2,office,0,0.01,0.63,0,2.807,0
2023-03-19 06:00:00,10.3,office,0,0.41,0.43,0,3.485,0
2023-03-19 07:00:00,9.0,office,0,0.1,1.2,0,3.853,0
2023-03-19 08:00:00,13.4,office,0,0.03,1.72,1,4.596,0
2023-03-19 09:00:00,12.3,office,0,0.12,1.86,1,5.107,0
2023-03-19 10:00:00,14.3,office,0,0.21,2.04,1,4.927,0
2023-03-19 11:00:00,15.3,office,0,0.37,1.38,0,4.201,0
2023-03-19 12:00:00,15.5,office,0,0.31,1.12,0,2.947,0
2023-03-19 13:00:00,17.4,office,0,0.12,0.26,0,1.86,0
2023-03-19 14:00:00,17.5,office,0,0.25,1.29,0,3.115,0
2023-03-19 15:00:00,13.5,office,0,0.46,1.49,0,4.836,0
2023-03-19 16:00:00,17.6,office,0,0.41,0.81,0,3.521,0
2023-03-19 17:00:00,12.4,office,0,0.16,2.46,1,5.678,0
2023-03-19 18:00:00,15.4,office,0,0.49,1.91,1,5.66,0
2023-03-19 19:00:00,14.3,office,0,0.35,1.8,1,4.399,0
2023-03-19 20:00:00,9.7,office,0,0.03,1.63,1,4.91,0
2023-03-19 21:00:00,9.4,office,0,0.02,1.05,0,2.948,0
2023-03-19 22:00:00,7.2,office,0,0.08,0.5,0,2.552,0
2023-03-19 23:00:00,7.5,office,0,0.36,0.34,0,2.389,0
2023-03-20 00:00:00,6.8,office,0,0.09,0.24,0,3.094,0
2023-03-20 01:00:00,7.9,office,0,0.26,0.58,0,3.525,0
2023-03-20 02:00:00,8.5,office,0,0.05,0.71,0,2.153,0
2023-03-20 03:00:00,8.8,office,0,0.46,0.92,0,4.051,0
2023-03-20 04:00:00,6.4,office,0,0.28,1.35,0,15.227,1
2023-03-20 05:00:00,7.7,office,0,0.45,1.48,0,3.618,0
2023-03-20 06:00:00,6.5,office,0,0.47,0.58,0,2.506,0
2023-03-20 07:00:00,9.1,office,12,0.24,1.37,0,3.248,0
2023-03-20 08:00:00,13.0,office,42,1.07,3.43,1,6.875,0
2023-03-20 09:00:00,15.3,office,31,0.63,3.09,1,6.578,0
2023-03-20 10:00:00,12.2,office,69,1.83,4.71,1,8.54,0
2023-03-20 11:00:00,14.2,office,39,1.04,2.88,0,6.302,0
2023-03-20 12:00:00,15.9,office,45,0.94,3.43,0,6.197,0
2023-03-20 13:00:00,16.8,office,38,0.82,2.35,0,5.213,0
2023-03-20 14:00:00,15.4,office,60,1.39,3.68,0,7.412,0
2023-03-20 15:00:00,17.0,office,72,1.91,3.82,0,7.532,0
2023-03-20 16:00:00,15.2,office,37,1.09,3.14,0,5.98,0
2023-03-20 17:00:00,15.1,office,66,1.75,5.51,1,10.922,0
2023-03-20 18:00:00,14.9,office,11,0.4,1.83,1,4.055,0
2023-03-20 19:00:00,12.9,office,19,0.4,2.62,1,4.9,0
2023-03-20 20:00:00,10.9,office,0,0.49,2.44,1,5.548,0
2023-03-20 21:00:00,10.1,office,0,0.01,0.71,0,3.097,0
2023-03-20 22:00:00,8.9,office,0,0.47,0.88,0,4.027,0
2023-03-20 23:00:00,7.5,office,0,0.18,0.66,0,3.494,0
2023-03-21 00:00:00,7.1,office,0,0.01,0.97,0,3.494,0
2023-03-21 01:00:00,9.4,office,0,0.34,1.47,0,4.315,0
2023-03-21 02:00:00,7.6,office,0,0.49,1.5,0,3.774,0
2023-03-21 03:00:00,6.5,office,0,0.48,1.21,0,3.641,0
2023-03-21 04:00:00,8.5,office,0,0.08,0.73,0,2.951,0
2023-03-21 05:00:00,7.8,office,0,0.09,0.84,0,2.672,0
2023-03-21 06:00:00,11.1,office,0,0.28,0.66,0,3.557,0
2023-03-21 07:00:00,11.1,office,13,0.58,2.13,0,4.546,0
2023-03-21 08:00:00,11.6,office,79,1.95,6.07,1,10.228,0
2023-03-21 09:00:00,13.8,office,53,1.15,4.43,1,8.763,0
2023-03-21 10:00:00,11.9,office,40,1.28,3.22,1,8.017,0
2023-03-21 11:00:00,13.6,office,68,1.68,4.28,0,7.705,0
2023-03-21 12:00:00,14.3,office,68,1.78,4.88,0,8.423,0
2023-03-21 13:00:00,16.8,office,77,1.81,4.73,0,8.146,0
2023-03-21 14:00:00,19.4,office,75,1.71,4.19,0,8.319,0
2023-03-21 15:00:00,20.0,office,37,1.23,2.08,0,5.441,0
2023-03-21 16:00:00,17.1,office,79,1.87,4.61,0,9.021,0
2023-03-21 17:00:00,16.1,office,40,1.23,4.39,1,8.808,0
2023-03-21 18:00:00,11.6,office,14,0.76,3.2,1,6.766,0
2023-03-21 19:00:00,12.3,office,8,0.5,2.83,1,5.83,0
2023-03-21 20:00:00,10.6,office,0,0.27,2.15,1,5.827,0
2023-03-21 21:00:00,9.6,office,0,0.0,0.93,0,2.904,0
2023-03-21 22:00:00,9.0,office,0,0.02,0.97,0,3.611,0
2023-03-21 23:00:00,7.6,office,0,0.1,0.9,0,3.72,0
2023-03-22 00:00:00,4.7,office,0,0.09,1.12,0,2.675,0
2023-03-22 01:00:00,8.3,office,0,0.13,0.74,0,3.846,0
2023-03-22 02:00:00,5.4,office,0,0.23,2.01,0,10.071,1
2023-03-22 03:00:00,7.6,office,0,0.18,0.36,0,3.097,0
2023-03-22 04:00:00,10.8,office,0,0.21,0.55,0,2.74,0
2023-03-22 05:00:00,7.1,office,0,0.05,1.29,0,4.204,0
2023-03-22 06:00:00,5.7,office,0,0.02,1.37,0,2.809,0
2023-03-22 07:00:00,10.3,office,5,0.44,1.15,0,4.346,0
2023-03-22 08:00:00,13.7,office,49,1.25,3.69,1,7.914,0
2023-03-22 09:00:00,16.3,office,66,1.54,5.71,1,10.637,0
2023-03-22 10:00:00,12.7,office,73,1.78,5.76,1,9.93,0
2023-03-22 11:00:00,16.3,office,54,1.49,3.44,0,6.922,0
2023-03-22 12:00:00,15.7,office,55,1.31,3.73,0,6.905,0
2023-03-22 13:00:00,16.7,office,75,1.82,4.51,0,7.466,0
2023-03-22 14:00:00,21.0,office,42,1.32,2.9,0,6.551,0
2023-03-22 15:00:00,14.6,office,34,1.1,3.05,0,7.22,0
2023-03-22 16:00:00,16.7,office,67,1.55,3.76,0,6.783,0
2023-03-22 17:00:00,16.3,office,74,1.8,5.03,1,9.368,0
2023-03-22 18:00:00,16.2,office,12,0.33,1.8,1,5.371,0
2023-03-22 19:00:00,13.5,office,8,0.44,2.01,1,4.663,0
2023-03-22 20:00:00,12.5,office,0,0.49,1.39,1,4.669,0
2023-03-22 21:00:00,10.2,office,0,0.26,0.49,0,3.762,0
2023-03-22 22:00:00,9.9,office,0,0.46,0.21,0,3.196,0
2023-03-22 23:00:00,8.0,office,0,0.2,0.5,0,2.903,0
2023-03-23 00:00:00,8.9,office,0,0.5,0.63,0,3.579,0
2023-03-23 01:00:00,6.9,office,0,0.29,0.24,0,2.011,0
2023-03-23 02:00:00,7.8,office,0,0.02,0.99,0,3.469,0
2023-03-23 03:00:00,7.4,office,0,0.29,0.94,0,3.792,0
2023-03-23 04:00:00,9.6,office,0,0.14,0.33,0,2.243,0
2023-03-23 05:00:00,8.7,office,0,0.02,0.97,0,2.271,0
2023-03-23 06:00:00,7.1,office,0,0.41,1.5,0,4.543,0
2023-03-23 07:00:00,12.9,office,14,0.42,2.13,0,4.883,0
2023-03-23 08:00:00,10.9,office,73,1.86,4.85,1,9.074,0
2023-03-23 09:00:00,12.6,office,68,1.5,5.63,1,10.923,0
2023-03-23 10:00:00,13.9,office,37,0.84,3.51,1,7.285,0
2023-03-23 11:00:00,17.9,office,80,2.09,4.28,0,9.218,0
2023-03-23 12:00:00,13.4,office,66,1.5,3.88,0,8.587,0
2023-03-23 13:00:00,21.8,office,80,1.9,4.62,0,8.967,0
2023-03-23 14:00:00,18.9,office,32,0.94,2.48,0,6.544,0
2023-03-23 15:00:00,17.4,office,52,1.32,3.66,0,7.629,0
2023-03-23 16:00:00,16.5,office,64,1.74,4.37,0,8.647,0
2023-03-23 17:00:00,16.2,office,57,1.48,4.37,1,9.649,0
2023-03-23 18:00:00,15.6,office,16,0.52,2.42,1,5.344,0
2023-03-23 19:00:00,14.5,office,7,0.57,1.95,1,4.824,0
2023-03-23 20:00:00,13.1,office,0,0.09,1.67,1,4.176,0
2023-03-23 21:00:00,11.1,office,0,0.27,1.5,0,4.552,0
2023-03-23 22:00:00,9.5,office,0,0.48,1.21,0,4.335,0
2023-03-23 23:00:00,8.5,office,0,0.31,1.47,0,3.61,0
2023-03-24 00:00:00,7.9,office,0,0.41,1.1,0,4.369,0
2023-03-24 01:00:00,9.4,office,0,0.33,0.73,0,3.794,0
2023-03-24 02:00:00,8.4,office,0,0.42,0.71,0,3.154,0
2023-03-24 03:00:00,3.3,office,0,0.47,0.84,0,3.509,0
2023-03-24 04:00:00,9.2,office,0,0.3,1.63,0,12.99,1
2023-03-24 05:00:00,9.3,office,0,0.08,1.28,0,4.427,0
2023-03-24 06:00:00,10.0,office,0,0.24,0.8,0,3.488,0
2023-03-24 07:00:00,10.6,office,15,0.65,1.33,0,4.126,0
2023-03-24 08:00:00,14.2,office,30,0.71,3.71,1,6.578,0
2023-03-24 09:00:00,15.2,office,56,1.12,5.11,1,9.423,0
2023-03-24 10:00:00,13.9,office,61,1.39,4.8,1,9.804,0
2023-03-24 11:00:00,16.7,office,36,1.2,2.87,0,6.394,0
2023-03-24 12:00:00,15.4,office,57,1.49,3.13,0,7.183,0
2023-03-24 13:00:00,15.3,office,53,1.26,3.54,0,6.931,0
2023-03-24 14:00:00,16.6,office,70,1.5,3.76,0,8.051,0
2023-03-24 15:00:00,18.6,office,59,1.36,3.19,0,6.462,0
2023-03-24 16:00:00,18.3,office,75,1.58,4.75,0,8.018,0
2023-03-24 17:00:00,16.8,office,39,0.83,3.54,1,7.502,0
2023-03-24 18:00:00,16.1,office,18,0.81,3.07,1,6.991,0
2023-03-24 19:00:00,14.6,office,10,0.7,2.86,1,6.784,0
2023-03-24 20:00:00,11.6,office,0,0.08,1.38,1,3.782,0
2023-03-24 21:00:00,11.9,office,0,0.03,1.14,0,2.94,0
2023-03-24 22:00:00,11.2,office,0,0.16,0.87,0,2.547,0
2023-03-24 23:00:00,10.1,office,0,0.23,0.35,0,2.758,0
2023-03-25 00:00:00,10.2,office,0,0.1,1.05,0,3.363,0
2023-03-25 01:00:00,9.0,office,0,0.15,0.99,0,2.995,0
2023-03-25 02:00:00,8.3,office,0,0.1,0.87,0,3.771,0
2023-03-25 03:00:00,9.5,office,0,0.39,1.4,0,3.856,0
2023-03-25 04:00:00,8.4,office,0,0.36,0.88,0,3.636,0
2023-03-25 05:00:00,7.9,office,0,0.32,1.49,0,4.327,0
2023-03-25 06:00:00,10.0,office,0,0.19,0.86,0,3.291,0
2023-03-25 07:00:00,10.3,office,0,0.45,0.35,0,2.487,0
2023-03-25 08:00:00,11.7,office,0,0.48,1.81,1,5.71,0
2023-03-25 09:00:00,13.8,office,0,0.09,1.44,1,4.05,0
2023-03-25 10:00:00,14.1,office,0,0.11,1.98,1,5.149,0
2023-03-25 11:00:00,15.8,office,0,0.26,1.1,0,3.909,0
2023-03-25 12:00:00,14.2,office,0,0.05,0.81,0,2.908,0
2023-03-25 13:00:00,17.9,office,0,0.22,0.33,0,3.22,0
2023-03-25 14:00:00,17.8,office,0,0.29,0.81,0,3.222,0
2023-03-25 15:00:00,16.4,office,0,0.26,0.31,0,3.074,0
2023-03-25 16:00:00,18.1,office,0,0.17,1.09,0,4.594,0
2023-03-25 17:00:00,17.7,office,0,0.27,2.23,1,4.252,0
2023-03-25 18:00:00,12.8,office,0,0.48,2.45,1,4.917,0
2023-03-25 19:00:00,12.9,office,0,0.1,1.39,1,4.125,0
2023-03-25 20:00:00,11.6,office,0,0.33,1.89,1,6.192,0
2023-03-25 21:00:00,10.1,office,0,0.02,0.94,0,2.435,0
2023-03-25 22:00:00,11.5,office,0,0.03,1.4,0,3.948,0
2023-03-25 23:00:00,8.9,office,0,0.28,1.02,0,3.45,0
2023-03-26 00:00:00,8.3,office,0,0.05,0.39,0,2.948,0
2023-03-26 01:00:00,5.2,office,0,0.01,0.77,0,2.262,0
2023-03-26 02:00:00,9.0,office,0,0.09,1.05,0,2.755,0
2023-03-26 03:00:00,6.3,office,0,0.28,1.11,0,3.765,0
2023-03-26 04:00:00,8.8,office,0,0.35,1.32,0,3.184,0
2023-03-26 05:00:00,9.9,office,0,0.1,0.43,0,2.417,0
2023-03-26 06:00:00,12.5,office,0,0.33,1.44,0,3.356,0
2023-03-26 07:00:00,9.7,office,0,0.09,0.28,0,2.319,0
2023-03-26 08:00:00,8.5,office,0,0.31,2.48,1,5.737,0
2023-03-26 09:00:00,14.6,office,0,0.21,2.32,1,4.576,0
2023-03-26 10:00:00,18.2,office,0,0.33,2.06,1,4.683,0
2023-03-26 11:00:00,18.4,office,0,0.5,1.16,0,3.411,0
2023-03-26 12:00:00,17.6,office,0,0.94,0.64,0,11.95,1
2023-03-26 13:00:00,17.1,office,0,0.0,0.25,0,1.897,0
2023-03-26 14:00:00,19.2,office,0,0.44,0.33,0,3.039,0
2023-03-26 15:00:00,16.4,office,0,0.03,0.31,0,2.075,0
2023-03-26 16:00:00,18.0,office,0,0.48,0.91,0,4.248,0
2023-03-26 17:00:00,17.3,office,0,0.14,1.48,1,3.615,0
2023-03-26 18:00:00,17.1,office,0,0.19,2.32,1,5.99,0
2023-03-26 19:00:00,18.4,office,0,0.05,1.78,1,4.719,0
2023-03-26 20:00:00,13.6,office,0,0.06,2.1,1,4.665,0
2023-03-26 21:00:00,10.9,office,0,0.87,1.79,0,15.942,1
2023-03-26 22:00:00,10.5,office,0,1.0,1.11,0,8.687,1
2023-03-26 23:00:00,6.8,office,0,0.31,0.52,0,2.647,0
2023-03-27 00:00:00,7.9,office,0,0.36,0.65,0,2.654,0
2023-03-27 01:00:00,7.8,office,0,0.38,1.24,0,3.757,0
2023-03-27 02:00:00,7.5,office,0,0.13,0.96,0,2.896,0
2023-03-27 03:00:00,8.6,office,0,0.02,0.53,0,2.078,0
2023-03-27 04:00:00,7.7,office,0,0.0,1.26,0,2.632,0
2023-03-27 05:00:00,11.4,office,0,0.18,0.27,0,2.439,0
2023-03-27 06:00:00,10.7,office,0,0.12,1.11,0,3.049,0
2023-03-27 07:00:00,11.9,office,13,0.29,1.42,0,4.06,0
2023-03-27 08:00:00,12.8,office,69,1.47,5.6,1,10.354,0
2023-03-27 09:00:00,14.8,office,64,1.34,5.61,1,9.504,0
2023-03-27 10:00:00,17.0,office,79,2.04,6.13,1,10.719,0
2023-03-27 11:00:00,15.5,office,60,1.27,3.77,0,6.599,0
2023-03-27 12:00:00,16.6,office,59,1.45,3.35,0,6.89,0
2023-03-27 13:00:00,17.6,office,57,1.44,4.1,0,7.177,0
2023-03-27 14:00:00,16.2,office,76,1.79,4.6,0,9.364,0
2023-03-27 15:00:00,16.8,office,67,1.39,3.65,0,7.431,0
2023-03-27 16:00:00,16.9,office,47,1.1,3.48,0,6.474,0
2023-03-27 17:00:00,18.1,office,50,1.03,4.08,1,8.213,0
2023-03-27 18:00:00,16.1,office,12,0.44,1.86,1,5.122,0
2023-03-27 19:00:00,14.8,office,7,0.23,2.72,1,5.646,0
2023-03-27 20:00:00,14.5,office,0,0.28,1.83,1,4.265,0
2023-03-27 21:00:00,11.7,office,0,0.35,0.57,0,3.975,0
2023-03-27 22:00:00,11.3,office,0,0.27,1.13,0,3.42,0
2023-03-27 23:00:00,9.6,office,0,0.22,1.35,0,3.288,0
2023-03-28 00:00:00,9.6,office,0,0.19,0.2,0,1.864,0
2023-03-28 01:00:00,7.8,office,0,0.42,1.09,0,3.541,0
2023-03-28 02:00:00,4.8,office,0,0.11,1.2,0,3.805,0
2023-03-28 03:00:00,8.5,office,0,0.37,0.47,0,3.086,0
2023-03-28 04:00:00,11.3,office,0,0.38,0.84,0,4.488,0
2023-03-28 05:00:00,11.3,office,0,0.21,0.32,0,2.27,0
2023-03-28 06:00:00,12.4,office,0,0.15,1.17,0,2.974,0
2023-03-28 07:00:00,14.0,office,13,0.5,1.95,0,4.677,0
2023-03-28 08:00:00,13.6,office,58,1.21,4.24,1,8.211,0
2023-03-28 09:00:00,15.1,office,45,0.92,4.51,1,9.396,0
2023-03-28 10:00:00,15.1,office,78,1.62,6.1,1,10.174,0
2023-03-28 11:00:00,16.5,office,59,1.27,3.6,0,6.119,0
2023-03-28 12:00:00,18.7,office,66,1.57,4.4,0,9.475,0
2023-03-28 13:00:00,20.1,office,69,1.8,3.65,0,8.334,0
2023-03-28 14:00:00,18.3,office,72,1.56,5.01,0,7.977,0
2023-03-28 15:00:00,17.6,office,54,1.55,3.62,0,7.713,0
2023-03-28 16:00:00,17.8,office,51,1.5,3.56,0,7.625,0
2023-03-28 17:00:00,17.9,office,31,1.1,3.61,1,6.974,0
2023-03-28 18:00:00,13.8,office,20,0.82,2.93,1,7.067,0
2023-03-28 19:00:00,11.3,office,15,0.48,3.06,1,5.892,0
2023-03-28 20:00:00,12.7,office,0,0.04,1.99,1,4.726,0
2023-03-28 21:00:00,10.4,office,0,0.28,1.38,0,3.553,0
2023-03-28 22:00:00,10.2,office,0,0.28,0.96,0,3.958,0
2023-03-28 23:00:00,9.7,office,0,0.42,0.42,0,2.792,0
2023-03-29 00:00:00,8.7,office,0,0.95,2.53,0,15.702,1
2023-03-29 01:00:00,11.1,office,0,0.25,1.09,0,3.509,0
2023-03-29 02:00:00,9.2,office,0,0.17,1.11,0,3.669,0
2023-03-29 03:00:00,9.4,office,0,0.09,1.48,0,4.053,0
2023-03-29 04:00:00,10.3,office,0,0.0,0.3,0,2.972,0
2023-03-29 05:00:00,8.5,office,0,0.25,0.76,0,2.632,0
2023-03-29 06:00:00,12.8,office,0,0.51,1.19,0,11.731,1
2023-03-29 07:00:00,12.3,office,10,0.61,1.52,0,5.13,0
2023-03-29 08:00:00,14.7,office,61,1.47,5.3,1,10.134,0
2023-03-29 09:00:00,13.4,office,43,1.32,4.61,1,8.276,0
2023-03-29 10:00:00,13.9,office,52,1.35,4.39,1,8.704,0
2023-03-29 11:00:00,18.5,office,46,1.34,3.52,0,6.811,0
2023-03-29 12:00:00,18.6,office,51,1.09,3.94,0,6.653,0
2023-03-29 13:00:00,17.2,office,47,1.37,3.44,0,7.327,0
2023-03-29 14:00:00,17.4,office,68,1.7,3.92,0,7.249,0
2023-03-29 15:00:00,20.3,office,74,1.57,4.69,0,7.303,0
2023-03-29 16:00:00,16.3,office,47,1.03,3.81,0,7.621,0
2023-03-29 17:00:00,19.7,office,65,1.76,5.73,1,10.567,0
2023-03-29 18:00:00,14.9,office,5,0.12,2.29,1,5.537,0
2023-03-29 19:00:00,16.0,office,11,0.45,2.9,1,6.612,0
2023-03-29 20:00:00,13.2,office,0,0.16,1.46,1,4.614,0
2023-03-29 21:00:00,13.3,office,0,0.33,0.52,0,2.784,0
2023-03-29 22:00:00,10.4,office,0,0.42,1.44,0,4.281,0
2023-03-29 23:00:00,10.0,office,0,0.18,0.38,0,2.874,0
2023-03-30 00:00:00,9.7,office,0,0.21,0.45,0,2.355,0
2023-03-30 01:00:00,7.6,office,0,0.49,0.75,0,3.402,0
2023-03-30 02:00:00,10.1,office,0,0.39,0.97,0,3.851,0
2023-03-30 03:00:00,8.4,office,0,0.45,0.98,0,3.058,0
2023-03-30 04:00:00,9.3,office,0,0.22,0.58,0,3.282,0
2023-03-30 05:00:00,9.0,office,0,0.12,1.4,0,4.343,0
2023-03-30 06:00:00,7.6,office,0,0.21,1.39,0,3.089,0
2023-03-30 07:00:00,12.4,office,7,0.5,1.06,0,3.189,0
2023-03-30 08:00:00,17.6,office,45,0.95,4.01,1,8.214,0
2023-03-30 09:00:00,16.5,office,76,1.66,5.91,1,10.087,0
2023-03-30 10:00:00,16.5,office,56,1.14,4.86,1,8.515,0
2023-03-30 11:00:00,17.1,office,61,1.44,3.75,0,7.407,0
2023-03-30 12:00:00,18.3,office,65,1.71,3.99,0,8.282,0
2023-03-30 13:00:00,19.6,office,78,1.57,4.55,0,8.73,0
2023-03-30 14:00:00,17.2,office,45,1.24,2.76,0,6.409,0
2023-03-30 15:00:00,20.5,office,74,1.95,4.5,0,9.756,0
2023-03-30 16:00:00,19.4,office,60,1.32,4.09,0,7.67,0
2023-03-30 17:00:00,18.6,office,71,1.77,5.71,1,10.75,0
2023-03-30 18:00:00,17.1,office,20,0.89,3.21,1,6.568,0
2023-03-30 19:00:00,15.3,office,19,0.86,2.64,1,5.536,0
2023-03-30 20:00:00,15.0,office,0,0.12,2.19,1,5.949,0
2023-03-30 21:00:00,13.6,office,0,0.05,0.21,0,1.432,0
2023-03-30 22:00:00,11.0,office,0,0.07,0.82,0,3.705,0
2023-03-30 23:00:00,9.6,office,0,0.66,2.05,0,11.869,1
2023-03-31 00:00:00,10.1,office,0,0.36,1.02,0,3.918,0
2023-03-31 01:00:00,11.7,office,0,0.34,0.82,0,4.127,0
2023-03-31 02:00:00,7.4,office,0,0.17,1.04,0,3.798,0
2023-03-31 03:00:00,7.2,office,0,0.08,1.38,0,3.108,0
2023-03-31 04:00:00,10.1,office,0,0.29,0.94,0,3.045,0
2023-03-31 05:00:00,10.8,office,0,0.24,1.24,0,3.394,0
2023-03-31 06:00:00,12.0,office,0,0.36,1.47,0,3.37,0
2023-03-31 07:00:00,13.3,office,5,0.32,1.37,0,3.873,0
2023-03-31 08:00:00,13.9,office,35,0.87,3.7,1,7.196,0
2023-03-31 09:00:00,17.8,office,48,1.11,3.65,1,7.372,0
2023-03-31 10:00:00,14.3,office,44,2.32,9.43,1,29.764,1
2023-03-31 11:00:00,16.5,office,55,1.23,3.69,0,7.008,0
2023-03-31 12:00:00,18.4,office,74,1.53,4.94,0,8.335,0
2023-03-31 13:00:00,16.6,office,45,1.07,3.02,0,6.686,0
2023-03-31 14:00:00,19.0,office,49,1.0,3.9,0,7.707,0
2023-03-31 15:00:00,21.6,office,72,1.53,4.15,0,7.225,0
2023-03-31 16:00:00,18.6,office,67,1.71,4.52,0,8.047,0
2023-03-31 17:00:00,18.1,office,53,1.22,4.39,1,8.806,0
2023-03-31 18:00:00,14.8,office,20,0.73,2.83,1,5.866,0
2023-03-31 19:00:00,14.6,office,16,0.68,3.04,1,5.902,0
2023-03-31 20:00:00,13.7,office,0,0.29,1.59,1,5.017,0
2023-03-31 21:00:00,12.5,office,0,0.48,0.33,0,2.34,0
2023-03-31 22:00:00,13.7,office,0,0.01,0.88,0,2.583,0
2023-03-31 23:00:00,11.5,office,0,0.37,0.89,0,4.387,0
2023-04-01 00:00:00,8.5,office,0,0.48,1.24,0,3.577,0
2023-04-01 01:00:00,10.0,office,0,0.43,1.46,0,5.033,0
2023-04-01 02:00:00,10.2,office,0,0.08,0.27,0,2.144,0
2023-04-01 03:00:00,11.4,office,0,0.16,0.97,0,3.272,0
2023-04-01 04:00:00,12.5,office,0,0.09,1.09,0,3.685,0
2023-04-01 05:00:00,9.4,office,0,0.3,1.48,0,3.363,0
2023-04-01 06:00:00,10.8,office,0,0.36,1.43,0,3.859,0
2023-04-01 07:00:00,11.3,office,0,0.16,1.13,0,4.052,0
2023-04-01 08:00:00,14.1,office,0,0.27,1.88,1,4.014,0
2023-04-01 09:00:00,16.5,office,0,0.35,1.41,1,5.074,0
2023-04-01 10:00:00,18.5,office,0,0.21,1.7,1,4.567,0
2023-04-01 11:00:00,17.9,office,0,0.43,0.96,0,3.744,0
2023-04-01 12:00:00,18.3,office,0,0.39,1.14,0,4.344,0
2023-04-01 13:00:00,19.5,office,0,0.03,1.03,0,2.737,0
2023-04-01 14:00:00,18.2,office,0,0.31,1.13,0,3.137,0
2023-04-01 15:00:00,22.4,office,0,0.6,1.45,0,8.909,1
2023-04-01 16:00:00,16.4,office,0,0.28,1.15,0,4.078,0
2023-04-01 17:00:00,18.3,office,0,0.48,1.39,1,4.126,0
2023-04-01 18:00:00,20.0,office,0,0.44,1.41,1,5.017,0
2023-04-01 19:00:00,15.8,office,0,0.2,1.41,1,3.124,0
2023-04-01 20:00:00,14.2,office,0,0.43,5.65,1,20.545,1
2023-04-01 21:00:00,12.7,office,0,0.12,0.3,0,2.75,0
2023-04-01 22:00:00,11.7,office,0,0.27,1.24,0,4.394,0
2023-04-01 23:00:00,13.0,office,0,0.06,0.5,0,3.487,0
2023-04-02 00:00:00,7.1,office,0,0.27,0.81,0,2.96,0
2023-04-02 01:00:00,12.2,office,0,0.0,1.39,0,3.125,0
2023-04-02 02:00:00,7.6,office,0,0.16,0.96,0,3.744,0
2023-04-02 03:00:00,9.5,office,0,0.11,0.47,0,2.217,0
2023-04-02 04:00:00,9.8,office,0,0.49,0.57,0,3.874,0
2023-04-02 05:00:00,12.1,office,0,0.36,1.4,0,4.58,0
2023-04-02 06:00:00,9.8,office,0,0.17,0.76,0,3.325,0
2023-04-02 07:00:00,14.1,office,0,0.05,0.96,0,2.593,0
2023-04-02 08:00:00,17.8,office,0,0.26,1.8,1,4.066,0
2023-04-02 09:00:00,14.0,office,0,0.11,1.69,1,4.759,0
2023-04-02 10:00:00,17.5,office,0,0.27,1.49,1,4.08,0
2023-04-02 11:00:00,17.3,office,0,0.42,1.09,0,4.444,0
2023-04-02 12:00:00,19.7,office,0,0.31,1.13,0,3.716,0
2023-04-02 13:00:00,19.6,office,0,0.32,0.56,0,3.144,0
2023-04-02 14:00:00,18.8,office,0,0.27,1.23,0,3.216,0
2023-04-02 15:00:00,20.3,office,0,0.46,1.31,0,4.704,0
2023-04-02 16:00:00,21.8,office,0,0.47,1.4,0,4.174,0
2023-04-02 17:00:00,18.0,office,0,0.26,1.41,1,4.47,0
2023-04-02 18:00:00,18.3,office,0,0.15,1.6,1,5.167,0
2023-04-02 19:00:00,14.1,office,0,0.23,2.32,1,5.569,0
2023-04-02 20:00:00,13.3,office,0,0.09,1.46,1,5.131,0
2023-04-02 21:00:00,14.1,office,0,0.72,0.41,0,7.941,1
2023-04-02 22:00:00,14.5,office,0,0.25,1.33,0,3.67,0
2023-04-02 23:00:00,11.7,office,0,0.05,0.62,0,3.007,0
2023-04-03 00:00:00,10.2,office,0,0.1,0.74,0,3.042,0
2023-04-03 01:00:00,10.2,office,0,0.24,0.78,0,3.896,0
2023-04-03 02:00:00,8.1,office,0,0.44,1.3,0,4.354,0
2023-04-03 03:00:00,11.1,office,0,0.28,0.64,0,3.02,0
2023-04-03 04:00:00,12.0,office,0,0.34,1.36,0,4.343,0
2023-04-03 05:00:00,10.8,office,0,0.17,1.0,0,2.726,0
2023-04-03 06:00:00,11.8,office,0,0.29,0.89,0,4.013,0
2023-04-03 07:00:00,14.1,office,18,0.58,1.52,0,3.874,0
2023-04-03 08:00:00,14.3,office,77,1.87,5.37,1,10.409,0
2023-04-03 09:00:00,16.2,office,65,1.33,5.26,1,8.97,0
2023-04-03 10:00:00,20.6,office,51,1.27,4.33,1,8.128,0
2023-04-03 11:00:00,18.2,office,52,1.19,3.98,0,6.81,0
2023-04-03 12:00:00,18.8,office,74,1.64,4.54,0,7.958,0
2023-04-03 13:00:00,18.8,office,59,1.66,3.82,0,7.627,0
2023-04-03 14:00:00,21.1,office,47,1.03,3.09,0,6.138,0
2023-04-03 15:00:00,19.5,office,49,1.14,3.68,0,6.256,0
2023-04-03 16:00:00,18.3,office,46,1.17,3.05,0,7.056,0
2023-04-03 17:00:00,20.5,office,44,1.31,3.75,1,7.095,0
2023-04-03 18:00:00,19.6,office,8,0.37,2.72,1,6.333,0
2023-04-03 19:00:00,15.4,office,11,0.59,2.53,1,5.774,0
2023-04-03 20:00:00,12.2,office,0,0.43,1.97,1,4.95,0
2023-04-03 21:00:00,15.2,office,0,0.16,0.99,0,2.987,0
2023-04-03 22:00:00,11.5,office,0,0.2,1.13,0,3.687,0
2023-04-03 23:00:00,12.6,office,0,0.18,0.61,0,3.403,0
2023-04-04 00:00:00,8.0,office,0,0.42,0.24,0,2.752,0
2023-04-04 01:00:00,11.7,office,0,0.02,1.25,0,2.716,0
2023-04-04 02:00:00,8.4,office,0,0.15,0.37,0,2.306,0
2023-04-04 03:00:00,11.5,office,0,0.34,1.14,0,3.325,0
2023-04-04 04:00:00,10.9,office,0,0.28,0.31,0,1.707,0
2023-04-04 05:00:00,10.3,office,0,0.22,0.69,0,2.915,0
2023-04-04 06:00:00,12.1,office,0,0.27,0.28,0,3.338,0
2023-04-04 07:00:00,15.0,office,15,0.4,1.63,0,3.719,0
2023-04-04 08:00:00,15.4,office,37,0.96,3.9,1,7.303,0
2023-04-04 09:00:00,17.4,office,77,1.79,5.27,1,9.314,0
2023-04-04 10:00:00,20.7,office,64,1.73,4.88,1,9.644,0
2023-04-04 11:00:00,16.4,office,78,1.69,5.31,0,8.717,0
2023-04-04 12:00:00,22.0,office,74,1.91,4.48,0,9.252,0
2023-04-04 13:00:00,20.2,office,41,1.14,3.29,0,6.433,0
2023-04-04 14:00:00,18.9,office,42,0.85,3.51,0,7.134,0
2023-04-04 15:00:00,18.1,office,43,1.22,3.62,0,6.919,0
2023-04-04 16:00:00,19.3,office,77,1.56,5.22,0,8.856,0
2023-04-04 17:00:00,20.2,office,60,1.7,4.61,1,8.947,0
2023-04-04 18:00:00,17.5,office,13,0.7,3.1,1,6.84,0
2023-04-04 19:00:00,18.8,office,14,0.43,2.96,1,6.574,0
2023-04-04 20:00:00,13.1,office,0,0.13,2.29,1,5.231,0
2023-04-04 21:00:00,13.9,office,0,0.19,0.22,0,3.429,0
2023-04-04 22:00:00,10.9,office,0,0.18,1.44,0,3.688,0
2023-04-04 23:00:00,12.2,office,0,0.19,1.21,0,3.244,0
2023-04-05 00:00:00,12.5,office,0,0.16,1.2,0,3.041,0
2023-04-05 01:00:00,10.0,office,0,0.31,0.31,0,2.718,0
2023-04-05 02:00:00,6.6,office,0,0.08,0.5,0,3.452,0
2023-04-05 03:00:00,11.0,office,0,0.42,1.45,0,4.486,0
2023-04-05 04:00:00,11.8,office,0,0.41,0.85,0,3.967,0
2023-04-05 05:00:00,12.6,office,0,0.24,0.72,0,3.519,0
2023-04-05 06:00:00,14.8,office,0,0.43,1.29,0,4.106,0
2023-04-05 07:00:00,12.6,office,8,0.28,0.71,0,3.909,0
2023-04-05 08:00:00,16.5,office,42,0.85,3.84,1,7.244,0
2023-04-05 09:00:00,18.6,office,48,1.27,4.09,1,7.793,0
2023-04-05 10:00:00,15.3,office,44,1.11,3.85,1,7.853,0
2023-04-05 11:00:00,19.5,office,53,1.34,3.25,0,7.431,0
2023-04-05 12:00:00,19.1,office,41,1.27,2.52,0,5.94,0
2023-04-05 13:00:00,20.2,office,49,1.46,2.87,0,6.051,0
2023-04-05 14:00:00,21.0,office,30,0.92,2.53,0,5.162,0
2023-04-05 15:00:00,19.6,office,75,1.88,5.15,0,10.109,0
2023-04-05 16:00:00,18.8,office,64,1.32,4.06,0,8.313,0
2023-04-05 17:00:00,19.1,office,38,0.84,3.49,1,6.949,0
2023-04-05 18:00:00,16.4,office,13,0.63,2.06,1,5.46,0
2023-04-05 19:00:00,15.2,office,6,0.34,2.58,1,6.736,0
2023-04-05 20:00:00,16.5,office,0,0.22,2.46,1,6.698,0
2023-04-05 21:00:00,12.5,office,0,0.15,0.65,0,3.373,0
2023-04-05 22:00:00,14.0,office,0,0.3,0.58,0,3.007,0
2023-04-05 23:00:00,12.7,office,0,0.09,0.98,0,3.453,0
2023-04-06 00:00:00,8.8,office,0,0.31,1.21,0,2.995,0
2023-04-06 01:00:00,9.9,office,0,0.09,0.79,0,3.605,0
2023-04-06 02:00:00,12.5,office,0,0.03,1.02,0,2.979,0
2023-04-06 03:00:00,9.4,office,0,0.17,1.13,0,3.471,0
2023-04-06 04:00:00,10.7,office,0,0.12,1.45,0,4.45,0
2023-04-06 05:00:00,12.9,office,0,0.44,0.41,0,3.797,0
2023-04-06 06:00:00,14.4,office,0,0.03,1.5,0,4.056,0
2023-04-06 07:00:00,14.1,office,6,0.21,1.01,0,2.721,0
2023-04-06 08:00:00,14.9,office,65,1.57,5.39,1,10.268,0
2023-04-06 09:00:00,19.2,office,48,1.2,4.34,1,7.24,0
2023-04-06 10:00:00,20.9,office,74,1.5,5.53,1,9.643,0
2023-04-06 11:00:00,20.8,office,38,0.76,3.01,0,6.806,0
2023-04-06 12:00:00,20.2,office,70,1.89,4.21,0,7.92,0
2023-04-06 13:00:00,19.4,office,78,1.89,4.26,0,8.838,0
2023-04-06 14:00:00,19.5,office,61,1.4,3.89,0,7.757,0
2023-04-06 15:00:00,21.4,office,36,0.96,2.68,0,5.739,0
2023-04-06 16:00:00,20.7,office,30,0.73,1.96,0,4.962,0
2023-04-06 17:00:00,21.4,office,66,1.49,5.72,1,10.815,0
2023-04-06 18:00:00,19.2,office,14,0.6,2.2,1,6.241,0
2023-04-06 19:00:00,14.8,office,20,0.84,2.73,1,6.552,0
2023-04-06 20:00:00,17.3,office,0,0.09,1.4,1,4.887,0
2023-04-06 21:00:00,13.0,office,0,0.42,0.9,0,4.135,0
2023-04-06 22:00:00,12.7,office,0,0.06,0.6,0,3.029,0
2023-04-06 23:00:00,12.6,office,0,0.11,0.84,0,2.502,0
2023-04-07 00:00:00,14.7,office,0,0.02,0.49,0,3.395,0
2023-04-07 01:00:00,15.8,office,0,0.07,0.27,0,0.964,0
2023-04-07 02:00:00,11.9,office,0,0.46,1.21,0,3.149,0
2023-04-07 03:00:00,10.9,office,0,0.23,1.03,0,3.326,0
2023-04-07 04:00:00,12.5,office,0,0.04,0.64,0,1.983,0
2023-04-07 05:00:00,13.8,office,0,0.48,0.26,0,3.601,0
2023-04-07 06:00:00,13.0,office,0,0.44,1.33,0,3.693,0
2023-04-07 07:00:00,17.4,office,20,0.78,1.42,0,4.127,0
2023-04-07 08:00:00,16.3,office,58,1.63,5.31,1,10.223,0
2023-04-07 09:00:00,18.0,office,51,1.13,4.37,1,8.017,0
2023-04-07 10:00:00,19.5,office,41,1.24,3.69,1,7.629,0
2023-04-07 11:00:00,20.2,office,33,1.0,2.81,0,6.325,0
2023-04-07 12:00:00,21.6,office,46,1.35,3.64,0,7.668,0
2023-04-07 13:00:00,19.9,office,60,4.03,6.2,0,26.977,1
2023-04-07 14:00:00,20.2,office,37,0.91,2.58,0,4.798,0
2023-04-07 15:00:00,19.2,office,34,1.07,2.46,0,5.474,0
2023-04-07 16:00:00,21.0,office,55,1.23,4.15,0,7.558,0
2023-04-07 17:00:00,20.7,office,61,1.38,5.15,1,8.326,0
2023-04-07 18:00:00,19.2,office,7,0.19,1.87,1,4.748,0
2023-04-07 19:00:00,19.8,office,6,0.59,1.74,1,5.525,0
2023-04-07 20:00:00,16.0,office,0,0.15,1.5,1,4.534,0
2023-04-07 21:00:00,15.7,office,0,0.26,0.54,0,2.867,0
2023-04-07 22:00:00,11.9,office,0,0.2,0.5,0,2.746,0
2023-04-07 23:00:00,11.9,office,0,0.48,1.06,0,3.448,0
2023-04-08 00:00:00,13.0,office,0,0.17,0.35,0,2.766,0
2023-04-08 01:00:00,12.7,office,0,0.39,0.7,0,3.598,0
2023-04-08 02:00:00,10.8,office,0,0.43,1.01,0,3.929,0
2023-04-08 03:00:00,11.3,office,0,0.22,0.58,0,3.546,0
2023-04-08 04:00:00,9.7,office,0,0.19,0.28,0,4.046,0
2023-04-08 05:00:00,12.2,office,0,0.37,0.31,0,3.249,0
2023-04-08 06:00:00,15.1,office,0,0.46,0.36,0,3.102,0
2023-04-08 07:00:00,15.8,office,0,0.38,1.29,0,3.058,0
2023-04-08 08:00:00,17.0,office,0,0.11,2.06,1,4.569,0
2023-04-08 09:00:00,17.6,office,0,0.44,1.28,1,4.51,0
2023-04-08 10:00:00,18.8,office,0,0.19,1.71,1,4.385,0
2023-04-08 11:00:00,18.8,office,0,0.29,0.56,0,2.666,0
2023-04-08 12:00:00,21.6,office,0,0.42,0.95,0,2.53,0
2023-04-08 13:00:00,21.7,office,0,0.09,0.88,0,2.469,0
2023-04-08 14:00:00,22.0,office,0,0.39,0.83,0,3.891,0
2023-04-08 15:00:00,20.3,office,0,0.3,0.61,0,3.221,0
2023-04-08 16:00:00,17.4,office,0,0.45,0.38,0,3.278,0
2023-04-08 17:00:00,21.4,office,0,0.24,4.72,1,21.679,1
2023-04-08 18:00:00,18.0,office,0,0.21,2.34,1,5.859,0
2023-04-08 19:00:00,16.3,office,0,0.42,2.43,1,5.835,0
2023-04-08 20:00:00,17.3,office,0,0.01,1.28,1,3.393,0
2023-04-08 21:00:00,14.4,office,0,0.06,1.16,0,3.903,0
2023-04-08 22:00:00,15.4,office,0,0.5,1.14,0,3.048,0
2023-04-08 23:00:00,13.7,office,0,0.14,1.43,0,4.345,0
2023-04-09 00:00:00,13.2,office,0,0.49,0.53,0,3.857,0
2023-04-09 01:00:00,9.6,office,0,0.09,1.16,0,3.939,0
2023-04-09 02:00:00,13.3,office,0,0.18,0.27,0,2.342,0
2023-04-09 03:00:00,12.1,office,0,0.38,1.02,0,3.081,0
2023-04-09 04:00:00,11.6,office,0,0.33,0.66,0,3.146,0
2023-04-09 05:00:00,13.2,office,0,0.29,1.2,0,2.801,0
2023-04-09 06:00:00,11.4,office,0,0.26,1.32,0,3.514,0
2023-04-09 07:00:00,15.8,office,0,0.42,0.67,0,2.696,0
2023-04-09 08:00:00,15.0,office,0,0.12,1.88,1,4.854,0
2023-04-09 09:00:00,15.8,office,0,0.22,1.35,1,5.244,0
2023-04-09 10:00:00,16.7,office,0,0.08,1.74,1,3.913,0
2023-04-09 11:00:00,21.7,office,0,0.3,0.67,0,4.293,0
2023-04-09 12:00:00,19.9,office,0,0.13,0.44,0,2.813,0
2023-04-09 13:00:00,23.6,office,0,0.97,1.36,0,5.482,0
2023-04-09 14:00:00,20.7,office,0,0.24,0.39,0,3.956,0
2023-04-09 15:00:00,18.8,office,0,0.01,1.03,0,3.774,0
2023-04-09 16:00:00,19.2,office,0,0.05,1.36,0,4.035,0
2023-04-09 17:00:00,21.9,office,0,0.34,2.39,1,5.48,0
2023-04-09 18:00:00,18.8,office,0,0.21,2.23,1,5.025,0
2023-04-09 19:00:00,17.0,office,0,0.43,1.43,1,6.046,0
2023-04-09 20:00:00,16.8,office,0,0.35,2.26,1,5.001,0
2023-04-09 21:00:00,16.0,office,0,0.0,0.56,0,2.518,0
2023-04-09 22:00:00,15.7,office,0,0.31,1.4,0,4.132,0
2023-04-09 23:00:00,15.2,office,0,0.05,1.12,0,4.009,0
2023-04-10 00:00:00,11.9,office,0,0.39,1.22,0,4.936,0
2023-04-10 01:00:00,10.0,office,0,0.5,0.31,0,2.539,0
2023-04-10 02:00:00,11.2,office,0,0.27,0.96,0,3.748,0
2023-04-10 03:00:00,12.3,office,0,0.34,1.27,0,3.195,0
2023-04-10 04:00:00,11.0,office,0,0.12,1.32,0,3.972,0
2023-04-10 05:00:00,11.8,office,0,0.22,0.24,0,2.214,0
2023-04-10 06:00:00,14.8,office,0,0.43,1.42,0,5.052,0
2023-04-10 07:00:00,15.4,office,9,0.26,0.71,0,2.438,0
2023-04-10 08:00:00,16.8,office,39,0.91,3.95,1,7.56,0
2023-04-10 09:00:00,16.9,office,66,1.54,5.4,1,9.11,0
2023-04-10 10:00:00,18.9,office,49,1.34,3.79,1,7.698,0
2023-04-10 11:00:00,18.9,office,35,0.89,2.01,0,5.409,0
2023-04-10 12:00:00,22.4,office,45,1.56,3.47,0,6.697,0
2023-04-10 13:00:00,23.2,office,37,1.39,2.55,0,5.483,0
2023-04-10 14:00:00,19.0,office,65,1.49,3.59,0,6.701,0
2023-04-10 15:00:00,20.2,office,78,1.91,5.09,0,9.843,0
2023-04-10 16:00:00,18.9,office,56,1.23,4.1,0,6.869,0
2023-04-10 17:00:00,19.3,office,68,1.69,5.36,1,9.775,0
2023-04-10 18:00:00,19.1,office,12,0.32,2.01,1,5.504,0
2023-04-10 19:00:00,15.9,office,17,0.37,2.07,1,5.738,0
2023-04-10 20:00:00,15.4,office,0,0.06,2.11,1,5.183,0
2023-04-10 21:00:00,14.0,office,0,0.46,0.92,0,4.687,0
2023-04-10 22:00:00,14.6,office,0,0.28,1.05,0,2.518,0
2023-04-10 23:00:00,13.3,office,0,0.4,1.26,0,4.243,0
2023-04-11 00:00:00,11.6,office,0,0.17,0.76,0,3.345,0
2023-04-11 01:00:00,12.5,office,0,0.3,0.36,0,3.738,0
2023-04-11 02:00:00,11.2,office,0,0.25,1.42,0,4.032,0
2023-04-11 03:00:00,11.8,office,0,0.47,0.91,0,4.196,0
2023-04-11 04:00:00,15.2,office,0,0.37,1.0,0,3.543,0
2023-04-11 05:00:00,15.5,office,0,0.37,1.41,0,4.36,0
2023-04-11 06:00:00,12.6,office,0,0.02,1.41,0,4.107,0
2023-04-11 07:00:00,17.0,office,19,0.65,1.89,0,4.149,0
2023-04-11 08:00:00,18.2,office,58,1.39,4.49,1,8.923,0
2023-04-11 09:00:00,16.6,office,49,1.44,4.95,1,9.037,0
2023-04-11 10:00:00,20.8,office,67,1.47,5.44,1,9.988,0
2023-04-11 11:00:00,22.9,office,57,1.72,3.58,0,7.848,0
2023-04-11 12:00:00,19.7,office,49,1.19,3.38,0,7.327,0
2023-04-11 13:00:00,20.5,office,66,2.58,9.89,0,31.627,1
2023-04-11 14:00:00,23.6,office,69,2.24,4.8,0,10.642,0
2023-04-11 15:00:00,22.3,office,33,1.24,2.48,0,6.249,0
2023-04-11 16:00:00,22.2,office,69,1.76,4.72,0,8.284,0
2023-04-11 17:00:00,21.1,office,77,1.97,6.14,1,11.181,0
2023-04-11 18:00:00,20.1,office,8,0.58,2.67,1,5.676,0
2023-04-11 19:00:00,16.3,office,11,0.36,2.69,1,5.135,0
2023-04-11 20:00:00,18.6,office,0,0.27,2.31,1,5.375,0
2023-04-11 21:00:00,17.5,office,0,0.04,0.7,0,3.076,0
2023-04-11 22:00:00,14.2,office,0,0.46,0.35,0,2.553,0
2023-04-11 23:00:00,13.4,office,0,0.2,1.3,0,3.34,0
2023-04-12 00:00:00,10.7,office,0,0.2,0.85,0,4.094,0
2023-04-12 01:00:00,13.2,office,0,0.15,0.37,0,2.362,0
2023-04-12 02:00:00,13.1,office,0,0.23,0.35,0,2.497,0
2023-04-12 03:00:00,12.4,office,0,0.13,0.41,0,3.562,0
2023-04-12 04:00:00,14.6,office,0,0.19,1.18,0,3.207,0
2023-04-12 05:00:00,13.3,office,0,0.4,1.12,0,4.51,0
2023-04-12 06:00:00,15.6,office,0,0.42,0.46,0,2.697,0
2023-04-12 07:00:00,14.5,office,11,0.37,1.85,0,4.732,0
2023-04-12 08:00:00,17.3,office,46,1.15,3.87,1,7.389,0
2023-04-12 09:00:00,18.3,office,72,1.88,5.83,1,10.545,0
2023-04-12 10:00:00,20.1,office,35,0.73,3.59,1,6.799,0
2023-04-12 11:00:00,20.3,office,40,1.24,3.15,0,6.125,0
2023-04-12 12:00:00,21.4,office,45,1.01,2.95,0,6.806,0
2023-04-12 13:00:00,23.4,office,41,1.86,2.7,0,7.984,0
2023-04-12 14:00:00,21.6,office,65,2.58,8.29,0,25.212,1
2023-04-12 15:00:00,19.7,office,34,0.96,1.95,0,5.03,0
2023-04-12 16:00:00,24.2,office,40,2.33,3.47,0,8.323,0
2023-04-12 17:00:00,22.9,office,30,1.1,3.54,1,7.39,0
2023-04-12 18:00:00,17.9,office,18,0.53,2.66,1,5.748,0
2023-04-12 19:00:00,19.6,office,19,0.65,2.97,1,6.458,0
2023-04-12 20:00:00,16.5,office,0,0.41,1.36,1,4.165,0
2023-04-12 21:00:00,16.4,office,0,0.11,0.87,0,3.564,0
2023-04-12 22:00:00,15.2,office,0,0.4,1.48,0,4.47,0
2023-04-12 23:00:00,13.4,office,0,0.2,0.51,0,1.97,0
2023-04-13 00:00:00,12.0,office,0,0.09,1.14,0,3.118,0
2023-04-13 01:00:00,11.7,office,0,0.38,0.77,0,4.461,0
2023-04-13 02:00:00,11.2,office,0,0.05,1.05,0,3.437,0
2023-04-13 03:00:00,11.5,office,0,0.26,0.47,0,2.75,0
2023-04-13 04:00:00,13.1,office,0,0.03,0.81,0,3.335,0
2023-04-13 05:00:00,12.9,office,0,0.18,1.47,0,3.891,0
2023-04-13 06:00:00,16.1,office,0,0.3,0.45,0,2.348,0
2023-04-13 07:00:00,18.5,office,20,0.68,2.03,0,4.75,0
2023-04-13 08:00:00,16.7,office,48,1.16,4.35,1,7.466,0
2023-04-13 09:00:00,19.2,office,32,0.85,3.53,1,7.627,0
2023-04-13 10:00:00,20.8,office,44,0.99,4.2,1,8.398,0
2023-04-13 11:00:00,21.8,office,48,1.19,3.25,0,6.299,0
2023-04-13 12:00:00,22.0,office,75,1.98,3.97,0,7.446,0
2023-04-13 13:00:00,23.5,office,48,2.14,3.77,0,8.624,0
2023-04-13 14:00:00,23.3,office,74,2.2,4.98,0,9.39,0
2023-04-13 15:00:00,20.5,office,59,1.19,3.38,0,7.113,0
2023-04-13 16:00:00,23.2,office,34,1.75,2.44,0,6.347,0
2023-04-13 17:00:00,22.4,office,73,1.92,5.85,1,9.869,0
2023-04-13 18:00:00,18.9,office,12,0.51,3.07,1,6.833,0
2023-04-13 19:00:00,18.9,office,13,0.65,3.09,1,5.638,0
2023-04-13 20:00:00,18.6,office,0,0.16,2.37,1,5.234,0
2023-04-13 21:00:00,15.9,office,0,0.24,0.41,0,2.557,0
2023-04-13 22:00:00,16.7,office,0,0.48,1.39,0,3.826,0
2023-04-13 23:00:00,17.6,office,0,0.34,1.34,0,3.348,0
2023-04-14 00:00:00,12.3,office,0,0.08,0.69,0,2.84,0
2023-04-14 01:00:00,10.9,office,0,0.07,0.71,0,3.192,0
2023-04-14 02:00:00,13.3,office,0,0.1,0.8,0,2.955,0
2023-04-14 03:00:00,14.1,office,0,0.38,1.05,0,4.816,0
2023-04-14 04:00:00,13.1,office,0,0.15,0.54,0,3.285,0
2023-04-14 05:00:00,16.5,office,0,0.01,0.23,0,2.997,0
2023-04-14 06:00:00,13.3,office,0,0.47,0.38,0,4.512,0
2023-04-14 07:00:00,17.6,office,11,0.3,1.32,0,3.442,0
2023-04-14 08:00:00,16.9,office,57,1.14,4.42,1,8.164,0
2023-04-14 09:00:00,21.7,office,37,0.86,4.04,1,8.119,0
2023-04-14 10:00:00,23.3,office,64,2.05,4.54,1,8.463,0
2023-04-14 11:00:00,20.2,office,44,1.09,3.59,0,8.01,0
2023-04-14 12:00:00,21.3,office,71,1.88,4.91,0,9.233,0
2023-04-14 13:00:00,23.9,office,39,2.17,3.33,0,7.851,0
2023-04-14 14:00:00,22.2,office,47,1.27,3.51,0,6.534,0
2023-04-14 15:00:00,22.6,office,39,1.29,2.29,0,6.273,0
2023-04-14 16:00:00,22.2,office,34,1.06,2.47,0,5.405,0
2023-04-14 17:00:00,18.5,office,33,0.78,3.02,1,6.645,0
2023-04-14 18:00:00,20.3,office,10,0.23,2.98,1,5.543,0
2023-04-14 19:00:00,18.1,office,14,0.75,2.33,1,6.148,0
2023-04-14 20:00:00,17.1,office,0,0.09,1.96,1,5.073,0
2023-04-14 21:00:00,18.7,office,0,0.1,1.21,0,4.467,0
2023-04-14 22:00:00,13.4,office,0,0.24,1.4,0,4.365,0
2023-04-14 23:00:00,15.5,office,0,0.25,1.18,0,3.714,0
2023-04-15 00:00:00,13.3,office,0,0.01,1.08,0,3.703,0
2023-04-15 01:00:00,12.8,office,0,0.07,0.81,0,3.497,0
2023-04-15 02:00:00,14.3,office,0,0.19,0.99,0,3.931,0
2023-04-15 03:00:00,13.7,office,0,0.34,0.32,0,1.734,0
2023-04-15 04:00:00,14.6,office,0,0.11,1.35,0,3.195,0
2023-04-15 05:00:00,16.0,office,0,0.21,0.91,0,3.574,0
2023-04-15 06:00:00,15.1,office,0,0.28,0.25,0,2.723,0
2023-04-15 07:00:00,15.9,office,0,0.44,1.4,0,4.384,0
2023-04-15 08:00:00,16.4,office,0,0.16,1.84,1,3.726,0
2023-04-15 09:00:00,18.1,office,0,0.07,2.33,1,5.825,0
2023-04-15 10:00:00,25.0,office,0,1.74,2.31,1,6.434,0
2023-04-15 11:00:00,23.5,office,0,1.12,1.26,0,5.122,0
2023-04-15 12:00:00,20.4,office,0,0.05,0.28,0,2.048,0
2023-04-15 13:00:00,20.9,office,0,0.21,0.52,0,3.338,0
2023-04-15 14:00:00,23.8,office,0,0.91,1.34,0,3.884,0
2023-04-15 15:00:00,23.7,office,0,0.87,1.37,0,5.256,0
2023-04-15 16:00:00,23.2,office,0,0.84,0.8,0,2.843,0
2023-04-15 17:00:00,21.2,office,0,0.15,1.77,1,4.758,0
2023-04-15 18:00:00,20.4,office,0,0.42,1.43,1,4.631,0
2023-04-15 19:00:00,19.9,office,0,0.3,2.46,1,4.777,0
2023-04-15 20:00:00,18.2,office,0,0.23,1.48,1,5.342,0
2023-04-15 21:00:00,13.4,office,0,0.2,0.45,0,2.277,0
2023-04-15 22:00:00,15.2,office,0,0.25,1.06,0,3.982,0
2023-04-15 23:00:00,13.3,office,0,0.02,0.52,0,3.504,0
2023-04-16 00:00:00,14.3,office,0,0.45,1.42,0,3.733,0
2023-04-16 01:00:00,18.0,office,0,0.5,0.21,0,2.343,0
2023-04-16 02:00:00,13.9,office,0,0.09,0.21,0,3.011,0
2023-04-16 03:00:00,13.0,office,0,0.06,0.86,0,2.365,0
2023-04-16 04:00:00,15.4,office,0,0.07,0.83,0,3.19,0
2023-04-16 05:00:00,15.5,office,0,0.92,0.87,0,9.599,1
2023-04-16 06:00:00,16.5,office,0,0.33,0.84,0,3.282,0
2023-04-16 07:00:00,17.9,office,0,0.42,0.74,0,2.467,0
2023-04-16 08:00:00,21.4,office,0,0.38,2.36,1,4.66,0
2023-04-16 09:00:00,17.9,office,0,0.22,1.21,1,3.664,0
2023-04-16 10:00:00,21.5,office,0,0.31,2.47,1,5.943,0
2023-04-16 11:00:00,20.5,office,0,0.34,1.01,0,3.349,0
2023-04-16 12:00:00,23.5,office,0,1.01,0.4,0,3.181,0
2023-04-16 13:00:00,21.8,office,0,0.24,0.26,0,2.744,0
2023-04-16 14:00:00,22.7,office,0,0.67,0.9,0,4.636,0
2023-04-16 15:00:00,22.7,office,0,0.63,0.51,0,2.915,0
2023-04-16 16:00:00,24.1,office,0,1.37,0.59,0,5.368,0
2023-04-16 17:00:00,23.2,office,0,0.91,1.52,1,5.489,0
2023-04-16 18:00:00,19.0,office,0,0.36,2.05,1,4.815,0
2023-04-16 19:00:00,19.7,office,0,0.51,4.14,1,19.322,1
2023-04-16 20:00:00,17.3,office,0,0.26,1.3,1,4.325,0
2023-04-16 21:00:00,15.1,office,0,0.34,0.88,0,4.002,0
2023-04-16 22:00:00,15.5,office,0,0.22,1.23,0,3.071,0
2023-04-16 23:00:00,14.3,office,0,0.12,0.31,0,3.41,0
2023-04-17 00:00:00,17.9,office,0,0.0,1.36,0,4.202,0
2023-04-17 01:00:00,14.4,office,0,0.28,0.95,0,3.191,0
2023-04-17 02:00:00,11.5,office,0,0.3,1.44,0,3.13,0
2023-04-17 03:00:00,12.9,office,0,0.49,0.39,0,3.193,0
2023-04-17 04:00:00,15.8,office,0,0.18,1.49,0,3.55,0
2023-04-17 05:00:00,18.2,office,0,0.2,1.04,0,3.529,0
2023-04-17 06:00:00,13.7,office,0,0.1,0.94,0,3.479,0
2023-04-17 07:00:00,14.5,office,14,0.32,1.57,0,4.198,0
2023-04-17 08:00:00,21.4,office,58,1.55,4.13,1,8.204,0
2023-04-17 09:00:00,20.5,office,37,0.86,4.27,1,7.961,0
2023-04-17 10:00:00,19.8,office,59,1.48,4.99,1,8.623,0
2023-04-17 11:00:00,22.9,office,74,3.8,6.16,0,24.586,1
2023-04-17 12:00:00,19.0,office,49,1.22,2.68,0,6.697,0
2023-04-17 13:00:00,23.4,office,74,2.62,3.97,0,8.473,0
2023-04-17 14:00:00,24.1,office,55,2.37,3.74,0,8.3,0
2023-04-17 15:00:00,24.8,office,47,2.48,3.35,0,9.36,0
2023-04-17 16:00:00,21.4,office,62,1.69,3.95,0,8.231,0
2023-04-17 17:00:00,22.2,office,64,1.81,4.8,1,8.896,0
2023-04-17 18:00:00,19.7,office,20,0.48,2.89,1,6.314,0
2023-04-17 19:00:00,20.3,office,19,0.39,2.82,1,5.298,0
2023-04-17 20:00:00,17.2,office,0,0.04,1.23,1,3.935,0
2023-04-17 21:00:00,16.7,office,0,0.14,0.57,0,3.39,0
2023-04-17 22:00:00,14.6,office,0,0.49,0.27,0,3.001,0
2023-04-17 23:00:00,16.0,office,0,0.28,1.37,0,4.179,0
2023-04-18 00:00:00,15.8,office,0,0.19,1.14,0,3.653,0
2023-04-18 01:00:00,13.7,office,0,0.44,1.49,0,4.416,0
2023-04-18 02:00:00,13.9,office,0,0.23,0.59,0,2.988,0
2023-04-18 03:00:00,11.8,office,0,0.16,1.34,0,4.407,0
2023-04-18 04:00:00,14.1,office,0,0.47,0.98,0,3.78,0
2023-04-18 05:00:00,15.2,office,0,0.42,0.79,0,2.836,0
2023-04-18 06:00:00,20.3,office,0,0.42,0.49,0,3.769,0
2023-04-18 07:00:00,15.9,office,7,0.4,1.51,0,4.33,0
2023-04-18 08:00:00,21.0,office,68,1.75,5.78,1,10.43,0
2023-04-18 09:00:00,21.6,office,32,0.73,3.11,1,7.388,0
2023-04-18 10:00:00,21.8,office,57,1.43,4.28,1,8.812,0
2023-04-18 11:00:00,25.0,office,77,3.53,4.96,0,10.283,0
2023-04-18 12:00:00,23.7,office,50,2.0,3.97,0,8.017,0
2023-04-18 13:00:00,24.3,office,68,2.91,4.57,0,9.548,0
2023-04-18 14:00:00,23.8,office,46,2.07,2.87,0,6.845,0
2023-04-18 15:00:00,25.5,office,31,2.39,2.3,0,6.171,0
2023-04-18 16:00:00,24.8,office,35,2.48,2.45,0,7.481,0
2023-04-18 17:00:00,21.4,office,44,0.96,4.51,1,7.367,0
2023-04-18 18:00:00,19.4,office,5,0.42,2.45,1,4.78,0
2023-04-18 19:00:00,19.8,office,13,0.3,2.62,1,5.365,0
2023-04-18 20:00:00,17.6,office,0,0.47,1.56,1,4.423,0
2023-04-18 21:00:00,17.4,office,0,0.15,1.42,0,3.306,0
2023-04-18 22:00:00,18.2,office,0,0.11,1.05,0,2.318,0
2023-04-18 23:00:00,14.6,office,0,0.06,1.46,0,3.554,0
2023-04-19 00:00:00,14.7,office,0,0.47,0.95,0,3.185,0
2023-04-19 01:00:00,14.4,office,0,0.36,1.27,0,3.496,0
2023-04-19 02:00:00,15.4,office,0,0.37,1.26,0,4.595,0
2023-04-19 03:00:00,10.9,office,0,0.25,0.64,0,3.146,0
2023-04-19 04:00:00,13.9,office,0,0.24,1.45,0,4.224,0
2023-04-19 05:00:00,15.9,office,0,0.06,0.23,0,2.402,0
2023-04-19 06:00:00,18.4,office,0,0.28,1.2,0,4.182,0
2023-04-19 07:00:00,17.1,office,6,0.24,1.76,0,4.741,0
2023-04-19 08:00:00,16.3,office,78,2.05,5.54,1,10.639,0
2023-04-19 09:00:00,21.3,office,78,1.96,5.94,1,10.187,0
2023-04-19 10:00:00,20.6,office,41,1.03,3.98,1,7.912,0
2023-04-19 11:00:00,20.8,office,60,1.28,4.19,0,7.912,0
2023-04-19 12:00:00,22.5,office,63,1.9,4.48,0,8.568,0
2023-04-19 13:00:00,23.6,office,71,2.28,4.53,0,9.907,0
2023-04-19 14:00:00,23.2,office,58,1.85,4.16,0,7.668,0
2023-04-19 15:00:00,20.6,office,47,1.05,2.96,0,5.394,0
2023-04-19 16:00:00,24.8,office,41,2.5,2.55,0,6.988,0
2023-04-19 17:00:00,24.5,office,67,2.98,5.11,1,10.147,0
2023-04-19 18:00:00,22.6,office,18,2.13,4.91,1,29.619,1
2023-04-19 19:00:00,18.7,office,20,0.44,2.44,1,5.453,0
2023-04-19 20:00:00,18.8,office,0,0.23,2.08,1,4.335,0
2023-04-19 21:00:00,17.8,office,0,0.37,0.71,0,3.24,0
2023-04-19 22:00:00,17.5,office,0,0.11,1.23,0,2.973,0
2023-04-19 23:00:00,16.6,office,0,0.11,0.25,0,3.454,0
2023-04-20 00:00:00,13.9,office,0,0.47,1.07,0,3.325,0
2023-04-20 01:00:00,14.6,office,0,0.48,1.04,0,4.306,0
2023-04-20 02:00:00,15.0,office,0,0.5,1.42,0,4.759,0
2023-04-20 03:00:00,16.7,office,0,0.4,1.13,0,3.349,0
2023-04-20 04:00:00,16.1,office,0,0.09,1.24,0,3.017,0
2023-04-20 05:00:00,17.0,office,0,0.25,3.33,0,14.047,1
2023-04-20 06:00:00,17.0,office,0,0.17,1.08,0,3.076,0
2023-04-20 07:00:00,20.2,office,7,0.3,0.93,0,2.33,0
2023-04-20 08:00:00,20.0,office,60,1.68,5.33,1,10.362,0
2023-04-20 09:00:00,19.4,office,52,1.43,4.77,1,8.951,0
2023-04-20 10:00:00,24.0,office,56,2.48,4.55,1,9.472,0
2023-04-20 11:00:00,23.9,office,51,2.06,3.67,0,7.729,0
2023-04-20 12:00:00,23.0,office,50,1.95,3.83,0,8.395,0
2023-04-20 13:00:00,23.5,office,72,2.6,5.07,0,9.394,0
2023-04-20 14:00:00,24.8,office,36,2.2,3.24,0,7.787,0
2023-04-20 15:00:00,24.9,office,40,2.69,2.62,0,6.984,0
2023-04-20 16:00:00,24.0,office,51,2.16,3.3,0,7.566,0
2023-04-20 17:00:00,23.4,office,56,1.86,4.14,1,8.893,0
2023-04-20 18:00:00,24.4,office,20,1.93,2.52,1,7.996,0
2023-04-20 19:00:00,22.3,office,14,0.76,3.05,1,6.592,0
2023-04-20 20:00:00,19.6,office,0,0.05,1.67,1,4.943,0
2023-04-20 21:00:00,19.5,office,0,0.16,1.01,0,3.419,0
2023-04-20 22:00:00,15.3,office,0,0.5,1.07,0,3.501,0
2023-04-20 23:00:00,16.4,office,0,0.34,1.22,0,3.824,0
2023-04-21 00:00:00,18.0,office,0,0.37,0.44,0,2.561,0
2023-04-21 01:00:00,14.5,office,0,0.11,0.6,0,2.336,0
2023-04-21 02:00:00,13.3,office,0,0.04,0.78,0,3.155,0
2023-04-21 03:00:00,13.8,office,0,0.36,1.66,0,10.292,1
2023-04-21 04:00:00,13.6,office,0,0.12,1.48,0,3.551,0
2023-04-21 05:00:00,14.9,office,0,0.12,1.29,0,3.289,0
2023-04-21 06:00:00,16.6,office,0,0.1,0.82,0,3.477,0
2023-04-21 07:00:00,16.2,office,17,0.63,2.19,0,6.222,0
2023-04-21 08:00:00,19.6,office,78,1.72,5.55,1,9.696,0
2023-04-21 09:00:00,22.3,office,65,1.86,5.47,1,10.809,0
2023-04-21 10:00:00,20.7,office,32,0.73,3.09,1,7.262,0
2023-04-21 11:00:00,25.4,office,59,3.11,4.15,0,10.074,0
2023-04-21 12:00:00,24.7,office,35,2.06,2.54,0,6.02,0
2023-04-21 13:00:00,26.0,office,50,3.24,2.84,0,9.07,0
2023-04-21 14:00:00,23.6,office,46,1.75,2.86,0,6.16,0
2023-04-21 15:00:00,25.7,office,50,3.34,3.22,0,8.876,0
2023-04-21 16:00:00,22.3,office,37,1.29,3.02,0,6.822,0
2023-04-21 17:00:00,24.5,office,79,3.08,5.24,1,11.416,0
2023-04-21 18:00:00,22.4,office,17,0.58,2.91,1,6.089,0
2023-04-21 19:00:00,21.7,office,5,0.4,2.38,1,6.055,0
2023-04-21 20:00:00,17.8,office,0,0.38,2.05,1,5.023,0
2023-04-21 21:00:00,17.0,office,0,0.1,1.19,0,3.42,0
2023-04-21 22:00:00,18.0,office,0,0.28,0.43,0,3.204,0
2023-04-21 23:00:00,14.7,office,0,0.41,0.96,0,3.944,0
2023-04-22 00:00:00,16.2,office,0,0.38,1.42,0,4.406,0
2023-04-22 01:00:00,13.0,office,0,0.4,0.99,0,3.765,0
2023-04-22 02:00:00,16.1,office,0,0.44,0.99,0,2.924,0
2023-04-22 03:00:00,13.2,office,0,0.47,1.16,0,2.958,0
2023-04-22 04:00:00,16.4,office,0,0.2,0.63,0,2.472,0
2023-04-22 05:00:00,17.3,office,0,0.28,1.11,0,3.003,0
2023-04-22 06:00:00,16.3,office,0,0.4,1.39,0,3.102,0
2023-04-22 07:00:00,19.4,office,0,0.35,0.21,0,2.146,0
2023-04-22 08:00:00,20.3,office,0,0.5,2.33,1,4.135,0
2023-04-22 09:00:00,20.4,office,0,0.01,1.48,1,4.71,0
2023-04-22 10:00:00,20.9,office,0,0.18,1.79,1,5.215,0
2023-04-22 11:00:00,20.5,office,0,0.14,1.31,0,3.577,0
2023-04-22 12:00:00,24.7,office,0,1.48,1.27,0,4.411,0
2023-04-22 13:00:00,22.3,office,0,0.26,1.36,0,3.686,0
2023-04-22 14:00:00,25.0,office,0,1.85,1.42,0,4.927,0
2023-04-22 15:00:00,24.3,office,0,1.19,0.78,0,3.807,0
2023-04-22 16:00:00,25.2,office,0,1.97,1.05,0,5.598,0
2023-04-22 17:00:00,22.9,office,0,0.8,1.71,1,5.101,0
2023-04-22 18:00:00,21.9,office,0,0.13,1.66,1,4.601,0
2023-04-22 19:00:00,22.3,office,0,0.28,1.76,1,4.764,0
2023-04-22 20:00:00,20.4,office,0,0.31,2.17,1,5.847,0
2023-04-22 21:00:00,19.0,office,0,0.38,0.85,0,3.428,0
2023-04-22 22:00:00,18.1,office,0,0.44,1.26,0,4.482,0
2023-04-22 23:00:00,14.0,office,0,0.43,1.17,0,4.229,0
2023-04-23 00:00:00,16.9,office,0,0.48,0.23,0,3.024,0
2023-04-23 01:00:00,16.2,office,0,0.29,1.02,0,4.081,0
2023-04-23 02:00:00,13.6,office,0,0.45,0.77,0,2.578,0
2023-04-23 03:00:00,14.9,office,0,0.4,0.79,0,2.628,0
2023-04-23 04:00:00,15.7,office,0,1.26,2.17,0,13.19,1
2023-04-23 05:00:00,16.4,office,0,0.01,0.91,0,3.077,0
2023-04-23 06:00:00,18.1,office,0,0.48,1.35,0,4.183,0
2023-04-23 07:00:00,21.0,office,0,0.24,1.13,0,3.476,0
2023-04-23 08:00:00,21.7,office,0,0.4,1.92,1,5.508,0
2023-04-23 09:00:00,19.4,office,0,0.06,2.18,1,4.92,0
2023-04-23 10:00:00,23.6,office,0,1.0,1.25,1,4.221,0
2023-04-23 11:00:00,25.7,office,0,1.99,0.24,0,3.856,0
2023-04-23 12:00:00,25.0,office,0,1.65,0.31,0,4.46,0
2023-04-23 13:00:00,26.6,office,0,2.36,0.77,0,4.715,0
2023-04-23 14:00:00,28.1,office,0,3.45,0.51,0,6.342,0
2023-04-23 15:00:00,26.5,office,0,2.25,1.48,0,6.807,0
2023-04-23 16:00:00,24.8,office,0,1.56,0.9,0,4.966,0
2023-04-23 17:00:00,25.2,office,0,1.69,2.06,1,6.368,0
2023-04-23 18:00:00,22.8,office,0,0.69,1.56,1,5.144,0
2023-04-23 19:00:00,21.5,office,0,0.13,1.62,1,3.999,0
2023-04-23 20:00:00,19.6,office,0,0.13,1.64,1,4.465,0
2023-04-23 21:00:00,21.2,office,0,0.24,1.11,0,3.542,0
2023-04-23 22:00:00,16.4,office,0,0.33,0.82,0,3.863,0
2023-04-23 23:00:00,18.9,office,0,0.06,0.87,0,2.726,0
2023-04-24 00:00:00,16.8,office,0,0.09,0.97,0,3.915,0
2023-04-24 01:00:00,13.4,office,0,0.12,1.2,0,3.201,0
2023-04-24 02:00:00,15.9,office,0,0.49,0.32,0,2.387,0
2023-04-24 03:00:00,12.4,office,0,0.2,1.21,0,4.195,0
2023-04-24 04:00:00,17.0,office,0,0.3,0.93,0,3.156,0
2023-04-24 05:00:00,18.2,office,0,0.12,1.07,0,2.901,0
2023-04-24 06:00:00,17.0,office,0,0.25,0.63,0,2.321,0
2023-04-24 07:00:00,19.3,office,19,0.42,1.68,0,3.963,0
2023-04-24 08:00:00,23.3,office,56,1.79,4.3,1,8.11,0
2023-04-24 09:00:00,20.9,office,33,0.89,4.12,1,7.96,0
2023-04-24 10:00:00,21.3,office,42,1.04,3.95,1,8.497,0
2023-04-24 11:00:00,26.1,office,63,3.38,4.64,0,10.943,0
2023-04-24 12:00:00,27.7,office,53,4.25,3.49,0,10.097,0
2023-04-24 13:00:00,25.2,office,69,3.48,3.94,0,10.537,0
2023-04-24 14:00:00,26.9,office,78,4.21,4.76,0,11.232,0
2023-04-24 15:00:00,27.2,office,61,4.13,3.3,0,9.966,0
2023-04-24 16:00:00,23.6,office,70,2.68,4.88,0,9.873,0
2023-04-24 17:00:00,23.2,office,58,2.18,5.16,1,9.989,0
2023-04-24 18:00:00,24.7,office,6,1.7,2.44,1,7.213,0
2023-04-24 19:00:00,24.2,office,11,1.69,2.54,1,6.823,0
2023-04-24 20:00:00,21.2,office,0,0.06,1.95,1,5.468,0
2023-04-24 21:00:00,17.8,office,0,0.26,1.5,0,3.706,0
2023-04-24 22:00:00,20.9,office,0,0.14,0.56,0,1.931,0
2023-04-24 23:00:00,16.0,office,0,0.08,1.21,0,3.784,0
2023-04-25 00:00:00,15.8,office,0,0.51,2.35,0,12.839,1
2023-04-25 01:00:00,16.3,office,0,0.07,1.47,0,4.356,0
2023-04-25 02:00:00,18.0,office,0,0.35,1.28,0,4.743,0
2023-04-25 03:00:00,17.1,office,0,0.23,1.5,0,4.286,0
2023-04-25 04:00:00,16.9,office,0,0.27,0.96,0,2.392,0
2023-04-25 05:00:00,17.8,office,0,0.07,0.47,0,2.313,0
2023-04-25 06:00:00,18.2,office,0,0.07,0.85,0,3.301,0
2023-04-25 07:00:00,20.2,office,13,0.55,1.77,0,4.861,0
2023-04-25 08:00:00,16.8,office,65,1.79,5.46,1,9.419,0
2023-04-25 09:00:00,21.5,office,38,0.81,3.1,1,6.184,0
2023-04-25 10:00:00,23.5,office,48,1.85,4.26,1,8.244,0
2023-04-25 11:00:00,22.4,office,58,1.79,3.41,0,7.775,0
2023-04-25 12:00:00,25.5,office,74,3.27,5.04,0,11.252,0
2023-04-25 13:00:00,25.2,office,61,3.26,3.45,0,7.987,0
2023-04-25 14:00:00,28.3,office,37,4.15,2.92,0,8.745,0
2023-04-25 15:00:00,27.8,office,31,3.72,2.1,0,8.366,0
2023-04-25 16:00:00,24.3,office,70,2.7,4.16,0,10.0,0
2023-04-25 17:00:00,23.9,office,68,2.46,5.82,1,11.349,0
2023-04-25 18:00:00,23.0,office,12,0.89,2.11,1,5.658,0
2023-04-25 19:00:00,21.2,office,10,0.64,1.82,1,4.787,0
2023-04-25 20:00:00,20.9,office,0,0.36,1.29,1,4.019,0
2023-04-25 21:00:00,18.2,office,0,0.33,0.86,0,3.782,0
2023-04-25 22:00:00,16.4,office,0,0.4,1.03,0,4.419,0
2023-04-25 23:00:00,18.0,office,0,0.13,0.63,0,3.456,0
2023-04-26 00:00:00,17.5,office,0,0.31,1.1,0,3.802,0
2023-04-26 01:00:00,14.9,office,0,0.23,0.28,0,3.586,0
2023-04-26 02:00:00,17.2,office,0,0.39,1.31,0,4.079,0
2023-04-26 03:00:00,15.1,office,0,0.15,1.26,0,3.353,0
2023-04-26 04:00:00,16.9,office,0,0.32,1.48,0,4.084,0
2023-04-26 05:00:00,18.6,office,0,0.44,1.42,0,4.464,0
2023-04-26 06:00:00,18.3,office,0,0.2,0.66,0,3.11,0
2023-04-26 07:00:00,20.3,office,14,0.31,1.42,0,4.672,0
2023-04-26 08:00:00,20.1,office,65,1.56,5.42,1,9.814,0
2023-04-26 09:00:00,21.9,office,30,0.77,2.87,1,5.498,0
2023-04-26 10:00:00,23.1,office,65,2.19,4.86,1,9.943,0
2023-04-26 11:00:00,23.3,office,56,2.25,3.15,0,8.051,0
2023-04-26 12:00:00,25.0,office,35,2.44,2.54,0,7.52,0
2023-04-26 13:00:00,23.4,office,44,1.81,3.12,0,6.904,0
2023-04-26 14:00:00,25.2,office,37,2.67,2.32,0,7.956,0
2023-04-26 15:00:00,25.3,office,59,2.88,3.18,0,8.076,0
2023-04-26 16:00:00,24.8,office,37,2.27,2.99,0,7.79,0
2023-04-26 17:00:00,24.1,office,71,2.93,4.78,1,10.454,0
2023-04-26 18:00:00,23.3,office,9,1.16,2.92,1,6.557,0
2023-04-26 19:00:00,22.9,office,20,0.86,2.49,1,5.913,0
2023-04-26 20:00:00,22.2,office,0,0.2,2.06,1,5.204,0
2023-04-26 21:00:00,18.6,office,0,0.34,0.77,0,2.771,0
2023-04-26 22:00:00,16.6,office,0,0.38,0.28,0,3.597,0
2023-04-26 23:00:00,15.8,office,0,0.42,0.81,0,3.674,0
2023-04-27 00:00:00,16.1,office,0,0.15,0.87,0,2.696,0
2023-04-27 01:00:00,15.8,office,0,0.47,1.31,0,3.799,0
2023-04-27 02:00:00,15.0,office,0,0.28,1.15,0,4.627,0
2023-04-27 03:00:00,14.4,office,0,0.35,0.3,0,2.943,0
2023-04-27 04:00:00,16.1,office,0,0.49,1.16,0,10.106,1
2023-04-27 05:00:00,17.9,office,0,0.06,0.61,0,3.634,0
2023-04-27 06:00:00,19.5,office,0,0.48,0.35,0,2.224,0
2023-04-27 07:00:00,19.0,office,14,0.34,1.49,0,3.715,0
2023-04-27 08:00:00,20.5,office,62,1.37,5.58,1,8.606,0
2023-04-27 09:00:00,21.0,office,75,1.91,5.62,1,10.106,0
2023-04-27 10:00:00,23.6,office,47,2.05,4.51,1,9.266,0
2023-04-27 11:00:00,23.4,office,56,2.24,3.89,0,8.175,0
2023-04-27 12:00:00,26.3,office,60,7.13,7.01,0,43.694,1
2023-04-27 13:00:00,23.3,office,60,2.04,3.48,0,6.833,0
2023-04-27 14:00:00,25.6,office,45,3.16,3.43,0,9.382,0
2023-04-27 15:00:00,26.4,office,59,5.41,6.9,0,29.55,1
2023-04-27 16:00:00,25.7,office,65,3.58,3.67,0,10.133,0
2023-04-27 17:00:00,28.7,office,39,4.25,3.6,1,10.357,0
2023-04-27 18:00:00,24.2,office,17,1.86,3.31,1,7.483,0
2023-04-27 19:00:00,20.9,office,11,0.29,2.77,1,5.712,0
2023-04-27 20:00:00,21.0,office,0,0.29,1.57,1,4.485,0
2023-04-27 21:00:00,17.2,office,0,0.44,0.93,0,3.043,0
2023-04-27 22:00:00,18.5,office,0,0.24,0.73,0,3.446,0
2023-04-27 23:00:00,16.4,office,0,0.37,0.84,0,3.355,0
2023-04-28 00:00:00,18.4,office,0,0.4,0.66,0,2.774,0
2023-04-28 01:00:00,15.7,office,0,0.37,0.56,0,3.493,0
2023-04-28 02:00:00,16.2,office,0,0.46,1.08,0,3.806,0
2023-04-28 03:00:00,15.6,office,0,0.22,1.21,0,3.519,0
2023-04-28 04:00:00,19.7,office,0,0.09,1.34,0,2.938,0
2023-04-28 05:00:00,17.4,office,0,0.02,0.4,0,2.713,0
2023-04-28 06:00:00,21.6,office,0,0.12,1.27,0,3.736,0
2023-04-28 07:00:00,21.3,office,9,0.25,0.98,0,3.946,0
2023-04-28 08:00:00,22.1,office,34,1.01,3.46,1,6.787,0
2023-04-28 09:00:00,23.2,office,47,1.63,4.72,1,8.579,0
2023-04-28 10:00:00,24.5,office,79,2.85,5.74,1,11.507,0
2023-04-28 11:00:00,22.0,office,80,1.62,4.46,0,8.961,0
2023-04-28 12:00:00,25.3,office,56,3.19,3.21,0,8.334,0
2023-04-28 13:00:00,27.5,office,51,4.07,3.36,0,9.433,0
2023-04-28 14:00:00,26.3,office,80,3.93,5.19,0,10.734,0
2023-04-28 15:00:00,24.1,office,62,2.74,4.6,0,9.394,0
2023-04-28 16:00:00,25.6,office,47,2.78,3.57,0,8.67,0
2023-04-28 17:00:00,27.5,office,30,3.84,3.84,1,10.57,0
2023-04-28 18:00:00,25.8,office,14,2.49,2.87,1,8.248,0
2023-04-28 19:00:00,22.6,office,14,0.67,3.06,1,7.231,0
2023-04-28 20:00:00,22.8,office,0,0.74,1.3,1,4.542,0
2023-04-28 21:00:00,19.5,office,0,0.38,1.41,0,3.859,0
2023-04-28 22:00:00,16.3,office,0,0.21,0.72,0,3.422,0
2023-04-28 23:00:00,16.5,office,0,0.43,1.4,0,4.295,0
2023-04-29 00:00:00,19.7,office,0,0.08,0.3,0,2.068,0
2023-04-29 01:00:00,16.4,office,0,0.14,1.13,0,3.131,0
2023-04-29 02:00:00,16.3,office,0,0.05,1.16,0,4.007,0
2023-04-29 03:00:00,16.4,office,0,0.11,1.5,0,4.247,0
2023-04-29 04:00:00,20.2,office,0,0.12,1.2,0,4.38,0
2023-04-29 05:00:00,20.5,office,0,0.46,0.7,0,3.688,0
2023-04-29 06:00:00,22.5,office,0,0.29,0.92,0,4.145,0
2023-04-29 07:00:00,20.1,office,0,0.21,0.68,0,3.647,0
2023-04-29 08:00:00,22.1,office,0,0.32,1.45,1,4.702,0
2023-04-29 09:00:00,20.7,office,0,0.45,1.52,1,4.117,0
2023-04-29 10:00:00,26.4,office,0,2.7,1.49,1,6.824,0
2023-04-29 11:00:00,23.4,office,0,1.08,0.91,0,4.067,0
2023-04-29 12:00:00,26.3,office,0,2.64,1.38,0,6.638,0
2023-04-29 13:00:00,24.8,office,0,1.79,1.39,0,5.697,0
2023-04-29 14:00:00,25.8,office,0,2.38,0.27,0,4.546,0
2023-04-29 15:00:00,25.2,office,0,1.95,0.3,0,4.214,0
2023-04-29 16:00:00,25.1,office,0,1.59,0.52,0,5.509,0
2023-04-29 17:00:00,24.4,office,0,1.4,1.53,1,5.433,0
2023-04-29 18:00:00,23.3,office,0,0.97,1.32,1,4.391,0
2023-04-29 19:00:00,24.2,office,0,1.28,1.71,1,6.788,0
2023-04-29 20:00:00,20.0,office,0,0.14,1.96,1,4.923,0
2023-04-29 21:00:00,20.7,office,0,0.29,0.95,0,4.103,0
2023-04-29 22:00:00,21.0,office,0,0.47,0.91,0,3.762,0
2023-04-29 23:00:00,17.3,office,0,0.02,0.64,0,3.306,0
2023-04-30 00:00:00,16.5,office,0,0.38,1.12,0,3.943,0
2023-04-30 01:00:00,16.7,office,0,0.36,1.27,0,3.15,0
2023-04-30 02:00:00,18.7,office,0,0.48,0.65,0,3.257,0
2023-04-30 03:00:00,17.4,office,0,0.47,0.31,0,2.689,0
2023-04-30 04:00:00,16.8,office,0,0.38,0.59,0,3.265,0
2023-04-30 05:00:00,19.1,office,0,0.26,0.38,0,2.108,0
2023-04-30 06:00:00,17.7,office,0,0.1,0.81,0,3.257,0
2023-04-30 07:00:00,21.6,office,0,0.27,0.4,0,3.204,0
2023-04-30 08:00:00,22.5,office,0,0.63,1.8,1,5.039,0
2023-04-30 09:00:00,22.7,office,0,0.8,1.49,1,3.813,0
2023-04-30 10:00:00,23.1,office,0,0.94,2.16,1,5.277,0
2023-04-30 11:00:00,24.1,office,0,1.15,0.24,0,4.402,0
2023-04-30 12:00:00,27.0,office,0,2.8,0.92,0,6.737,0
2023-04-30 13:00:00,28.6,office,0,3.47,0.42,0,6.177,0
2023-04-30 14:00:00,25.9,office,0,1.95,0.2,0,4.082,0
2023-04-30 15:00:00,27.4,office,0,2.8,1.33,0,5.861,0
2023-04-30 16:00:00,23.1,office,0,0.61,1.07,0,3.074,0
2023-04-30 17:00:00,24.6,office,0,1.72,1.33,1,6.234,0
2023-04-30 18:00:00,24.3,office,0,1.28,2.06,1,5.819,0
2023-04-30 19:00:00,21.8,office,0,0.14,2.0,1,4.1,0
2023-04-30 20:00:00,20.5,office,0,0.48,1.82,1,6.372,0
2023-04-30 21:00:00,19.6,office,0,0.19,0.75,0,3.238,0
2023-04-30 22:00:00,19.8,office,0,0.0,1.35,0,3.218,0
2023-04-30 23:00:00,18.1,office,0,0.14,0.52,0,2.154,0
2023-05-01 00:00:00,14.5,office,0,0.06,0.72,0,3.673,0
2023-05-01 01:00:00,14.1,office,0,0.05,0.63,0,2.314,0
2023-05-01 02:00:00,16.2,office,0,0.04,1.2,0,3.922,0
2023-05-01 03:00:00,18.0,office,0,0.3,1.39,0,3.905,0
2023-05-01 04:00:00,13.7,office,0,0.09,1.3,0,3.071,0
2023-05-01 05:00:00,17.9,office,0,0.18,1.24,0,3.248,0
2023-05-01 06:00:00,18.9,office,0,0.43,1.48,0,3.826,0
2023-05-01 07:00:00,22.9,office,20,1.06,2.11,0,4.774,0
2023-05-01 08:00:00,21.6,office,39,1.24,4.13,1,8.718,0
2023-05-01 09:00:00,24.0,office,58,2.41,5.38,1,9.81,0
2023-05-01 10:00:00,24.9,office,64,2.93,4.41,1,10.314,0
2023-05-01 11:00:00,22.5,office,60,1.83,4.02,0,7.879,0
2023-05-01 12:00:00,27.6,office,52,3.88,3.76,0,9.32,0
2023-05-01 13:00:00,27.3,office,51,3.71,3.94,0,9.851,0
2023-05-01 14:00:00,27.9,office,65,4.58,4.6,0,12.17,0
2023-05-01 15:00:00,32.9,office,78,7.25,5.19,0,14.527,0
2023-05-01 16:00:00,23.3,office,64,2.33,4.63,0,9.05,0
2023-05-01 17:00:00,28.3,office,54,4.69,4.6,1,12.366,0
2023-05-01 18:00:00,24.2,office,19,1.67,2.16,1,7.381,0
2023-05-01 19:00:00,23.9,office,15,1.55,1.96,1,6.191,0
2023-05-01 20:00:00,22.1,office,0,0.3,1.91,1,4.711,0
2023-05-01 21:00:00,20.2,office,0,0.77,1.65,0,11.682,1
2023-05-01 22:00:00,18.8,office,0,0.42,0.79,0,2.902,0
2023-05-01 23:00:00,19.1,office,0,0.46,0.72,0,3.221,0
2023-05-02 00:00:00,15.8,office,0,0.13,1.39,0,3.601,0
2023-05-02 01:00:00,18.7,office,0,0.39,0.67,0,3.993,0
2023-05-02 02:00:00,16.8,office,0,0.13,1.31,0,4.667,0
2023-05-02 03:00:00,15.9,office,0,0.1,1.37,0,3.176,0
2023-05-02 04:00:00,17.4,office,0,0.47,0.85,0,4.145,0
2023-05-02 05:00:00,20.7,office,0,0.01,0.78,0,3.719,0
2023-05-02 06:00:00,19.1,office,0,0.48,1.19,0,3.766,0
2023-05-02 07:00:00,21.6,office,11,0.29,1.67,0,4.21,0
2023-05-02 08:00:00,21.3,office,74,1.89,5.33,1,10.732,0
2023-05-02 09:00:00,24.8,office,45,2.44,3.58,1,8.349,0
2023-05-02 10:00:00,25.9,office,66,3.45,4.84,1,10.62,0
2023-05-02 11:00:00,28.7,office,54,4.54,3.07,0,10.681,0
2023-05-02 12:00:00,26.5,office,44,3.42,2.78,0,7.953,0
2023-05-02 13:00:00,28.2,office,79,4.85,4.49,0,11.974,0
2023-05-02 14:00:00,27.5,office,56,4.2,3.83,0,10.24,0
2023-05-02 15:00:00,29.2,office,32,4.25,3.04,0,10.048,0
2023-05-02 16:00:00,25.6,office,50,2.83,3.59,0,8.951,0
2023-05-02 17:00:00,27.0,office,77,4.09,6.25,1,12.652,0
2023-05-02 18:00:00,24.6,office,20,1.91,3.22,1,8.288,0
2023-05-02 19:00:00,23.6,office,17,1.55,3.0,1,7.014,0
2023-05-02 20:00:00,22.5,office,0,0.69,1.74,1,4.74,0
2023-05-02 21:00:00,21.5,office,0,0.12,0.62,0,4.1,0
2023-05-02 22:00:00,19.7,office,0,0.29,1.3,0,3.535,0
2023-05-02 23:00:00,19.2,office,0,0.38,1.38,0,3.965,0
2023-05-03 00:00:00,20.7,office,0,0.14,0.79,0,3.362,0
2023-05-03 01:00:00,19.3,office,0,0.2,0.21,0,1.956,0
2023-05-03 02:00:00,18.9,office,0,0.26,1.23,0,3.738,0
2023-05-03 03:00:00,17.1,office,0,0.07,0.57,0,2.748,0
2023-05-03 04:00:00,17.0,office,0,0.01,0.21,0,2.712,0
2023-05-03 05:00:00,20.5,office,0,0.08,1.25,0,3.078,0
2023-05-03 06:00:00,21.4,office,0,0.31,0.87,0,2.664,0
2023-05-03 07:00:00,23.6,office,17,1.18,1.94,0,5.6,0
2023-05-03 08:00:00,21.7,office,72,1.53,5.99,1,11.199,0
2023-05-03 09:00:00,23.6,office,80,2.57,5.9,1,10.707,0
2023-05-03 10:00:00,22.7,office,71,1.81,5.4,1,9.587,0
2023-05-03 11:00:00,25.6,office,39,2.68,2.53,0,7.509,0
2023-05-03 12:00:00,28.5,office,61,4.93,3.65,0,11.493,0
2023-05-03 13:00:00,26.8,office,32,3.05,2.84,0,7.648,0
2023-05-03 14:00:00,28.6,office,38,4.39,2.68,0,10.261,0
2023-05-03 15:00:00,27.2,office,62,4.03,3.51,0,10.014,0
2023-05-03 16:00:00,27.5,office,67,4.43,3.67,0,10.982,0
2023-05-03 17:00:00,24.4,office,51,2.51,4.36,1,9.018,0
2023-05-03 18:00:00,25.3,office,8,1.92,2.2,1,7.608,0
2023-05-03 19:00:00,19.4,office,19,0.8,3.0,1,6.46,0
2023-05-03 20:00:00,22.4,office,0,0.45,1.81,1,5.402,0
2023-05-03 21:00:00,18.9,office,0,0.41,0.39,0,2.418,0
2023-05-03 22:00:00,21.9,office,0,0.2,0.86,0,3.116,0
2023-05-03 23:00:00,20.3,office,0,0.49,1.38,0,4.539,0
2023-05-04 00:00:00,19.3,office,0,0.39,0.41,0,3.163,0
2023-05-04 01:00:00,20.3,office,0,0.48,1.1,0,4.255,0
2023-05-04 02:00:00,16.5,office,0,0.26,0.97,0,3.287,0
2023-05-04 03:00:00,20.7,office,0,0.24,1.17,0,4.661,0
2023-05-04 04:00:00,19.9,office,0,0.38,0.4,0,3.534,0
2023-05-04 05:00:00,19.0,office,0,0.44,1.42,0,3.417,0
2023-05-04 06:00:00,22.1,office,0,0.53,1.01,0,3.835,0
2023-05-04 07:00:00,19.9,office,8,0.32,1.7,0,4.951,0
2023-05-04 08:00:00,21.6,office,63,1.66,4.67,1,9.629,0
2023-05-04 09:00:00,23.3,office,59,4.63,12.23,1,38.257,1
2023-05-04 10:00:00,24.6,office,30,2.17,3.72,1,8.623,0
2023-05-04 11:00:00,24.8,office,76,3.01,4.52,0,10.306,0
2023-05-04 12:00:00,29.0,office,39,4.45,2.65,0,9.372,0
2023-05-04 13:00:00,27.3,office,56,4.24,3.86,0,10.954,0
2023-05-04 14:00:00,28.4,office,71,4.69,3.87,0,11.562,0
2023-05-04 15:00:00,26.9,office,39,3.55,3.11,0,9.047,0
2023-05-04 16:00:00,24.5,office,34,2.23,1.96,0,6.166,0
2023-05-04 17:00:00,26.8,office,60,3.66,4.45,1,10.363,0
2023-05-04 18:00:00,22.5,office,13,0.67,2.71,1,6.866,0
2023-05-04 19:00:00,24.1,office,15,1.63,2.08,1,6.795,0
2023-05-04 20:00:00,20.8,office,0,0.09,2.46,1,5.516,0
2023-05-04 21:00:00,24.6,office,0,1.7,1.33,0,5.029,0
2023-05-04 22:00:00,21.7,office,0,0.49,1.01,0,3.283,0
2023-05-04 23:00:00,19.5,office,0,0.11,1.26,0,3.636,0
2023-05-05 00:00:00,20.7,office,0,0.09,1.35,0,4.29,0
2023-05-05 01:00:00,17.0,office,0,0.23,0.54,0,3.465,0
2023-05-05 02:00:00,18.9,office,0,0.37,1.3,0,4.212,0
2023-05-05 03:00:00,18.6,office,0,0.35,1.03,0,11.87,1
2023-05-05 04:00:00,19.2,office,0,0.01,0.74,0,2.77,0
2023-05-05 05:00:00,21.5,office,0,0.27,0.93,0,2.845,0
2023-05-05 06:00:00,21.7,office,0,0.48,1.13,0,4.235,0
2023-05-05 07:00:00,22.3,office,17,0.69,1.09,0,3.465,0
2023-05-05 08:00:00,20.6,office,71,1.63,5.13,1,8.923,0
2023-05-05 09:00:00,23.0,office,35,1.68,3.74,1,8.253,0
2023-05-05 10:00:00,25.4,office,51,3.07,4.21,1,9.391,0
2023-05-05 11:00:00,26.8,office,73,4.22,4.86,0,10.91,0
2023-05-05 12:00:00,25.8,office,64,3.46,4.25,0,9.834,0
2023-05-05 13:00:00,31.6,office,54,6.37,3.2,0,10.938,0
2023-05-05 14:00:00,30.4,office,50,5.54,2.89,0,11.073,0
2023-05-05 15:00:00,28.9,office,70,5.3,4.52,0,11.46,0
2023-05-05 16:00:00,27.6,office,75,4.65,4.54,0,11.748,0
2023-05-05 17:00:00,26.3,office,78,4.08,5.32,1,13.014,0
2023-05-05 18:00:00,24.2,office,20,1.65,2.62,1,7.208,0
2023-05-05 19:00:00,24.5,office,6,1.52,1.89,1,6.492,0
2023-05-05 20:00:00,23.5,office,0,1.14,1.34,1,5.568,0
2023-05-05 21:00:00,20.0,office,0,0.15,0.91,0,3.628,0
2023-05-05 22:00:00,21.1,office,0,0.28,1.19,0,3.507,0
2023-05-05 23:00:00,19.4,office,0,0.12,0.95,0,3.137,0
2023-05-06 00:00:00,16.2,office,0,0.41,1.27,0,3.384,0
2023-05-06 01:00:00,17.2,office,0,0.06,0.37,0,2.604,0
2023-05-06 02:00:00,17.7,office,0,0.41,0.77,0,2.884,0
2023-05-06 03:00:00,21.4,office,0,0.3,0.99,0,3.469,0
2023-05-06 04:00:00,19.9,office,0,0.09,1.08,0,2.886,0
2023-05-06 05:00:00,17.8,office,0,0.27,1.1,0,3.822,0
2023-05-06 06:00:00,21.6,office,0,0.14,1.15,0,3.954,0
2023-05-06 07:00:00,19.8,office,0,0.27,1.97,0,13.418,1
2023-05-06 08:00:00,25.0,office,0,1.68,1.32,1,6.288,0
2023-05-06 09:00:00,24.0,office,0,1.03,2.1,1,5.678,0
2023-05-06 10:00:00,25.7,office,0,2.34,2.14,1,7.644,0
2023-05-06 11:00:00,28.9,office,0,3.47,1.49,0,6.902,0
2023-05-06 12:00:00,25.8,office,0,2.23,1.1,0,6.226,0
2023-05-06 13:00:00,26.1,office,0,2.24,1.09,0,5.51,0
2023-05-06 14:00:00,27.5,office,0,3.07,0.87,0,6.07,0
2023-05-06 15:00:00,29.8,office,0,4.08,1.33,0,7.472,0
2023-05-06 16:00:00,25.4,office,0,2.04,1.5,0,5.332,0
2023-05-06 17:00:00,22.7,office,0,0.71,2.21,1,5.451,0
2023-05-06 18:00:00,25.2,office,0,1.95,2.0,1,6.474,0
2023-05-06 19:00:00,25.5,office,0,1.81,1.3,1,5.569,0
2023-05-06 20:00:00,25.2,office,0,1.93,2.14,1,7.114,0
2023-05-06 21:00:00,21.4,office,0,0.14,1.12,0,3.862,0
2023-05-06 22:00:00,20.2,office,0,0.01,1.21,0,3.908,0
2023-05-06 23:00:00,21.6,office,0,0.21,0.36,0,2.308,0
2023-05-07 00:00:00,16.5,office,0,0.22,1.05,0,3.875,0
2023-05-07 01:00:00,18.2,office,0,0.23,0.58,0,4.117,0
2023-05-07 02:00:00,18.9,office,0,0.35,1.19,0,4.038,0
2023-05-07 03:00:00,19.4,office,0,0.15,0.51,0,2.933,0
2023-05-07 04:00:00,18.5,office,0,0.16,1.09,0,2.529,0
2023-05-07 05:00:00,20.1,office,0,0.03,0.58,0,2.05,0
2023-05-07 06:00:00,17.4,office,0,0.34,0.21,0,2.188,0
2023-05-07 07:00:00,21.3,office,0,0.28,1.02,0,3.668,0
2023-05-07 08:00:00,24.3,office,0,1.32,1.35,1,5.092,0
2023-05-07 09:00:00,23.4,office,0,1.05,2.06,1,6.328,0
2023-05-07 10:00:00,26.2,office,0,2.37,2.4,1,6.591,0
2023-05-07 11:00:00,27.8,office,0,3.13,1.46,0,6.862,0
2023-05-07 12:00:00,27.4,office,0,2.96,0.51,0,6.608,0
2023-05-07 13:00:00,28.7,office,0,3.67,1.25,0,7.439,0
2023-05-07 14:00:00,27.2,office,0,2.93,0.66,0,5.867,0
2023-05-07 15:00:00,28.1,office,0,3.19,1.37,0,6.151,0
2023-05-07 16:00:00,28.9,office,0,3.52,1.22,0,6.82,0
2023-05-07 17:00:00,27.4,office,0,2.78,1.3,1,7.673,0
2023-05-07 18:00:00,25.2,office,0,1.92,1.73,1,5.593,0
2023-05-07 19:00:00,25.2,office,0,2.04,1.64,1,7.029,0
2023-05-07 20:00:00,24.7,office,0,1.55,2.22,1,7.085,0
2023-05-07 21:00:00,19.2,office,0,0.08,0.73,0,2.772,0
2023-05-07 22:00:00,22.8,office,0,0.78,1.09,0,5.071,0
2023-05-07 23:00:00,19.6,office,0,0.42,0.98,0,4.328,0
2023-05-08 00:00:00,20.2,office,0,0.44,1.47,0,3.837,0
2023-05-08 01:00:00,20.8,office,0,0.3,1.42,0,4.879,0
2023-05-08 02:00:00,16.8,office,0,1.21,1.28,0,9.769,1
2023-05-08 03:00:00,18.0,office,0,0.02,2.02,0,15.319,1
2023-05-08 04:00:00,19.1,office,0,0.05,1.28,0,2.653,0
2023-05-08 05:00:00,19.1,office,0,0.05,1.37,0,3.076,0
2023-05-08 06:00:00,23.9,office,0,1.31,0.29,0,4.495,0
2023-05-08 07:00:00,21.3,office,7,0.17,0.94,0,2.846,0
2023-05-08 08:00:00,23.0,office,45,1.65,3.87,1,7.61,0
2023-05-08 09:00:00,25.4,office,70,3.34,5.26,1,11.345,0
2023-05-08 10:00:00,24.5,office,73,2.87,5.07,1,10.423,0
2023-05-08 11:00:00,26.8,office,48,3.8,3.25,0,9.743,0
2023-05-08 12:00:00,28.7,office,44,4.32,3.26,0,9.56,0
2023-05-08 13:00:00,28.2,office,77,4.82,4.7,0,12.096,0
2023-05-08 14:00:00,28.7,office,35,4.44,2.82,0,8.72,0
2023-05-08 15:00:00,27.9,office,57,4.11,3.14,0,9.077,0
2023-05-08 16:00:00,25.9,office,36,3.01,3.14,0,8.316,0
2023-05-08 17:00:00,27.9,office,78,4.92,6.32,1,13.846,0
2023-05-08 18:00:00,29.0,office,8,4.13,2.4,1,8.37,0
2023-05-08 19:00:00,25.2,office,19,2.42,3.3,1,8.123,0
2023-05-08 20:00:00,24.2,office,0,1.26,1.37,1,4.578,0
2023-05-08 21:00:00,23.6,office,0,1.09,1.24,0,4.812,0
2023-05-08 22:00:00,19.4,office,0,0.04,0.35,0,2.3,0
2023-05-08 23:00:00,22.9,office,0,0.58,0.73,0,3.84,0
2023-05-09 00:00:00,20.1,office,0,0.05,0.62,0,1.897,0
2023-05-09 01:00:00,21.7,office,0,0.16,0.96,0,2.599,0
2023-05-09 02:00:00,18.0,office,0,0.44,0.59,0,2.987,0
2023-05-09 03:00:00,22.0,office,0,0.17,1.03,0,2.305,0
2023-05-09 04:00:00,20.9,office,0,0.28,0.68,0,3.527,0
2023-05-09 05:00:00,21.4,office,0,0.22,1.32,0,4.09,0
2023-05-09 06:00:00,21.9,office,0,0.23,1.02,0,2.683,0
2023-05-09 07:00:00,22.4,office,10,0.88,0.98,0,3.929,0
2023-05-09 08:00:00,25.9,office,74,3.58,5.34,1,11.331,0
2023-05-09 09:00:00,25.6,office,49,6.93,11.56,1,41.071,1
2023-05-09 10:00:00,23.6,office,31,1.63,3.25,1,7.611,0
2023-05-09 11:00:00,25.9,office,32,2.62,2.5,0,7.95,0
2023-05-09 12:00:00,28.1,office,50,4.29,3.54,0,9.177,0
2023-05-09 13:00:00,29.4,office,80,5.71,4.65,0,13.16,0
2023-05-09 14:00:00,29.0,office,33,4.21,2.23,0,8.382,0
2023-05-09 15:00:00,30.7,office,48,5.34,3.22,0,10.434,0
2023-05-09 16:00:00,25.5,office,52,2.87,3.08,0,8.093,0
2023-05-09 17:00:00,27.8,office,53,4.34,4.22,1,10.791,0
2023-05-09 18:00:00,23.9,office,18,1.67,2.18,1,5.731,0
2023-05-09 19:00:00,26.5,office,9,2.71,2.05,1,7.173,0
2023-05-09 20:00:00,23.9,office,0,1.18,1.62,1,5.381,0
2023-05-09 21:00:00,23.4,office,0,1.14,1.45,0,5.554,0
2023-05-09 22:00:00,20.3,office,0,0.38,0.97,0,3.242,0
2023-05-09 23:00:00,22.5,office,0,0.66,1.22,0,4.228,0
2023-05-10 00:00:00,21.5,office,0,0.41,0.26,0,2.904,0
2023-05-10 01:00:00,20.4,office,0,0.32,0.34,0,3.396,0
2023-05-10 02:00:00,19.1,office,0,0.23,1.26,0,3.911,0
2023-05-10 03:00:00,20.4,office,0,0.43,1.01,0,3.16,0
2023-05-10 04:00:00,18.9,office,0,0.46,0.45,0,3.983,0
2023-05-10 05:00:00,22.1,office,0,0.06,0.73,0,2.658,0
2023-05-10 06:00:00,24.3,office,0,1.18,0.9,0,4.675,0
2023-05-10 07:00:00,24.6,office,12,2.02,1.9,0,5.784,0
2023-05-10 08:00:00,23.2,office,63,2.0,4.43,1,8.516,0
2023-05-10 09:00:00,26.2,office,56,3.66,4.78,1,12.069,0
2023-05-10 10:00:00,24.9,office,66,2.96,5.43,1,11.763,0
2023-05-10 11:00:00,28.7,office,73,4.87,5.12,0,12.502,0
2023-05-10 12:00:00,29.3,office,80,5.29,5.25,0,13.611,0
2023-05-10 13:00:00,26.3,office,41,3.05,2.61,0,7.423,0
2023-05-10 14:00:00,27.6,office,40,3.72,3.12,0,9.465,0
2023-05-10 15:00:00,28.7,office,41,4.41,3.24,0,10.692,0
2023-05-10 16:00:00,28.2,office,35,4.15,2.9,0,9.308,0
2023-05-10 17:00:00,26.0,office,69,3.87,5.72,1,11.898,0
2023-05-10 18:00:00,27.4,office,17,3.26,3.22,1,9.019,0
2023-05-10 19:00:00,26.0,office,12,2.5,1.93,1,7.426,0
2023-05-10 20:00:00,24.0,office,0,1.26,1.34,1,4.823,0
2023-05-10 21:00:00,21.9,office,0,0.27,1.24,0,4.025,0
2023-05-10 22:00:00,23.4,office,0,0.96,0.53,0,3.377,0
2023-05-10 23:00:00,23.3,office,0,0.65,0.28,0,2.21,0
2023-05-11 00:00:00,19.5,office,0,0.0,0.72,0,3.567,0
2023-05-11 01:00:00,18.8,office,0,0.11,1.99,0,17.712,1
2023-05-11 02:00:00,20.3,office,0,0.05,0.36,0,2.507,0
2023-05-11 03:00:00,19.2,office,0,0.35,1.07,0,3.512,0
2023-05-11 04:00:00,20.0,office,0,0.1,0.2,0,2.455,0
2023-05-11 05:00:00,22.1,office,0,0.5,0.34,0,4.359,0
2023-05-11 06:00:00,19.2,office,0,0.46,0.66,0,2.883,0
2023-05-11 07:00:00,25.2,office,20,2.49,1.31,0,5.258,0
2023-05-11 08:00:00,24.7,office,67,3.16,5.65,1,12.006,0
2023-05-11 09:00:00,25.2,office,39,2.52,4.27,1,9.382,0
2023-05-11 10:00:00,26.9,office,44,3.58,4.38,1,10.053,0
2023-05-11 11:00:00,28.0,office,59,4.27,3.47,0,10.122,0
2023-05-11 12:00:00,26.3,office,70,3.95,4.38,0,11.342,0
2023-05-11 13:00:00,31.6,office,46,14.38,6.28,0,33.921,1
2023-05-11 14:00:00,29.6,office,59,5.41,3.52,0,10.525,0
2023-05-11 15:00:00,30.0,office,46,5.14,3.17,0,11.47,0
2023-05-11 16:00:00,30.3,office,72,5.97,4.76,0,13.421,0
2023-05-11 17:00:00,26.6,office,30,2.95,2.82,1,8.36,0
2023-05-11 18:00:00,27.8,office,19,3.3,2.54,1,9.082,0
2023-05-11 19:00:00,25.4,office,14,2.36,3.1,1,7.452,0
2023-05-11 20:00:00,25.8,office,0,2.11,1.76,1,7.423,0
2023-05-11 21:00:00,20.1,office,0,0.5,1.42,0,4.183,0
2023-05-11 22:00:00,21.9,office,0,0.05,1.49,0,4.941,0
2023-05-11 23:00:00,20.1,office,0,0.43,0.88,0,2.805,0
2023-05-12 00:00:00,21.1,office,0,0.24,0.57,0,3.238,0
2023-05-12 01:00:00,20.7,office,0,0.41,1.23,0,3.238,0
2023-05-12 02:00:00,18.7,office,0,0.41,0.41,0,3.627,0
2023-05-12 03:00:00,18.9,office,0,0.46,0.53,0,4.38,0
2023-05-12 04:00:00,20.3,office,0,0.15,1.22,0,2.874,0
2023-05-12 05:00:00,19.9,office,0,0.47,0.76,0,3.266,0
2023-05-12 06:00:00,23.5,office,0,0.83,0.46,0,3.715,0
2023-05-12 07:00:00,22.9,office,10,0.69,1.55,0,4.736,0
2023-05-12 08:00:00,20.4,office,34,0.9,3.85,1,7.691,0
2023-05-12 09:00:00,25.5,office,58,3.32,4.26,1,10.078,0
2023-05-12 10:00:00,25.7,office,52,3.13,4.16,1,10.465,0
2023-05-12 11:00:00,25.9,office,67,3.7,3.84,0,9.089,0
2023-05-12 12:00:00,27.3,office,49,3.99,3.14,0,10.273,0
2023-05-12 13:00:00,29.8,office,70,5.4,4.69,0,13.231,0
2023-05-12 14:00:00,31.8,office,57,6.51,3.98,0,12.865,0
2023-05-12 15:00:00,30.1,office,74,5.56,4.76,0,11.686,0
2023-05-12 16:00:00,28.2,office,46,4.47,2.51,0,9.991,0
2023-05-12 17:00:00,29.0,office,59,4.83,4.33,1,11.031,0
2023-05-12 18:00:00,26.6,office,14,2.83,2.19,1,8.632,0
2023-05-12 19:00:00,25.0,office,11,1.93,2.1,1,6.958,0
2023-05-12 20:00:00,23.0,office,0,0.59,1.39,1,4.395,0
2023-05-12 21:00:00,20.9,office,0,0.18,0.73,0,2.99,0
2023-05-12 22:00:00,21.7,office,0,0.1,0.3,0,1.95,0
2023-05-12 23:00:00,21.5,office,0,0.1,1.18,0,3.721,0
2023-05-13 00:00:00,20.5,office,0,0.09,1.22,0,4.08,0
2023-05-13 01:00:00,19.6,office,0,0.24,0.95,0,3.426,0
2023-05-13 02:00:00,18.6,office,0,0.4,0.32,0,2.535,0
2023-05-13 03:00:00,21.1,office,0,0.28,1.36,0,4.023,0
2023-05-13 04:00:00,18.7,office,0,0.45,1.46,0,4.004,0
2023-05-13 05:00:00,22.6,office,0,0.62,0.46,0,2.313,0
2023-05-13 06:00:00,21.0,office,0,0.34,1.12,0,3.216,0
2023-05-13 07:00:00,22.6,office,0,0.63,1.29,0,4.182,0
2023-05-13 08:00:00,22.8,office,0,0.62,1.9,1,5.597,0
2023-05-13 09:00:00,25.6,office,0,2.14,1.62,1,6.324,0
2023-05-13 10:00:00,29.0,office,0,3.53,1.82,1,7.952,0
2023-05-13 11:00:00,29.3,office,0,4.08,0.87,0,7.803,0
2023-05-13 12:00:00,30.8,office,0,4.79,0.72,0,7.81,0
2023-05-13 13:00:00,30.6,office,0,12.72,2.94,0,31.956,1
2023-05-13 14:00:00,28.4,office,0,3.58,1.17,0,6.746,0
2023-05-13 15:00:00,29.3,office,0,3.66,0.51,0,6.722,0
2023-05-13 16:00:00,28.2,office,0,3.21,0.96,0,5.39,0
2023-05-13 17:00:00,30.5,office,0,4.28,2.1,1,8.695,0
2023-05-13 18:00:00,25.7,office,0,2.24,1.38,1,7.444,0
2023-05-13 19:00:00,27.6,office,0,3.18,1.67,1,7.512,0
2023-05-13 20:00:00,26.3,office,0,2.56,2.38,1,7.931,0
2023-05-13 21:00:00,26.5,office,0,2.25,0.94,0,6.236,0
2023-05-13 22:00:00,21.9,office,0,0.25,0.48,0,2.808,0
2023-05-13 23:00:00,22.5,office,0,0.6,0.36,0,2.634,0
2023-05-14 00:00:00,24.3,office,0,1.23,0.87,0,4.125,0
2023-05-14 01:00:00,19.5,office,0,0.32,0.91,0,4.01,0
2023-05-14 02:00:00,17.9,office,0,0.04,0.63,0,3.001,0
2023-05-14 03:00:00,17.6,office,0,0.22,2.38,0,12.948,1
2023-05-14 04:00:00,22.0,office,0,0.24,0.29,0,3.352,0
2023-05-14 05:00:00,18.9,office,0,0.33,0.39,0,2.672,0
2023-05-14 06:00:00,22.2,office,0,0.17,0.91,0,3.466,0
2023-05-14 07:00:00,24.6,office,0,1.39,0.28,0,3.379,0
2023-05-14 08:00:00,25.5,office,0,1.85,2.35,1,7.045,0
2023-05-14 09:00:00,27.2,office,0,2.72,1.38,1,6.522,0
2023-05-14 10:00:00,28.1,office,0,3.16,2.08,1,7.49,0
2023-05-14 11:00:00,30.7,office,0,4.55,0.71,0,7.593,0
2023-05-14 12:00:00,28.1,office,0,3.38,0.72,0,6.778,0
2023-05-14 13:00:00,29.1,office,0,3.77,1.19,0,7.338,0
2023-05-14 14:00:00,29.1,office,0,3.94,0.85,0,6.82,0
2023-05-14 15:00:00,31.3,office,0,5.01,1.14,0,9.085,0
2023-05-14 16:00:00,30.9,office,0,4.51,0.86,0,7.685,0
2023-05-14 17:00:00,29.4,office,0,3.72,1.97,1,8.938,0
2023-05-14 18:00:00,29.5,office,0,4.19,2.19,1,9.307,0
2023-05-14 19:00:00,24.8,office,0,1.44,1.99,1,5.925,0
2023-05-14 20:00:00,27.7,office,0,2.92,2.0,1,7.422,0
2023-05-14 21:00:00,26.2,office,0,2.11,1.23,0,6.077,0
2023-05-14 22:00:00,23.8,office,0,1.21,1.43,0,5.854,0
2023-05-14 23:00:00,24.4,office,0,1.49,0.69,0,3.538,0
2023-05-15 00:00:00,18.6,office,0,0.49,0.95,0,3.344,0
2023-05-15 01:00:00,19.8,office,0,0.44,0.31,0,2.833,0
2023-05-15 02:00:00,19.4,office,0,0.21,0.67,0,2.849,0
2023-05-15 03:00:00,21.7,office,0,0.19,0.74,0,3.119,0
2023-05-15 04:00:00,19.6,office,0,0.15,1.29,0,3.352,0
2023-05-15 05:00:00,23.1,office,0,0.63,0.87,0,4.096,0
2023-05-15 06:00:00,25.0,office,0,4.43,1.86,0,19.994,1
2023-05-15 07:00:00,25.2,office,17,2.01,1.07,0,5.963,0
2023-05-15 08:00:00,25.9,office,60,3.21,4.8,1,10.668,0
2023-05-15 09:00:00,25.3,office,36,2.49,4.17,1,9.349,0
2023-05-15 10:00:00,26.7,office,45,3.4,3.74,1,10.948,0
2023-05-15 11:00:00,30.9,office,54,6.01,2.94,0,10.87,0
2023-05-15 12:00:00,31.0,office,66,12.95,6.63,0,52.883,1
2023-05-15 13:00:00,30.2,office,52,5.63,3.72,0,12.562,0
2023-05-15 14:00:00,29.8,office,66,5.41,4.09,0,11.274,0
2023-05-15 15:00:00,27.3,office,48,3.84,3.2,0,9.589,0
2023-05-15 16:00:00,28.2,office,74,4.74,4.77,0,11.62,0
2023-05-15 17:00:00,31.9,office,48,6.0,3.93,1,11.551,0
2023-05-15 18:00:00,26.0,office,5,2.17,2.43,1,6.999,0
2023-05-15 19:00:00,27.0,office,17,3.31,2.25,1,8.177,0
2023-05-15 20:00:00,27.0,office,0,2.99,1.71,1,7.109,0
2023-05-15 21:00:00,22.3,office,0,0.17,1.05,0,3.465,0
2023-05-15 22:00:00,23.2,office,0,0.68,1.28,0,3.947,0
2023-05-15 23:00:00,23.3,office,0,0.86,1.23,0,3.781,0
2023-05-16 00:00:00,21.4,office,0,0.09,1.14,0,2.917,0
2023-05-16 01:00:00,25.2,office,0,1.78,0.67,0,5.267,0
2023-05-16 02:00:00,18.2,office,0,0.06,0.36,0,2.345,0
2023-05-16 03:00:00,22.4,office,0,0.43,0.48,0,3.481,0
2023-05-16 04:00:00,21.1,office,0,0.14,1.32,0,4.66,0
2023-05-16 05:00:00,23.3,office,0,0.83,1.31,0,4.464,0
2023-05-16 06:00:00,23.8,office,0,0.95,1.44,0,3.451,0
2023-05-16 07:00:00,23.3,office,13,1.12,0.95,0,4.911,0
2023-05-16 08:00:00,26.0,office,30,3.09,3.4,1,10.068,0
2023-05-16 09:00:00,24.2,office,66,2.58,5.34,1,10.016,0
2023-05-16 10:00:00,29.1,office,73,5.45,5.77,1,14.192,0
2023-05-16 11:00:00,29.7,office,79,5.85,4.99,0,12.698,0
2023-05-16 12:00:00,31.0,office,77,6.52,5.05,0,13.408,0
2023-05-16 13:00:00,32.1,office,33,6.11,2.32,0,10.999,0
2023-05-16 14:00:00,31.2,office,68,6.29,3.83,0,11.685,0
2023-05-16 15:00:00,30.7,office,77,6.32,4.32,0,13.785,0
2023-05-16 16:00:00,28.7,office,61,4.61,3.27,0,11.169,0
2023-05-16 17:00:00,28.2,office,48,4.29,4.06,1,11.31,0
2023-05-16 18:00:00,30.0,office,12,4.73,1.92,1,8.625,0
2023-05-16 19:00:00,29.1,office,16,4.25,2.42,1,9.526,0
2023-05-16 20:00:00,25.3,office,0,2.13,2.02,1,7.321,0
2023-05-16 21:00:00,24.5,office,0,1.64,1.36,0,5.856,0
2023-05-16 22:00:00,21.8,office,0,0.44,1.29,0,3.371,0
2023-05-16 23:00:00,23.9,office,0,1.3,0.53,0,4.114,0
2023-05-17 00:00:00,22.6,office,0,0.68,0.37,0,2.895,0
2023-05-17 01:00:00,24.0,office,0,1.26,0.45,0,4.666,0
2023-05-17 02:00:00,19.6,office,0,0.46,1.46,0,4.502,0
2023-05-17 03:00:00,20.5,office,0,0.41,0.91,0,3.51,0
2023-05-17 04:00:00,21.9,office,0,0.42,0.44,0,3.537,0
2023-05-17 05:00:00,23.3,office,0,0.99,1.29,0,4.104,0
2023-05-17 06:00:00,23.1,office,0,0.7,0.71,0,2.702,0
2023-05-17 07:00:00,23.3,office,12,0.91,1.97,0,6.202,0
2023-05-17 08:00:00,27.2,office,70,4.47,5.04,1,12.233,0
2023-05-17 09:00:00,28.3,office,42,4.28,3.81,1,10.086,0
2023-05-17 10:00:00,27.0,office,69,7.61,11.07,1,37.829,1
2023-05-17 11:00:00,31.5,office,46,5.74,3.66,0,12.104,0
2023-05-17 12:00:00,32.0,office,73,6.87,4.98,0,13.599,0
2023-05-17 13:00:00,30.9,office,78,6.43,4.85,0,12.797,0
2023-05-17 14:00:00,31.0,office,76,6.43,4.29,0,12.894,0
2023-05-17 15:00:00,31.6,office,79,6.7,4.67,0,13.601,0
2023-05-17 16:00:00,28.9,office,72,5.07,5.07,0,12.335,0
2023-05-17 17:00:00,29.5,office,73,5.36,5.64,1,14.075,0
2023-05-17 18:00:00,25.2,office,9,1.78,2.67,1,7.933,0
2023-05-17 19:00:00,28.5,office,8,3.83,2.18,1,9.129,0
2023-05-17 20:00:00,23.6,office,0,0.84,1.89,1,4.974,0
2023-05-17 21:00:00,26.9,office,0,6.95,1.26,0,20.3,1
2023-05-17 22:00:00,22.9,office,0,0.7,1.11,0,4.115,0
2023-05-17 23:00:00,22.1,office,0,0.31,1.31,0,3.24,0
2023-05-18 00:00:00,20.9,office,0,0.46,0.86,0,3.052,0
2023-05-18 01:00:00,20.9,office,0,0.02,0.83,0,3.509,0
2023-05-18 02:00:00,23.3,office,0,1.04,0.64,0,3.213,0
2023-05-18 03:00:00,17.6,office,0,0.03,0.43,0,2.83,0
2023-05-18 04:00:00,23.7,office,0,0.87,1.42,0,4.123,0
2023-05-18 05:00:00,23.1,office,0,0.76,0.61,0,3.566,0
2023-05-18 06:00:00,21.8,office,0,0.03,1.24,0,2.501,0
2023-05-18 07:00:00,23.2,office,6,3.13,3.32,0,16.741,1
2023-05-18 08:00:00,28.6,office,49,4.54,4.68,1,11.039,0
2023-05-18 09:00:00,26.0,office,80,3.61,6.42,1,12.983,0
2023-05-18 10:00:00,26.9,office,58,3.63,4.91,1,12.272,0
2023-05-18 11:00:00,31.4,office,32,5.65,2.97,0,11.492,0
2023-05-18 12:00:00,31.0,office,67,6.24,3.77,0,12.883,0
2023-05-18 13:00:00,29.5,office,53,5.03,3.66,0,9.971,0
2023-05-18 14:00:00,31.4,office,76,6.5,5.0,0,12.677,0
2023-05-18 15:00:00,29.4,office,38,4.86,2.45,0,10.513,0
2023-05-18 16:00:00,32.1,office,35,6.06,2.91,0,10.885,0
2023-05-18 17:00:00,31.3,office,48,5.72,4.61,1,13.192,0
2023-05-18 18:00:00,29.4,office,15,4.31,3.03,1,11.151,0
2023-05-18 19:00:00,28.0,office,18,3.67,2.51,1,9.252,0
2023-05-18 20:00:00,28.8,office,0,3.77,2.09,1,9.377,0
2023-05-18 21:00:00,24.8,office,0,1.71,0.6,0,5.303,0
2023-05-18 22:00:00,21.9,office,0,0.48,1.16,0,3.681,0
2023-05-18 23:00:00,23.3,office,0,0.75,0.8,0,4.62,0
2023-05-19 00:00:00,25.1,office,0,2.03,0.98,0,5.44,0
2023-05-19 01:00:00,20.0,office,0,0.27,0.74,0,3.623,0
2023-05-19 02:00:00,20.8,office,0,0.34,0.41,0,2.73,0
2023-05-19 03:00:00,22.1,office,0,0.1,0.43,0,2.846,0
2023-05-19 04:00:00,21.9,office,0,0.19,0.3,0,2.839,0
2023-05-19 05:00:00,21.3,office,0,0.38,1.0,0,2.625,0
2023-05-19 06:00:00,25.5,office,0,2.1,1.3,0,6.832,0
2023-05-19 07:00:00,28.5,office,10,3.47,0.73,0,6.178,0
2023-05-19 08:00:00,26.6,office,42,3.41,3.39,1,9.896,0
2023-05-19 09:00:00,26.3,office,38,2.95,3.69,1,9.894,0
2023-05-19 10:00:00,26.5,office,80,4.35,6.16,1,13.265,0
2023-05-19 11:00:00,30.3,office,64,5.88,3.61,0,11.14,0
2023-05-19 12:00:00,32.3,office,53,6.22,3.2,0,11.429,0
2023-05-19 13:00:00,31.9,office,63,6.64,3.65,0,12.742,0
2023-05-19 14:00:00,31.3,office,62,6.35,3.82,0,12.224,0
2023-05-19 15:00:00,30.3,office,47,5.27,2.84,0,10.235,0
2023-05-19 16:00:00,29.0,office,40,4.66,2.66,0,9.408,0
2023-05-19 17:00:00,31.1,office,46,5.69,4.45,1,13.299,0
2023-05-19 18:00:00,30.2,office,20,4.83,2.99,1,10.976,0
2023-05-19 19:00:00,25.3,office,14,2.1,2.01,1,6.021,0
2023-05-19 20:00:00,28.7,office,0,3.51,2.03,1,8.764,0
2023-05-19 21:00:00,25.9,office,0,2.16,0.82,0,5.998,0
2023-05-19 22:00:00,25.9,office,0,2.02,1.41,0,6.135,0
2023-05-19 23:00:00,20.8,office,0,0.42,0.58,0,2.884,0
2023-05-20 00:00:00,20.2,office,0,0.17,1.14,0,3.939,0
2023-05-20 01:00:00,21.5,office,0,0.2,1.15,0,3.699,0
2023-05-20 02:00:00,22.3,office,0,0.6,0.49,0,3.992,0
2023-05-20 03:00:00,24.4,office,0,1.45,1.37,0,5.414,0
2023-05-20 04:00:00,23.3,office,0,0.92,0.84,0,4.428,0
2023-05-20 05:00:00,22.7,office,0,0.83,1.08,0,3.883,0
2023-05-20 06:00:00,22.5,office,0,0.69,0.39,0,3.675,0
2023-05-20 07:00:00,27.1,office,0,2.63,0.54,0,4.944,0
2023-05-20 08:00:00,25.1,office,0,1.79,1.96,1,6.081,0
2023-05-20 09:00:00,30.3,office,0,4.64,1.61,1,9.388,0
2023-05-20 10:00:00,28.6,office,0,3.49,1.85,1,8.29,0
2023-05-20 11:00:00,32.5,office,0,5.44,0.69,0,7.438,0
2023-05-20 12:00:00,31.9,office,0,5.05,1.03,0,8.489,0
2023-05-20 13:00:00,31.2,office,0,4.66,0.83,0,7.179,0
2023-05-20 14:00:00,30.8,office,0,4.77,0.21,0,7.401,0
2023-05-20 15:00:00,30.9,office,0,4.84,1.04,0,8.278,0
2023-05-20 16:00:00,31.5,office,0,5.23,0.75,0,8.528,0
2023-05-20 17:00:00,30.2,office,0,4.49,1.64,1,8.339,0
2023-05-20 18:00:00,28.2,office,0,3.22,1.32,1,8.175,0
2023-05-20 19:00:00,27.6,office,0,2.82,1.49,1,7.175,0
2023-05-20 20:00:00,26.7,office,0,2.84,1.49,1,7.397,0
2023-05-20 21:00:00,22.1,office,0,0.22,1.42,0,3.683,0
2023-05-20 22:00:00,24.7,office,0,1.51,0.76,0,5.562,0
2023-05-20 23:00:00,21.5,office,0,0.45,0.25,0,3.354,0
2023-05-21 00:00:00,20.7,office,0,0.29,0.38,0,2.975,0
2023-05-21 01:00:00,19.4,office,0,0.11,0.3,0,2.24,0
2023-05-21 02:00:00,19.1,office,0,0.44,0.97,0,3.438,0
2023-05-21 03:00:00,19.9,office,0,0.5,0.44,0,3.166,0
2023-05-21 04:00:00,21.4,office,0,0.04,0.85,0,3.223,0
2023-05-21 05:00:00,26.2,office,0,2.53,0.68,0,5.312,0
2023-05-21 06:00:00,23.5,office,0,0.95,1.25,0,4.237,0
2023-05-21 07:00:00,25.7,office,0,3.44,1.29,0,17.357,1
2023-05-21 08:00:00,27.4,office,0,3.16,1.8,1,7.768,0
2023-05-21 09:00:00,28.3,office,0,3.64,2.14,1,8.939,0
2023-05-21 10:00:00,29.1,office,0,3.68,1.76,1,7.379,0
2023-05-21 11:00:00,28.5,office,0,3.36,1.23,0,6.855,0
2023-05-21 12:00:00,33.3,office,0,5.69,1.06,0,8.335,0
2023-05-21 13:00:00,34.3,office,0,6.43,0.73,0,8.841,0
2023-05-21 14:00:00,29.2,office,0,3.61,0.86,0,6.232,0
2023-05-21 15:00:00,30.1,office,0,4.26,1.46,0,8.479,0
2023-05-21 16:00:00,30.7,office,0,4.39,1.06,0,8.04,0
2023-05-21 17:00:00,28.9,office,0,3.65,2.38,1,8.264,0
2023-05-21 18:00:00,30.0,office,0,4.02,1.43,1,8.299,0
2023-05-21 19:00:00,27.0,office,0,2.92,1.83,1,7.98,0
2023-05-21 20:00:00,30.0,office,0,4.1,2.38,1,9.326,0
2023-05-21 21:00:00,27.3,office,0,2.81,0.62,0,6.15,0
2023-05-21 22:00:00,24.6,office,0,1.74,1.46,0,5.338,0
2023-05-21 23:00:00,24.8,office,0,1.77,0.33,0,4.116,0
2023-05-22 00:00:00,24.3,office,0,1.26,1.37,0,4.665,0
2023-05-22 01:00:00,21.3,office,0,0.04,0.78,0,3.055,0
2023-05-22 02:00:00,20.7,office,0,0.36,0.3,0,3.088,0
2023-05-22 03:00:00,22.3,office,0,0.35,1.34,0,3.942,0
2023-05-22 04:00:00,23.9,office,0,1.33,0.53,0,4.828,0
2023-05-22 05:00:00,23.6,office,0,1.02,0.23,0,3.401,0
2023-05-22 06:00:00,22.1,office,0,0.22,0.38,0,3.219,0
2023-05-22 07:00:00,24.5,office,15,4.51,3.43,0,24.352,1
2023-05-22 08:00:00,26.9,office,37,3.56,4.32,1,10.797,0
2023-05-22 09:00:00,28.2,office,59,4.73,4.29,1,11.001,0
2023-05-22 10:00:00,32.4,office,34,5.9,3.5,1,11.859,0
2023-05-22 11:00:00,28.4,office,39,4.24,2.38,0,9.153,0
2023-05-22 12:00:00,32.1,office,78,6.63,5.07,0,13.179,0
2023-05-22 13:00:00,34.0,office,44,7.11,2.55,0,12.364,0
2023-05-22 14:00:00,35.4,office,73,8.6,4.16,0,13.977,0
2023-05-22 15:00:00,31.2,office,76,6.3,4.26,0,12.428,0
2023-05-22 16:00:00,32.0,office,73,6.93,4.57,0,13.779,0
2023-05-22 17:00:00,31.4,office,55,6.12,5.09,1,14.779,0
2023-05-22 18:00:00,29.8,office,16,4.69,2.66,1,10.642,0
2023-05-22 19:00:00,28.1,office,7,3.57,1.63,1,8.463,0
2023-05-22 20:00:00,27.6,office,0,2.85,1.93,1,7.67,0
2023-05-22 21:00:00,21.9,office,0,0.12,1.24,0,3.448,0
2023-05-22 22:00:00,25.5,office,0,1.95,0.37,0,5.32,0
2023-05-22 23:00:00,23.6,office,0,0.89,0.29,0,3.245,0
2023-05-23 00:00:00,22.5,office,0,0.5,0.44,0,3.115,0
2023-05-23 01:00:00,25.4,office,0,1.94,1.17,0,5.443,0
2023-05-23 02:00:00,21.2,office,0,0.48,0.97,0,3.666,0
2023-05-23 03:00:00,21.7,office,0,0.22,0.9,0,1.814,0
2023-05-23 04:00:00,25.8,office,0,2.29,0.52,0,4.611,0
2023-05-23 05:00:00,22.4,office,0,0.67,0.63,0,3.616,0
2023-05-23 06:00:00,23.9,office,0,1.39,1.46,0,5.266,0
2023-05-23 07:00:00,25.7,office,17,2.29,1.36,0,5.991,0
2023-05-23 08:00:00,28.4,office,30,4.05,3.87,1,10.804,0
2023-05-23 09:00:00,28.8,office,46,4.49,4.25,1,11.683,0
2023-05-23 10:00:00,27.7,office,64,4.33,4.56,1,11.918,0
2023-05-23 11:00:00,29.9,office,37,4.87,2.66,0,10.83,0
2023-05-23 12:00:00,30.6,office,59,5.89,4.38,0,12.76,0
2023-05-23 13:00:00,31.9,office,53,6.24,3.39,0,11.353,0
2023-05-23 14:00:00,32.8,office,73,7.12,4.97,0,14.602,0
2023-05-23 15:00:00,32.6,office,77,7.33,4.38,0,14.007,0
2023-05-23 16:00:00,28.8,office,73,4.89,4.59,0,12.152,0
2023-05-23 17:00:00,32.3,office,46,6.31,4.6,1,12.956,0
2023-05-23 18:00:00,30.1,office,17,4.78,3.25,1,10.195,0
2023-05-23 19:00:00,30.5,office,16,4.65,2.63,1,9.501,0
2023-05-23 20:00:00,27.8,office,0,9.01,3.72,1,36.957,1
2023-05-23 21:00:00,27.5,office,0,2.87,0.2,0,5.593,0
2023-05-23 22:00:00,25.4,office,0,2.13,0.53,0,5.928,0
2023-05-23 23:00:00,25.7,office,0,2.01,0.56,0,3.996,0
2023-05-24 00:00:00,23.8,office,0,1.06,0.32,0,2.621,0
2023-05-24 01:00:00,22.4,office,0,0.5,0.56,0,3.609,0
2023-05-24 02:00:00,25.8,office,0,1.99,0.62,0,5.167,0
2023-05-24 03:00:00,23.9,office,0,1.09,1.46,0,4.392,0
2023-05-24 04:00:00,23.9,office,0,1.16,1.07,0,4.045,0
2023-05-24 05:00:00,21.9,office,0,0.18,0.75,0,3.588,0
2023-05-24 06:00:00,22.9,office,0,0.71,1.48,0,4.911,0
2023-05-24 07:00:00,26.5,office,8,2.71,0.8,0,5.416,0
2023-05-24 08:00:00,27.6,office,73,4.54,5.47,1,12.7,0
2023-05-24 09:00:00,27.8,office,44,4.11,4.24,1,11.149,0
2023-05-24 10:00:00,30.1,office,60,5.4,4.27,1,11.796,0
2023-05-24 11:00:00,33.3,office,31,6.33,2.68,0,11.049,0
2023-05-24 12:00:00,32.8,office,69,7.16,3.78,0,13.031,0
2023-05-24 13:00:00,30.5,office,65,5.98,3.63,0,12.806,0
2023-05-24 14:00:00,32.2,office,50,6.23,2.91,0,11.118,0
2023-05-24 15:00:00,31.0,office,69,6.08,4.86,0,13.286,0
2023-05-24 16:00:00,31.1,office,44,5.68,3.29,0,11.502,0
2023-05-24 17:00:00,30.3,office,71,5.84,5.6,1,14.893,0
2023-05-24 18:00:00,29.2,office,7,4.07,2.27,1,8.469,0
2023-05-24 19:00:00,26.8,office,19,2.8,2.53,1,8.154,0
2023-05-24 20:00:00,27.2,office,0,2.96,2.01,1,8.199,0
2023-05-24 21:00:00,25.2,office,0,1.63,0.73,0,5.436,0
2023-05-24 22:00:00,20.5,office,0,0.23,0.39,0,3.577,0
2023-05-24 23:00:00,26.9,office,0,2.86,1.1,0,5.846,0
2023-05-25 00:00:00,24.9,office,0,1.68,0.37,0,3.961,0
2023-05-25 01:00:00,22.2,office,0,0.17,0.45,0,3.033,0
2023-05-25 02:00:00,22.6,office,0,0.79,1.26,0,4.286,0
2023-05-25 03:00:00,21.0,office,0,0.44,1.06,0,4.174,0
2023-05-25 04:00:00,25.8,office,0,2.29,1.02,0,5.862,0
2023-05-25 05:00:00,26.9,office,0,4.26,1.36,0,16.458,1
2023-05-25 06:00:00,25.3,office,0,1.74,0.72,0,5.095,0
2023-05-25 07:00:00,27.8,office,14,3.65,1.8,0,8.659,0
2023-05-25 08:00:00,27.8,office,71,4.59,5.71,1,13.663,0
2023-05-25 09:00:00,26.9,office,56,4.0,4.66,1,11.272,0
2023-05-25 10:00:00,29.5,office,37,4.66,4.31,1,11.958,0
2023-05-25 11:00:00,31.3,office,38,5.58,3.34,0,10.991,0
2023-05-25 12:00:00,31.2,office,32,5.73,2.34,0,9.059,0
2023-05-25 13:00:00,32.1,office,32,5.95,2.87,0,10.481,0
2023-05-25 14:00:00,32.4,office,49,6.25,3.36,0,11.994,0
2023-05-25 15:00:00,32.3,office,61,6.48,3.92,0,12.492,0
2023-05-25 16:00:00,32.0,office,37,5.98,2.12,0,10.993,0
2023-05-25 17:00:00,29.5,office,36,4.49,3.75,1,11.404,0
2023-05-25 18:00:00,29.0,office,12,3.97,2.97,1,10.008,0
2023-05-25 19:00:00,26.9,office,9,2.84,2.66,1,7.169,0
2023-05-25 20:00:00,29.0,office,0,3.89,2.22,1,8.683,0
2023-05-25 21:00:00,23.1,office,0,0.73,0.41,0,3.19,0
2023-05-25 22:00:00,26.8,office,0,2.89,0.67,0,5.18,0
2023-05-25 23:00:00,26.1,office,0,2.14,0.5,0,5.829,0
2023-05-26 00:00:00,23.0,office,0,0.8,0.61,0,3.601,0
2023-05-26 01:00:00,19.0,office,0,0.04,0.95,0,3.369,0
2023-05-26 02:00:00,22.2,office,0,0.47,0.67,0,2.673,0
2023-05-26 03:00:00,22.9,office,0,0.95,0.93,0,4.109,0
2023-05-26 04:00:00,21.9,office,0,0.41,0.77,0,3.511,0
2023-05-26 05:00:00,23.5,office,0,1.03,0.57,0,3.632,0
2023-05-26 06:00:00,27.6,office,0,3.04,0.32,0,5.663,0
2023-05-26 07:00:00,27.5,office,17,3.51,2.21,0,7.522,0
2023-05-26 08:00:00,26.4,office,59,3.85,4.16,1,10.624,0
2023-05-26 09:00:00,26.7,office,53,3.9,3.85,1,10.561,0
2023-05-26 10:00:00,29.8,office,72,5.54,5.87,1,14.103,0
2023-05-26 11:00:00,31.0,office,77,6.54,5.35,0,13.521,0
2023-05-26 12:00:00,32.9,office,74,7.01,4.85,0,14.073,0
2023-05-26 13:00:00,31.8,office,64,6.31,3.42,0,11.204,0
2023-05-26 14:00:00,33.5,office,56,6.91,3.29,0,12.431,0
2023-05-26 15:00:00,35.5,office,67,8.23,4.81,0,15.006,0
2023-05-26 16:00:00,33.3,office,77,7.57,5.1,0,15.143,0
2023-05-26 17:00:00,31.2,office,76,6.55,5.74,1,15.296,0
2023-05-26 18:00:00,30.0,office,9,4.57,1.96,1,8.701,0
2023-05-26 19:00:00,28.5,office,18,3.93,2.12,1,8.415,0
2023-05-26 20:00:00,29.5,office,0,4.01,1.23,1,8.054,0
2023-05-26 21:00:00,25.5,office,0,2.1,1.0,0,4.763,0
2023-05-26 22:00:00,25.3,office,0,1.85,0.23,0,3.499,0
2023-05-26 23:00:00,24.3,office,0,1.57,1.49,0,4.951,0
2023-05-27 00:00:00,22.9,office,0,0.79,0.44,0,3.166,0
2023-05-27 01:00:00,21.1,office,0,0.35,1.12,0,3.657,0
2023-05-27 02:00:00,23.5,office,0,1.02,0.4,0,3.378,0
2023-05-27 03:00:00,23.1,office,0,0.99,0.9,0,3.344,0
2023-05-27 04:00:00,24.4,office,0,1.33,0.3,0,3.91,0
2023-05-27 05:00:00,23.6,office,0,0.99,1.2,0,4.209,0
2023-05-27 06:00:00,27.3,office,0,3.04,0.96,0,6.523,0
2023-05-27 07:00:00,25.4,office,0,1.95,0.31,0,4.838,0
2023-05-27 08:00:00,30.5,office,0,4.69,2.3,1,10.063,0
2023-05-27 09:00:00,26.6,office,0,2.47,1.91,1,7.542,0
2023-05-27 10:00:00,31.1,office,0,4.73,2.4,1,9.835,0
2023-05-27 11:00:00,32.2,office,0,5.54,1.39,0,8.933,0
2023-05-27 12:00:00,31.1,office,0,4.78,1.4,0,9.343,0
2023-05-27 13:00:00,33.4,office,0,5.96,0.3,0,8.679,0
2023-05-27 14:00:00,34.9,office,0,6.62,0.36,0,10.295,0
2023-05-27 15:00:00,29.5,office,0,3.89,1.48,0,6.27,0
2023-05-27 16:00:00,33.1,office,0,5.88,0.83,0,8.765,0
2023-05-27 17:00:00,27.8,office,0,2.96,1.51,1,8.134,0
2023-05-27 18:00:00,29.0,office,0,3.94,2.2,1,8.894,0
2023-05-27 19:00:00,31.7,office,0,5.24,1.54,1,9.405,0
2023-05-27 20:00:00,27.1,office,0,2.65,2.15,1,8.388,0
2023-05-27 21:00:00,24.9,office,0,1.8,1.29,0,6.567,0
2023-05-27 22:00:00,25.2,office,0,1.9,1.22,0,5.34,0
2023-05-27 23:00:00,27.5,office,0,2.84,0.56,0,5.921,0
2023-05-28 00:00:00,21.1,office,0,0.37,1.55,0,12.12,1
2023-05-28 01:00:00,21.8,office,0,0.2,0.74,0,3.083,0
2023-05-28 02:00:00,25.4,office,0,2.05,0.84,0,5.119,0
2023-05-28 03:00:00,26.1,office,0,2.37,0.42,0,4.908,0
2023-05-28 04:00:00,23.7,office,0,1.12,0.79,0,4.392,0
2023-05-28 05:00:00,22.8,office,0,0.78,0.86,0,3.76,0
2023-05-28 06:00:00,28.8,office,0,3.78,0.89,0,6.914,0
2023-05-28 07:00:00,29.3,office,0,3.96,1.27,0,7.985,0
2023-05-28 08:00:00,29.2,office,0,3.99,1.87,1,8.791,0
2023-05-28 09:00:00,28.2,office,0,3.27,1.5,1,7.792,0
2023-05-28 10:00:00,30.6,office,0,4.74,2.06,1,9.118,0
2023-05-28 11:00:00,31.5,office,0,5.06,1.24,0,8.884,0
2023-05-28 12:00:00,33.0,office,0,5.91,0.62,0,8.691,0
2023-05-28 13:00:00,35.2,office,0,6.87,1.04,0,10.403,0
2023-05-28 14:00:00,34.5,office,0,6.36,0.39,0,7.983,0
2023-05-28 15:00:00,31.4,office,0,4.97,0.64,0,7.073,0
2023-05-28 16:00:00,34.6,office,0,6.49,1.38,0,9.881,0
2023-05-28 17:00:00,32.2,office,0,5.45,2.38,1,9.846,0
2023-05-28 18:00:00,31.7,office,0,5.09,1.95,1,10.199,0
2023-05-28 19:00:00,31.7,office,0,5.27,2.11,1,9.812,0
2023-05-28 20:00:00,26.5,office,0,2.59,2.31,1,7.859,0
2023-05-28 21:00:00,26.8,office,0,2.74,1.45,0,6.66,0
2023-05-28 22:00:00,24.9,office,0,1.56,0.84,0,4.441,0
2023-05-28 23:00:00,22.3,office,0,0.64,0.93,0,4.08,0
2023-05-29 00:00:00,24.5,office,0,1.67,0.74,0,4.937,0
2023-05-29 01:00:00,27.3,office,0,3.04,0.29,0,5.741,0
2023-05-29 02:00:00,20.6,office,0,0.17,0.75,0,3.704,0
2023-05-29 03:00:00,23.5,office,0,1.02,1.23,0,4.388,0
2023-05-29 04:00:00,25.0,office,0,1.57,1.25,0,5.553,0
2023-05-29 05:00:00,25.0,office,0,1.77,1.36,0,5.106,0
2023-05-29 06:00:00,25.7,office,0,1.92,0.27,0,4.403,0
2023-05-29 07:00:00,25.1,office,8,1.99,1.29,0,6.633,0
2023-05-29 08:00:00,28.7,office,61,4.89,4.39,1,12.204,0
2023-05-29 09:00:00,28.5,office,69,4.83,4.91,1,13.256,0
2023-05-29 10:00:00,27.6,office,56,4.17,5.17,1,11.651,0
2023-05-29 11:00:00,33.7,office,47,7.23,3.2,0,11.811,0
2023-05-29 12:00:00,34.1,office,32,6.74,2.79,0,11.751,0
2023-05-29 13:00:00,33.3,office,74,7.53,3.98,0,14.028,0
2023-05-29 14:00:00,33.7,office,53,7.0,3.39,0,12.459,0
2023-05-29 15:00:00,34.8,office,43,7.28,3.23,0,12.479,0
2023-05-29 16:00:00,33.0,office,58,6.75,3.27,0,13.131,0
2023-05-29 17:00:00,33.2,office,58,7.14,4.52,1,13.677,0
2023-05-29 18:00:00,30.4,office,12,4.64,1.88,1,8.599,0
2023-05-29 19:00:00,31.6,office,16,5.56,2.85,1,11.298,0
2023-05-29 20:00:00,28.8,office,0,3.66,2.46,1,9.575,0
2023-05-29 21:00:00,27.3,office,0,2.66,1.28,0,6.959,0
2023-05-29 22:00:00,23.9,office,0,1.31,1.47,0,5.32,0
2023-05-29 23:00:00,25.2,office,0,1.66,1.3,0,4.664,0
2023-05-30 00:00:00,23.0,office,0,0.89,1.31,0,4.754,0
2023-05-30 01:00:00,22.8,office,0,0.48,0.95,0,4.054,0
2023-05-30 02:00:00,22.3,office,0,0.32,0.87,0,4.182,0
2023-05-30 03:00:00,22.1,office,0,0.43,0.73,0,3.557,0
2023-05-30 04:00:00,27.4,office,0,3.18,1.26,0,5.744,0
2023-05-30 05:00:00,27.0,office,0,2.69,0.44,0,4.673,0
2023-05-30 06:00:00,28.9,office,0,3.86,0.27,0,5.877,0
2023-05-30 07:00:00,25.4,office,8,1.96,1.83,0,5.977,0
2023-05-30 08:00:00,28.6,office,73,5.16,4.85,1,13.246,0
2023-05-30 09:00:00,27.9,office,53,4.34,5.12,1,11.968,0
2023-05-30 10:00:00,30.0,office,64,5.38,5.35,1,13.343,0
2023-05-30 11:00:00,30.7,office,71,5.92,4.18,0,12.802,0
2023-05-30 12:00:00,34.7,office,52,7.46,3.71,0,13.084,0
2023-05-30 13:00:00,32.8,office,33,6.25,2.91,0,11.736,0
2023-05-30 14:00:00,35.1,office,55,7.75,3.27,0,13.673,0
2023-05-30 15:00:00,34.3,office,47,7.41,3.55,0,12.903,0
2023-05-30 16:00:00,36.3,office,42,8.49,3.35,0,14.84,0
2023-05-30 17:00:00,29.9,office,37,4.7,3.37,1,11.11,0
2023-05-30 18:00:00,32.9,office,19,6.1,2.2,1,10.251,0
2023-05-30 19:00:00,31.6,office,7,5.23,1.82,1,9.702,0
2023-05-30 20:00:00,27.1,office,0,3.01,1.46,1,7.325,0
2023-05-30 21:00:00,28.8,office,0,3.65,0.28,0,6.666,0
2023-05-30 22:00:00,26.5,office,0,2.52,1.14,0,5.725,0
2023-05-30 23:00:00,24.7,office,0,1.59,0.69,0,3.894,0
2023-05-31 00:00:00,23.2,office,0,0.73,1.35,0,4.321,0
2023-05-31 01:00:00,22.8,office,0,0.43,0.53,0,2.788,0
2023-05-31 02:00:00,26.8,office,0,2.6,0.79,0,5.475,0
2023-05-31 03:00:00,23.9,office,0,0.98,1.03,0,3.666,0
2023-05-31 04:00:00,25.6,office,0,3.71,3.02,0,21.488,1
2023-05-31 05:00:00,24.0,office,0,1.15,0.88,0,3.835,0
2023-05-31 06:00:00,25.1,office,0,1.82,0.69,0,3.879,0
2023-05-31 07:00:00,29.0,office,11,3.79,1.88,0,7.314,0
2023-05-31 08:00:00,26.7,office,71,4.24,5.15,1,11.723,0
2023-05-31 09:00:00,29.4,office,70,5.55,4.8,1,12.335,0
2023-05-31 10:00:00,31.3,office,68,6.1,5.18,1,14.096,0
2023-05-31 11:00:00,32.4,office,31,5.99,2.77,0,11.685,0
2023-05-31 12:00:00,32.8,office,33,6.37,1.89,0,11.289,0
2023-05-31 13:00:00,34.1,office,80,7.7,4.96,0,15.005,0
2023-05-31 14:00:00,34.8,office,51,21.15,5.91,0,46.877,1
2023-05-31 15:00:00,34.7,office,45,7.38,3.66,0,13.828,0
2023-05-31 16:00:00,31.6,office,38,6.02,2.47,0,10.515,0
2023-05-31 17:00:00,31.8,office,80,6.93,5.56,1,15.833,0
2023-05-31 18:00:00,33.0,office,11,6.01,2.32,1,11.352,0
2023-05-31 19:00:00,31.4,office,7,12.28,3.46,1,46.209,1
2023-05-31 20:00:00,26.7,office,0,7.71,3.5,1,27.443,1
2023-05-31 21:00:00,28.0,office,0,3.47,1.03,0,6.216,0
2023-05-31 22:00:00,23.3,office,0,1.13,1.19,0,3.819,0
2023-05-31 23:00:00,25.3,office,0,1.71,1.27,0,5.697,0
2023-06-01 00:00:00,27.4,office,0,2.78,1.4,0,6.692,0
2023-06-01 01:00:00,22.6,office,0,0.64,0.76,0,4.073,0
2023-06-01 02:00:00,22.6,office,0,0.57,1.48,0,3.672,0
2023-06-01 03:00:00,25.2,office,0,1.61,0.48,0,4.957,0
2023-06-01 04:00:00,22.3,office,0,0.18,1.13,0,3.884,0
2023-06-01 05:00:00,24.4,office,0,1.64,0.89,0,4.431,0
2023-06-01 06:00:00,27.3,office,0,3.08,1.26,0,6.164,0
2023-06-01 07:00:00,26.7,office,11,2.75,1.37,0,6.773,0
2023-06-01 08:00:00,28.5,office,67,5.04,5.57,1,13.611,0
2023-06-01 09:00:00,31.3,office,43,5.81,4.56,1,12.752,0
2023-06-01 10:00:00,32.0,office,44,6.28,4.35,1,12.986,0
2023-06-01 11:00:00,32.8,office,51,6.63,3.76,0,13.202,0
2023-06-01 12:00:00,32.7,office,79,6.99,4.24,0,13.316,0
2023-06-01 13:00:00,34.3,office,39,7.15,2.42,0,10.647,0
2023-06-01 14:00:00,33.7,office,80,7.68,5.47,0,16.153,0
2023-06-01 15:00:00,34.4,office,68,7.84,4.5,0,15.351,0
2023-06-01 16:00:00,32.5,office,30,5.9,2.43,0,10.551,0
2023-06-01 17:00:00,32.2,office,47,6.54,4.03,1,13.069,0
2023-06-01 18:00:00,29.9,office,9,4.25,1.71,1,9.199,0
2023-06-01 19:00:00,30.1,office,9,4.33,2.13,1,9.085,0
2023-06-01 20:00:00,27.7,office,0,3.11,1.85,1,8.212,0
2023-06-01 21:00:00,25.9,office,0,2.22,0.47,0,4.575,0
2023-06-01 22:00:00,26.8,office,0,2.62,0.43,0,4.632,0
2023-06-01 23:00:00,25.7,office,0,2.24,0.86,0,4.948,0
2023-06-02 00:00:00,25.9,office,0,2.21,0.96,0,5.42,0
2023-06-02 01:00:00,23.6,office,0,1.1,0.51,0,4.042,0
2023-06-02 02:00:00,24.7,office,0,1.71,0.96,0,4.422,0
2023-06-02 03:00:00,25.1,office,0,1.56,1.37,0,5.476,0
2023-06-02 04:00:00,25.4,office,0,1.99,0.82,0,4.928,0
2023-06-02 05:00:00,24.3,office,0,1.59,1.31,0,4.738,0
2023-06-02 06:00:00,26.8,office,0,2.41,1.41,0,6.368,0
2023-06-02 07:00:00,28.3,office,13,3.61,0.97,0,7.356,0
2023-06-02 08:00:00,29.1,office,41,4.83,3.37,1,10.015,0
2023-06-02 09:00:00,27.2,office,37,3.52,3.67,1,9.468,0
2023-06-02 10:00:00,31.8,office,72,6.57,5.56,1,13.828,0
2023-06-02 11:00:00,35.9,office,31,8.06,2.3,0,13.136,0
2023-06-02 12:00:00,32.9,office,38,6.31,2.52,0,10.84,0
2023-06-02 13:00:00,32.8,office,30,6.03,2.53,0,11.541,0
2023-06-02 14:00:00,34.6,office,52,7.77,2.8,0,13.165,0
2023-06-02 15:00:00,34.4,office,80,8.23,5.46,0,16.022,0
2023-06-02 16:00:00,35.2,office,80,8.44,4.5,0,15.846,0
2023-06-02 17:00:00,30.7,office,45,5.51,4.64,1,13.134,0
2023-06-02 18:00:00,32.7,office,15,6.07,2.09,1,10.303,0
2023-06-02 19:00:00,31.3,office,5,5.12,1.76,1,9.118,0
2023-06-02 20:00:00,28.9,office,0,3.58,1.51,1,7.955,0
2023-06-02 21:00:00,28.3,office,0,3.16,1.49,0,6.78,0
2023-06-02 22:00:00,28.1,office,0,3.29,0.21,0,5.056,0
2023-06-02 23:00:00,26.8,office,0,2.83,1.03,0,5.714,0
2023-06-03 00:00:00,23.2,office,0,1.05,1.33,0,4.558,0
2023-06-03 01:00:00,25.6,office,0,2.28,1.07,0,5.199,0
2023-06-03 02:00:00,24.2,office,0,1.54,0.67,0,4.625,0
2023-06-03 03:00:00,24.5,office,0,1.54,1.45,0,5.411,0
2023-06-03 04:00:00,25.0,office,0,1.72,1.36,0,5.903,0
2023-06-03 05:00:00,25.5,office,0,2.14,0.76,0,5.737,0
2023-06-03 06:00:00,28.5,office,0,3.62,0.95,0,6.859,0
2023-06-03 07:00:00,27.8,office,0,3.17,1.46,0,8.016,0
2023-06-03 08:00:00,27.6,office,0,7.92,4.1,1,31.823,1
2023-06-03 09:00:00,30.0,office,0,4.46,1.78,1,9.653,0
2023-06-03 10:00:00,32.0,office,0,5.23,2.3,1,9.985,0
2023-06-03 11:00:00,34.6,office,0,6.48,0.59,0,10.32,0
2023-06-03 12:00:00,34.5,office,0,6.56,0.68,0,9.888,0
2023-06-03 13:00:00,32.8,office,0,5.74,0.41,0,8.91,0
2023-06-03 14:00:00,38.0,office,0,8.11,0.47,0,10.048,0
2023-06-03 15:00:00,34.5,office,0,6.67,1.05,0,9.206,0
2023-06-03 16:00:00,35.5,office,0,6.89,0.86,0,8.922,0
2023-06-03 17:00:00,32.6,office,0,5.39,1.5,1,9.724,0
2023-06-03 18:00:00,32.5,office,0,5.45,1.72,1,10.21,0
2023-06-03 19:00:00,31.8,office,0,5.27,1.69,1,9.526,0
2023-06-03 20:00:00,31.1,office,0,5.03,2.48,1,10.219,0
2023-06-03 21:00:00,29.5,office,0,4.15,1.31,0,7.509,0
2023-06-03 22:00:00,28.1,office,0,3.52,0.7,0,6.704,0
2023-06-03 23:00:00,25.2,office,0,1.67,1.39,0,4.949,0
2023-06-04 00:00:00,24.2,office,0,1.14,0.65,0,4.18,0
2023-06-04 01:00:00,25.1,office,0,1.83,1.07,0,5.444,0
2023-06-04 02:00:00,25.8,office,0,2.05,1.46,0,6.359,0
2023-06-04 03:00:00,24.3,office,0,1.56,0.71,0,3.842,0
2023-06-04 04:00:00,26.7,office,0,2.69,1.08,0,6.474,0
2023-06-04 05:00:00,28.1,office,0,3.54,0.58,0,6.537,0
2023-06-04 06:00:00,25.5,office,0,1.88,0.55,0,4.832,0
2023-06-04 07:00:00,26.9,office,0,2.69,0.95,0,6.321,0
2023-06-04 08:00:00,29.2,office,0,3.85,2.47,1,9.044,0
2023-06-04 09:00:00,31.2,office,0,4.72,1.79,1,9.791,0
2023-06-04 10:00:00,31.1,office,0,4.85,2.42,1,10.623,0
2023-06-04 11:00:00,35.0,office,0,6.72,1.39,0,10.603,0
2023-06-04 12:00:00,34.4,office,0,6.42,0.53,0,9.382,0
2023-06-04 13:00:00,34.3,office,0,6.33,0.72,0,10.121,0
2023-06-04 14:00:00,32.3,office,0,5.16,1.04,0,7.802,0
2023-06-04 15:00:00,32.3,office,0,5.41,0.87,0,8.283,0
2023-06-04 16:00:00,34.2,office,0,6.27,0.32,0,9.344,0
2023-06-04 17:00:00,29.8,office,0,3.9,2.49,1,9.522,0
2023-06-04 18:00:00,33.4,office,0,5.85,2.18,1,10.92,0
2023-06-04 19:00:00,30.5,office,0,4.39,1.77,1,8.632,0
2023-06-04 20:00:00,34.3,office,0,6.35,2.0,1,11.567,0
2023-06-04 21:00:00,31.6,office,0,4.87,0.31,0,7.414,0
2023-06-04 22:00:00,26.6,office,0,2.55,0.84,0,4.979,0
2023-06-04 23:00:00,25.7,office,0,2.2,1.41,0,5.252,0
2023-06-05 00:00:00,26.7,office,0,2.67,1.37,0,6.869,0
2023-06-05 01:00:00,27.3,office,0,3.05,0.64,0,5.463,0
2023-06-05 02:00:00,22.1,office,0,0.28,0.89,0,3.092,0
2023-06-05 03:00:00,22.1,office,0,0.31,1.11,0,4.092,0
2023-06-05 04:00:00,24.3,office,0,1.56,0.64,0,4.885,0
2023-06-05 05:00:00,26.9,office,0,2.66,0.28,0,4.143,0
2023-06-05 06:00:00,27.8,office,0,3.25,0.86,0,5.754,0
2023-06-05 07:00:00,29.9,office,10,4.37,1.48,0,7.869,0
2023-06-05 08:00:00,27.8,office,46,4.03,3.51,1,10.841,0
2023-06-05 09:00:00,27.4,office,33,3.74,2.97,1,8.392,0
2023-06-05 10:00:00,33.4,office,38,6.55,3.37,1,13.055,0
2023-06-05 11:00:00,31.9,office,77,6.66,4.5,0,13.864,0
2023-06-05 12:00:00,30.9,office,56,5.68,3.7,0,12.037,0
2023-06-05 13:00:00,34.6,office,63,7.74,3.73,0,13.566,0
2023-06-05 14:00:00,35.8,office,37,7.76,2.41,0,11.956,0
2023-06-05 15:00:00,34.2,office,77,7.93,5.18,0,15.264,0
2023-06-05 16:00:00,33.2,office,34,6.68,2.09,0,10.537,0
2023-06-05 17:00:00,32.9,office,60,7.04,4.84,1,13.807,0
2023-06-05 18:00:00,31.5,office,19,5.31,3.39,1,11.077,0
2023-06-05 19:00:00,28.9,office,16,4.26,2.81,1,10.031,0
2023-06-05 20:00:00,28.5,office,0,3.55,2.13,1,8.16,0
2023-06-05 21:00:00,29.1,office,0,3.75,0.76,0,7.679,0
2023-06-05 22:00:00,27.6,office,0,3.22,0.23,0,5.93,0
2023-06-05 23:00:00,26.3,office,0,2.51,1.04,0,6.236,0
2023-06-06 00:00:00,23.9,office,0,1.32,1.02,0,5.895,0
2023-06-06 01:00:00,24.6,office,0,1.4,0.34,0,4.539,0
2023-06-06 02:00:00,21.5,office,0,0.23,0.8,0,4.2,0
2023-06-06 03:00:00,25.2,office,0,2.03,1.39,0,5.107,0
2023-06-06 04:00:00,27.6,office,0,3.05,0.47,0,5.669,0
2023-06-06 05:00:00,24.0,office,0,1.34,0.8,0,4.553,0
2023-06-06 06:00:00,26.4,office,0,2.49,0.8,0,5.748,0
2023-06-06 07:00:00,28.9,office,8,4.03,1.65,0,7.898,0
2023-06-06 08:00:00,31.6,office,58,6.1,5.17,1,14.427,0
2023-06-06 09:00:00,30.4,office,62,5.73,5.29,1,13.034,0
2023-06-06 10:00:00,31.2,office,44,5.54,3.88,1,12.135,0
2023-06-06 11:00:00,30.3,office,69,5.88,3.74,0,11.717,0
2023-06-06 12:00:00,34.2,office,32,7.11,2.25,0,11.957,0
2023-06-06 13:00:00,37.6,office,76,9.34,4.88,0,16.519,0
2023-06-06 14:00:00,35.2,office,80,8.54,5.11,0,16.689,0
2023-06-06 15:00:00,34.5,office,72,7.9,5.05,0,15.24,0
2023-06-06 16:00:00,34.6,office,63,7.62,3.94,0,14.793,0
2023-06-06 17:00:00,33.3,office,49,6.84,4.47,1,13.389,0
2023-06-06 18:00:00,31.0,office,19,4.98,2.85,1,10.601,0
2023-06-06 19:00:00,32.3,office,5,5.46,1.65,1,9.906,0
2023-06-06 20:00:00,30.1,office,0,4.24,1.8,1,9.947,0
2023-06-06 21:00:00,28.5,office,0,3.62,0.91,0,7.311,0
2023-06-06 22:00:00,25.8,office,0,2.29,1.44,0,6.342,0
2023-06-06 23:00:00,28.2,office,0,3.4,0.68,0,5.883,0
2023-06-07 00:00:00,26.6,office,0,2.31,1.47,0,6.692,0
2023-06-07 01:00:00,24.2,office,0,1.57,0.9,0,4.466,0
2023-06-07 02:00:00,26.4,office,0,2.54,0.52,0,5.01,0
2023-06-07 03:00:00,24.3,office,0,1.17,0.45,0,3.562,0
2023-06-07 04:00:00,24.4,office,0,1.61,0.38,0,4.607,0
2023-06-07 05:00:00,25.2,office,0,1.7,0.79,0,5.172,0
2023-06-07 06:00:00,24.7,office,0,1.64,0.23,0,4.152,0
2023-06-07 07:00:00,29.3,office,6,4.0,1.08,0,7.112,0
2023-06-07 08:00:00,27.2,office,60,4.01,5.48,1,12.735,0
2023-06-07 09:00:00,29.4,office,55,5.24,4.82,1,13.773,0
2023-06-07 10:00:00,29.3,office,57,5.01,5.04,1,13.642,0
2023-06-07 11:00:00,33.3,office,73,7.15,4.0,0,14.01,0
2023-06-07 12:00:00,34.0,office,36,7.19,2.62,0,11.897,0
2023-06-07 13:00:00,34.2,office,61,7.78,3.62,0,14.147,0
2023-06-07 14:00:00,33.3,office,75,7.49,5.11,0,15.484,0
2023-06-07 15:00:00,33.0,office,58,6.89,3.34,0,13.166,0
2023-06-07 16:00:00,34.9,office,34,7.18,2.5,0,12.181,0
2023-06-07 17:00:00,32.6,office,35,6.4,3.71,1,14.01,0
2023-06-07 18:00:00,32.9,office,15,5.79,2.62,1,11.637,0
2023-06-07 19:00:00,29.9,office,9,4.16,2.73,1,9.414,0
2023-06-07 20:00:00,30.2,office,0,4.37,1.5,1,8.328,0
2023-06-07 21:00:00,30.6,office,0,4.38,0.69,0,7.281,0
2023-06-07 22:00:00,28.3,office,0,3.15,1.23,0,6.561,0
2023-06-07 23:00:00,25.7,office,0,2.06,0.89,0,5.518,0
2023-06-08 00:00:00,26.1,office,0,2.12,0.72,0,5.025,0
2023-06-08 01:00:00,24.9,office,0,1.53,0.24,0,3.67,0
2023-06-08 02:00:00,25.1,office,0,1.59,1.18,0,5.15,0
2023-06-08 03:00:00,24.7,office,0,1.45,1.46,0,6.152,0
2023-06-08 04:00:00,25.5,office,0,2.11,1.01,0,6.24,0
2023-06-08 05:00:00,26.8,office,0,2.8,1.31,0,6.92,0
2023-06-08 06:00:00,26.1,office,0,2.28,0.87,0,5.729,0
2023-06-08 07:00:00,27.2,office,7,2.99,0.85,0,5.99,0
2023-06-08 08:00:00,28.0,office,38,3.78,3.12,1,10.051,0
2023-06-08 09:00:00,29.0,office,47,4.47,4.4,1,10.97,0
2023-06-08 10:00:00,30.7,office,69,10.94,10.28,1,60.355,1
2023-06-08 11:00:00,33.8,office,70,7.57,4.72,0,15.265,0
2023-06-08 12:00:00,33.0,office,67,7.21,4.45,0,14.108,0
2023-06-08 13:00:00,35.7,office,65,8.45,4.73,0,15.71,0
2023-06-08 14:00:00,35.1,office,75,8.25,4.61,0,14.524,0
2023-06-08 15:00:00,31.9,office,50,6.01,3.26,0,11.071,0
2023-06-08 16:00:00,35.4,office,54,8.17,3.27,0,13.61,0
2023-06-08 17:00:00,34.8,office,68,7.94,5.22,1,16.427,0
2023-06-08 18:00:00,31.1,office,14,5.2,3.03,1,11.923,0
2023-06-08 19:00:00,32.0,office,19,5.64,2.21,1,10.361,0
2023-06-08 20:00:00,28.8,office,0,3.77,2.47,1,8.96,0
2023-06-08 21:00:00,28.9,office,0,3.9,1.49,0,7.347,0
2023-06-08 22:00:00,25.7,office,0,2.31,0.98,0,5.72,0
2023-06-08 23:00:00,23.8,office,0,1.17,0.63,0,4.249,0
2023-06-09 00:00:00,25.3,office,0,1.91,0.49,0,5.116,0
2023-06-09 01:00:00,25.2,office,0,1.73,0.56,0,4.181,0
2023-06-09 02:00:00,24.6,office,0,1.77,0.27,0,5.057,0
2023-06-09 03:00:00,23.6,office,0,1.03,0.82,0,3.913,0
2023-06-09 04:00:00,25.3,office,0,1.71,0.27,0,4.037,0
2023-06-09 05:00:00,27.1,office,0,2.77,1.13,0,6.809,0
2023-06-09 06:00:00,27.6,office,0,2.86,0.68,0,5.829,0
2023-06-09 07:00:00,29.2,office,18,11.39,3.23,0,35.176,1
2023-06-09 08:00:00,29.2,office,36,4.6,3.71,1,11.471,0
2023-06-09 09:00:00,33.3,office,80,7.42,6.47,1,16.268,0
2023-06-09 10:00:00,30.9,office,74,5.97,5.8,1,13.885,0
2023-06-09 11:00:00,34.5,office,37,7.46,2.69,0,11.64,0
2023-06-09 12:00:00,36.3,office,71,8.96,4.76,0,16.296,0
2023-06-09 13:00:00,35.8,office,71,8.74,4.71,0,15.814,0
2023-06-09 14:00:00,34.9,office,79,8.21,5.31,0,16.001,0
2023-06-09 15:00:00,34.2,office,65,7.78,3.72,0,12.694,0
2023-06-09 16:00:00,36.1,office,76,8.81,5.12,0,16.202,0
2023-06-09 17:00:00,31.6,office,43,5.76,3.74,1,11.226,0
2023-06-09 18:00:00,31.3,office,18,5.07,3.32,1,10.834,0
2023-06-09 19:00:00,30.9,office,19,5.0,2.52,1,10.627,0
2023-06-09 20:00:00,32.1,office,0,5.12,2.4,1,9.773,0
2023-06-09 21:00:00,29.5,office,0,4.25,1.45,0,8.898,0
2023-06-09 22:00:00,26.3,office,0,2.17,0.39,0,4.741,0
2023-06-09 23:00:00,26.2,office,0,2.32,1.47,0,5.744,0
2023-06-10 00:00:00,25.1,office,0,3.92,0.56,0,15.416,1
2023-06-10 01:00:00,24.5,office,0,1.4,0.48,0,3.999,0
2023-06-10 02:00:00,26.8,office,0,7.39,1.78,0,22.285,1
2023-06-10 03:00:00,23.5,office,0,0.82,1.49,0,3.698,0
2023-06-10 04:00:00,28.4,office,0,3.59,0.84,0,6.782,0
2023-06-10 05:00:00,28.1,office,0,3.22,0.92,0,6.13,0
2023-06-10 06:00:00,29.5,office,0,4.05,1.1,0,8.49,0
2023-06-10 07:00:00,28.4,office,0,3.56,1.46,0,6.915,0
2023-06-10 08:00:00,30.1,office,0,4.49,2.22,1,9.165,0
2023-06-10 09:00:00,29.5,office,0,4.17,1.49,1,8.054,0
2023-06-10 10:00:00,32.1,office,0,5.35,1.59,1,9.999,0
2023-06-10 11:00:00,34.6,office,0,6.49,0.33,0,8.516,0
2023-06-10 12:00:00,36.6,office,0,7.55,1.04,0,10.55,0
2023-06-10 13:00:00,33.5,office,0,6.13,0.43,0,9.451,0
2023-06-10 14:00:00,34.8,office,0,6.84,0.53,0,9.244,0
2023-06-10 15:00:00,35.0,office,0,6.55,1.35,0,10.738,0
2023-06-10 16:00:00,32.6,office,0,5.49,0.62,0,7.709,0
2023-06-10 17:00:00,34.8,office,0,6.79,1.94,1,12.225,0
2023-06-10 18:00:00,31.8,office,0,5.12,1.72,1,9.682,0
2023-06-10 19:00:00,31.4,office,0,4.87,1.3,1,8.979,0
2023-06-10 20:00:00,29.7,office,0,4.06,1.67,1,7.601,0
2023-06-10 21:00:00,27.9,office,0,3.25,0.73,0,5.678,0
2023-06-10 22:00:00,27.8,office,0,3.4,1.36,0,7.122,0
2023-06-10 23:00:00,26.5,office,0,2.5,0.62,0,5.735,0
2023-06-11 00:00:00,25.6,office,0,1.9,0.69,0,5.259,0
2023-06-11 01:00:00,24.6,office,0,1.38,1.22,0,5.173,0
2023-06-11 02:00:00,26.0,office,0,2.02,1.19,0,4.426,0
2023-06-11 03:00:00,28.2,office,0,3.38,1.24,0,7.262,0
2023-06-11 04:00:00,26.4,office,0,2.47,1.44,0,5.732,0
2023-06-11 05:00:00,28.5,office,0,3.35,1.23,0,6.582,0
2023-06-11 06:00:00,25.9,office,0,2.3,0.73,0,5.569,0
2023-06-11 07:00:00,29.4,office,0,4.07,1.27,0,7.566,0
2023-06-11 08:00:00,28.9,office,0,3.58,1.86,1,7.235,0
2023-06-11 09:00:00,29.6,office,0,3.97,1.56,1,7.237,0
2023-06-11 10:00:00,31.9,office,0,5.45,1.59,1,10.317,0
2023-06-11 11:00:00,35.8,office,0,7.09,0.49,0,9.281,0
2023-06-11 12:00:00,36.3,office,0,7.53,0.39,0,10.832,0
2023-06-11 13:00:00,35.7,office,0,7.08,0.44,0,9.307,0
2023-06-11 14:00:00,33.2,office,0,6.0,0.28,0,7.869,0
2023-06-11 15:00:00,35.0,office,0,6.88,1.35,0,11.107,0
2023-06-11 16:00:00,35.3,office,0,6.98,1.41,0,10.971,0
2023-06-11 17:00:00,34.3,office,0,6.58,1.96,1,10.646,0
2023-06-11 18:00:00,30.2,office,0,10.39,3.58,1,41.416,1
2023-06-11 19:00:00,30.5,office,0,4.54,1.44,1,7.595,0
2023-06-11 20:00:00,30.4,office,0,4.32,2.37,1,9.744,0
2023-06-11 21:00:00,30.0,office,0,4.2,0.86,0,7.374,0
2023-06-11 22:00:00,24.7,office,0,1.73,0.29,0,4.507,0
2023-06-11 23:00:00,26.7,office,0,2.68,0.38,0,5.303,0
2023-06-12 00:00:00,26.5,office,0,2.34,0.6,0,5.316,0
2023-06-12 01:00:00,27.1,office,0,2.58,0.26,0,6.221,0
2023-06-12 02:00:00,26.7,office,0,2.69,0.6,0,6.094,0
2023-06-12 03:00:00,26.7,office,0,6.85,0.58,0,17.135,1
2023-06-12 04:00:00,25.1,office,0,1.8,0.51,0,4.491,0
2023-06-12 05:00:00,24.2,office,0,1.47,0.55,0,3.696,0
2023-06-12 06:00:00,27.6,office,0,3.08,1.49,0,6.967,0
2023-06-12 07:00:00,30.9,office,12,4.73,1.11,0,8.163,0
2023-06-12 08:00:00,32.7,office,56,6.56,4.31,1,13.069,0
2023-06-12 09:00:00,33.0,office,51,6.63,4.64,1,14.278,0
2023-06-12 10:00:00,33.8,office,59,7.21,5.27,1,15.181,0
2023-06-12 11:00:00,34.7,office,55,7.73,3.45,0,13.367,0
2023-06-12 12:00:00,34.1,office,56,7.42,4.14,0,13.079,0
2023-06-12 13:00:00,35.3,office,76,8.27,4.44,0,14.598,0
2023-06-12 14:00:00,38.1,office,36,8.8,2.26,0,13.67,0
2023-06-12 15:00:00,34.1,office,50,7.14,3.13,0,11.848,0
2023-06-12 16:00:00,37.4,office,57,9.33,3.84,0,15.424,0
2023-06-12 17:00:00,33.7,office,50,7.08,4.18,1,14.527,0
2023-06-12 18:00:00,35.1,office,13,7.24,2.72,1,13.243,0
2023-06-12 19:00:00,29.8,office,16,4.64,2.31,1,9.61,0
2023-06-12 20:00:00,31.5,office,0,5.01,2.11,1,10.402,0
2023-06-12 21:00:00,28.2,office,0,3.45,0.65,0,5.598,0
2023-06-12 22:00:00,26.0,office,0,2.1,0.79,0,5.798,0
2023-06-12 23:00:00,27.4,office,0,3.04,0.93,0,7.04,0
2023-06-13 00:00:00,28.0,office,0,7.56,2.19,0,34.727,1
2023-06-13 01:00:00,24.7,office,0,1.77,0.51,0,4.204,0
2023-06-13 02:00:00,23.5,office,0,0.79,1.29,0,4.424,0
2023-06-13 03:00:00,25.8,office,0,2.29,1.14,0,5.404,0
2023-06-13 04:00:00,26.3,office,0,2.2,0.5,0,4.959,0
2023-06-13 05:00:00,28.1,office,0,3.49,1.47,0,6.613,0
2023-06-13 06:00:00,29.7,office,0,4.0,1.06,0,7.564,0
2023-06-13 07:00:00,29.4,office,9,4.21,1.24,0,8.213,0
2023-06-13 08:00:00,33.6,office,73,7.5,5.05,1,14.16,0
2023-06-13 09:00:00,32.4,office,60,6.58,4.89,1,14.34,0
2023-06-13 10:00:00,32.8,office,34,6.4,3.11,1,11.728,0
2023-06-13 11:00:00,31.9,office,35,6.12,2.51,0,11.118,0
2023-06-13 12:00:00,34.7,office,35,7.07,2.48,0,11.46,0
2023-06-13 13:00:00,35.1,office,35,7.71,2.89,0,13.15,0
2023-06-13 14:00:00,37.2,office,57,9.04,3.3,0,13.768,0
2023-06-13 15:00:00,36.3,office,36,8.27,3.07,0,14.445,0
2023-06-13 16:00:00,33.3,office,77,7.38,4.47,0,13.771,0
2023-06-13 17:00:00,34.6,office,77,8.08,5.63,1,16.013,0
2023-06-13 18:00:00,34.3,office,16,6.9,3.0,1,12.325,0
2023-06-13 19:00:00,34.4,office,9,6.59,2.46,1,12.599,0
2023-06-13 20:00:00,32.1,office,0,8.07,2.81,1,45.822,1
2023-06-13 21:00:00,30.6,office,0,4.31,0.7,0,7.901,0
2023-06-13 22:00:00,28.4,office,0,5.39,0.98,0,33.132,1
2023-06-13 23:00:00,27.8,office,0,3.22,0.97,0,6.014,0
2023-06-14 00:00:00,28.5,office,0,3.61,0.63,0,7.265,0
2023-06-14 01:00:00,24.1,office,0,1.34,1.14,0,3.825,0
2023-06-14 02:00:00,25.4,office,0,1.77,0.95,0,4.878,0
2023-06-14 03:00:00,24.9,office,0,1.67,0.39,0,3.282,0
2023-06-14 04:00:00,27.2,office,0,6.29,1.4,0,18.951,1
2023-06-14 05:00:00,29.2,office,0,3.85,0.49,0,7.286,0
2023-06-14 06:00:00,27.5,office,0,3.19,0.71,0,5.261,0
2023-06-14 07:00:00,26.0,office,6,2.51,1.17,0,6.352,0
2023-06-14 08:00:00,30.3,office,67,5.53,5.21,1,14.164,0
2023-06-14 09:00:00,33.6,office,65,7.55,5.43,1,15.536,0
2023-06-14 10:00:00,34.2,office,65,7.64,4.7,1,14.089,0
2023-06-14 11:00:00,35.1,office,51,7.94,3.98,0,13.711,0
2023-06-14 12:00:00,34.8,office,72,7.91,4.25,0,14.041,0
2023-06-14 13:00:00,33.8,office,37,6.98,2.44,0,11.749,0
2023-06-14 14:00:00,36.7,office,56,8.59,3.89,0,14.399,0
2023-06-14 15:00:00,34.5,office,52,7.51,3.85,0,12.974,0
2023-06-14 16:00:00,38.5,office,72,9.7,4.29,0,16.376,0
2023-06-14 17:00:00,35.3,office,78,8.29,6.07,1,16.624,0
2023-06-14 18:00:00,32.5,office,18,5.66,3.25,1,10.967,0
2023-06-14 19:00:00,31.3,office,6,4.89,2.5,1,10.338,0
2023-06-14 20:00:00,30.8,office,0,4.45,1.24,1,8.223,0
2023-06-14 21:00:00,29.3,office,0,4.0,1.28,0,7.475,0
2023-06-14 22:00:00,30.1,office,0,4.06,1.21,0,8.239,0
2023-06-14 23:00:00,27.7,office,0,3.16,1.07,0,7.382,0
2023-06-15 00:00:00,25.6,office,0,1.87,1.19,0,5.663,0
2023-06-15 01:00:00,29.0,office,0,3.97,1.47,0,7.164,0
2023-06-15 02:00:00,26.1,office,0,2.52,0.76,0,6.004,0
2023-06-15 03:00:00,27.4,office,0,2.81,0.29,0,4.264,0
2023-06-15 04:00:00,25.8,office,0,2.21,0.8,0,6.356,0
2023-06-15 05:00:00,28.1,office,0,3.06,0.26,0,4.844,0
2023-06-15 06:00:00,29.0,office,0,3.97,0.58,0,6.434,0
2023-06-15 07:00:00,26.9,office,14,2.99,1.66,0,7.607,0
2023-06-15 08:00:00,34.1,office,68,7.43,5.0,1,15.939,0
2023-06-15 09:00:00,34.3,office,49,7.3,4.54,1,15.555,0
2023-06-15 10:00:00,32.9,office,52,6.53,4.87,1,13.491,0
2023-06-15 11:00:00,32.9,office,36,6.37,2.55,0,10.657,0
2023-06-15 12:00:00,35.9,office,66,8.6,4.67,0,16.102,0
2023-06-15 13:00:00,36.0,office,62,8.47,3.4,0,14.178,0
2023-06-15 14:00:00,36.6,office,43,8.35,3.44,0,13.655,0
2023-06-15 15:00:00,36.2,office,39,7.94,3.23,0,13.192,0
2023-06-15 16:00:00,36.1,office,72,8.61,4.22,0,15.616,0
2023-06-15 17:00:00,36.8,office,60,8.65,4.59,1,16.161,0
2023-06-15 18:00:00,34.4,office,12,6.84,2.2,1,12.142,0
2023-06-15 19:00:00,30.8,office,8,4.63,2.65,1,10.377,0
2023-06-15 20:00:00,33.1,office,0,5.85,2.28,1,10.818,0
2023-06-15 21:00:00,32.2,office,0,5.27,0.63,0,8.66,0
2023-06-15 22:00:00,33.3,office,0,5.76,0.97,0,8.989,0
2023-06-15 23:00:00,25.8,office,0,2.22,0.38,0,4.833,0
2023-06-16 00:00:00,27.2,office,0,2.83,0.81,0,5.516,0
2023-06-16 01:00:00,23.2,office,0,0.8,1.5,0,3.932,0
2023-06-16 02:00:00,27.0,office,0,2.8,0.41,0,5.855,0
2023-06-16 03:00:00,25.5,office,0,2.0,1.43,0,6.927,0
2023-06-16 04:00:00,29.7,office,0,4.0,1.27,0,8.143,0
2023-06-16 05:00:00,26.5,office,0,2.53,1.46,0,6.034,0
2023-06-16 06:00:00,26.1,office,0,2.38,0.43,0,4.83,0
2023-06-16 07:00:00,29.2,office,16,3.93,1.28,0,7.869,0
2023-06-16 08:00:00,28.2,office,65,4.63,4.47,1,11.612,0
2023-06-16 09:00:00,33.6,office,53,6.89,4.79,1,15.083,0
2023-06-16 10:00:00,30.6,office,37,5.13,3.89,1,11.509,0
2023-06-16 11:00:00,34.7,office,78,8.19,4.33,0,15.458,0
2023-06-16 12:00:00,32.4,office,47,6.57,3.58,0,12.902,0
2023-06-16 13:00:00,35.5,office,66,8.51,3.89,0,14.047,0
2023-06-16 14:00:00,38.6,office,44,9.21,2.58,0,14.288,0
2023-06-16 15:00:00,36.5,office,57,8.6,3.6,0,14.165,0
2023-06-16 16:00:00,34.2,office,65,19.65,8.89,0,45.025,1
2023-06-16 17:00:00,34.7,office,79,8.0,5.49,1,16.587,0
2023-06-16 18:00:00,33.7,office,5,6.33,1.93,1,10.731,0
2023-06-16 19:00:00,33.2,office,13,6.23,2.96,1,11.359,0
2023-06-16 20:00:00,29.1,office,0,4.0,2.23,1,9.216,0
2023-06-16 21:00:00,30.8,office,0,4.4,0.78,0,7.098,0
2023-06-16 22:00:00,24.6,office,0,1.41,1.14,0,4.707,0
2023-06-16 23:00:00,26.7,office,0,2.76,0.94,0,6.146,0
2023-06-17 00:00:00,26.2,office,0,2.44,0.64,0,5.344,0
2023-06-17 01:00:00,27.4,office,0,3.15,1.14,0,6.882,0
2023-06-17 02:00:00,26.3,office,0,2.18,1.09,0,6.222,0
2023-06-17 03:00:00,24.4,office,0,1.5,1.0,0,6.074,0
2023-06-17 04:00:00,25.5,office,0,2.03,1.0,0,5.164,0
2023-06-17 05:00:00,28.1,office,0,3.07,1.09,0,5.835,0
2023-06-17 06:00:00,28.7,office,0,3.61,0.7,0,6.734,0
2023-06-17 07:00:00,29.1,office,0,3.85,1.33,0,7.664,0
2023-06-17 08:00:00,30.6,office,0,4.4,1.41,1,9.156,0
2023-06-17 09:00:00,33.6,office,0,5.94,2.35,1,11.046,0
2023-06-17 10:00:00,33.0,office,0,5.82,1.64,1,9.245,0
2023-06-17 11:00:00,34.7,office,0,6.58,0.36,0,8.758,0
2023-06-17 12:00:00,38.9,office,0,8.88,0.98,0,12.717,0
2023-06-17 13:00:00,34.0,office,0,6.17,0.69,0,8.794,0
2023-06-17 14:00:00,33.5,office,0,5.88,1.26,0,9.475,0
2023-06-17 15:00:00,37.3,office,0,8.14,0.76,0,11.363,0
2023-06-17 16:00:00,34.6,office,0,6.76,1.07,0,10.079,0
2023-06-17 17:00:00,34.3,office,0,6.16,1.6,1,10.825,0
2023-06-17 18:00:00,32.6,office,0,5.69,1.47,1,9.366,0
2023-06-17 19:00:00,32.2,office,0,5.16,1.7,1,9.757,0
2023-06-17 20:00:00,33.7,office,0,5.86,1.99,1,10.959,0
2023-06-17 21:00:00,31.2,office,0,4.74,1.05,0,7.456,0
2023-06-17 22:00:00,30.1,office,0,4.18,0.95,0,6.906,0
2023-06-17 23:00:00,25.6,office,0,2.21,1.48,0,5.162,0
2023-06-18 00:00:00,25.4,office,0,5.37,2.61,0,29.518,1
2023-06-18 01:00:00,22.3,office,0,0.64,1.41,0,4.099,0
2023-06-18 02:00:00,25.2,office,0,1.96,0.35,0,4.296,0
2023-06-18 03:00:00,28.0,office,0,3.21,0.28,0,5.502,0
2023-06-18 04:00:00,27.9,office,0,3.3,0.6,0,6.605,0
2023-06-18 05:00:00,27.5,office,0,3.25,0.38,0,5.658,0
2023-06-18 06:00:00,28.9,office,0,3.81,0.88,0,6.889,0
2023-06-18 07:00:00,29.1,office,0,3.93,0.87,0,7.981,0
2023-06-18 08:00:00,31.7,office,0,5.32,1.95,1,9.467,0
2023-06-18 09:00:00,33.9,office,0,6.01,2.17,1,10.491,0
2023-06-18 10:00:00,31.5,office,0,5.1,2.46,1,10.147,0
2023-06-18 11:00:00,35.4,office,0,7.13,1.34,0,11.115,0
2023-06-18 12:00:00,37.1,office,0,14.94,0.59,0,34.357,1
2023-06-18 13:00:00,35.6,office,0,6.91,0.64,0,9.403,0
2023-06-18 14:00:00,37.5,office,0,8.0,0.53,0,11.116,0
2023-06-18 15:00:00,40.5,office,0,9.59,0.43,0,13.138,0
2023-06-18 16:00:00,35.6,office,0,6.92,0.91,0,10.017,0
2023-06-18 17:00:00,35.5,office,0,7.05,1.92,1,11.83,0
2023-06-18 18:00:00,32.8,office,0,5.53,1.5,1,10.466,0
2023-06-18 19:00:00,33.0,office,0,5.67,2.13,1,10.436,0
2023-06-18 20:00:00,32.1,office,0,5.27,2.15,1,10.127,0
2023-06-18 21:00:00,30.4,office,0,4.46,0.23,0,7.581,0
2023-06-18 22:00:00,27.4,office,0,2.92,0.71,0,5.611,0
2023-06-18 23:00:00,28.2,office,0,7.49,3.4,0,28.438,1
2023-06-19 00:00:00,29.4,office,0,3.85,0.88,0,7.552,0
2023-06-19 01:00:00,27.4,office,0,2.78,0.65,0,5.96,0
2023-06-19 02:00:00,28.0,office,0,3.02,0.53,0,5.401,0
2023-06-19 03:00:00,26.3,office,0,2.25,0.52,0,4.489,0
2023-06-19 04:00:00,28.3,office,0,3.44,0.33,0,5.551,0
2023-06-19 05:00:00,28.4,office,0,3.59,1.26,0,7.521,0
2023-06-19 06:00:00,27.6,office,0,2.88,0.31,0,5.571,0
2023-06-19 07:00:00,30.7,office,5,4.5,0.83,0,7.871,0
2023-06-19 08:00:00,30.0,office,41,5.19,3.31,1,12.31,0
2023-06-19 09:00:00,31.9,office,47,6.04,4.57,1,13.288,0
2023-06-19 10:00:00,34.3,office,74,8.11,4.95,1,15.986,0
2023-06-19 11:00:00,35.5,office,78,8.67,4.5,0,14.834,0
2023-06-19 12:00:00,34.1,office,49,7.19,3.4,0,11.408,0
2023-06-19 13:00:00,37.9,office,51,9.11,3.28,0,14.86,0
2023-06-19 14:00:00,37.4,office,52,9.0,3.17,0,14.159,0
2023-06-19 15:00:00,35.3,office,30,7.29,2.06,0,10.957,0
2023-06-19 16:00:00,33.5,office,41,6.63,3.29,0,12.297,0
2023-06-19 17:00:00,34.8,office,39,7.27,4.42,1,14.518,0
2023-06-19 18:00:00,33.4,office,17,6.43,2.5,1,11.948,0
2023-06-19 19:00:00,33.0,office,7,5.9,1.6,1,10.038,0
2023-06-19 20:00:00,31.0,office,0,4.51,1.25,1,7.867,0
2023-06-19 21:00:00,27.2,office,0,2.94,1.19,0,6.147,0
2023-06-19 22:00:00,28.4,office,0,3.41,0.92,0,7.078,0
2023-06-19 23:00:00,27.5,office,0,3.01,1.22,0,6.745,0
2023-06-20 00:00:00,28.3,office,0,3.26,1.11,0,5.953,0
2023-06-20 01:00:00,25.8,office,0,2.18,1.38,0,5.342,0
2023-06-20 02:00:00,29.2,office,0,4.09,1.35,0,8.218,0
2023-06-20 03:00:00,23.9,office,0,0.99,1.22,0,3.704,0
2023-06-20 04:00:00,29.3,office,0,3.79,0.82,0,6.169,0
2023-06-20 05:00:00,27.8,office,0,3.02,0.6,0,5.743,0
2023-06-20 06:00:00,30.4,office,0,4.32,0.86,0,7.906,0
2023-06-20 07:00:00,30.5,office,9,4.62,1.3,0,8.036,0
2023-06-20 08:00:00,33.3,office,77,7.6,5.84,1,15.58,0
2023-06-20 09:00:00,32.3,office,70,7.01,4.94,1,14.686,0
2023-06-20 10:00:00,32.5,office,31,5.97,3.6,1,12.039,0
2023-06-20 11:00:00,37.3,office,35,8.62,2.54,0,14.091,0
2023-06-20 12:00:00,35.8,office,77,8.76,4.86,0,15.831,0
2023-06-20 13:00:00,36.8,office,63,8.92,3.66,0,14.664,0
2023-06-20 14:00:00,38.5,office,43,9.33,2.91,0,13.944,0
2023-06-20 15:00:00,34.9,office,54,7.63,3.17,0,13.298,0
2023-06-20 16:00:00,36.9,office,56,8.81,4.14,0,14.947,0
2023-06-20 17:00:00,34.3,office,59,7.53,4.78,1,15.068,0
2023-06-20 18:00:00,33.9,office,15,6.65,2.24,1,12.066,0
2023-06-20 19:00:00,33.0,office,10,6.08,1.75,1,10.504,0
2023-06-20 20:00:00,29.4,office,0,3.77,2.08,1,8.635,0
2023-06-20 21:00:00,29.2,office,0,3.64,0.48,0,5.348,0
2023-06-20 22:00:00,31.2,office,0,5.05,1.49,0,8.139,0
2023-06-20 23:00:00,29.4,office,0,3.97,0.89,0,7.447,0
2023-06-21 00:00:00,27.3,office,0,5.36,0.9,0,22.623,1
2023-06-21 01:00:00,27.3,office,0,2.68,1.05,0,6.198,0
2023-06-21 02:00:00,26.3,office,0,2.41,0.56,0,5.261,0
2023-06-21 03:00:00,28.9,office,0,3.72,1.27,0,7.935,0
2023-06-21 04:00:00,27.1,office,0,7.61,1.13,0,22.435,1
2023-06-21 05:00:00,28.6,office,0,3.35,1.48,0,7.047,0
2023-06-21 06:00:00,31.0,office,0,4.62,0.99,0,8.335,0
2023-06-21 07:00:00,29.3,office,16,4.17,2.1,0,7.869,0
2023-06-21 08:00:00,34.1,office,49,7.46,3.74,1,14.596,0
2023-06-21 09:00:00,30.7,office,76,6.34,5.45,1,13.195,0
2023-06-21 10:00:00,36.7,office,50,8.85,4.66,1,17.427,0
2023-06-21 11:00:00,34.7,office,79,8.41,5.0,0,15.802,0
2023-06-21 12:00:00,35.7,office,66,8.17,3.75,0,13.515,0
2023-06-21 13:00:00,33.7,office,68,7.23,4.06,0,14.39,0
2023-06-21 14:00:00,36.1,office,35,7.82,2.29,0,11.566,0
2023-06-21 15:00:00,35.0,office,33,7.33,2.65,0,13.198,0
2023-06-21 16:00:00,35.2,office,39,7.79,2.6,0,11.817,0
2023-06-21 17:00:00,35.1,office,40,7.8,3.6,1,14.053,0
2023-06-21 18:00:00,35.7,office,6,7.06,1.77,1,11.003,0
2023-06-21 19:00:00,33.3,office,7,6.1,2.08,1,11.166,0
2023-06-21 20:00:00,32.2,office,0,5.56,1.45,1,10.359,0
2023-06-21 21:00:00,28.8,office,0,3.63,1.45,0,7.514,0
2023-06-21 22:00:00,27.9,office,0,3.0,0.4,0,5.562,0
2023-06-21 23:00:00,30.9,office,0,4.68,1.39,0,7.862,0
2023-06-22 00:00:00,26.4,office,0,2.39,0.76,0,6.051,0
2023-06-22 01:00:00,29.5,office,0,4.04,0.69,0,7.289,0
2023-06-22 02:00:00,26.5,office,0,2.47,0.5,0,5.825,0
2023-06-22 03:00:00,27.0,office,0,2.51,1.03,0,6.353,0
2023-06-22 04:00:00,29.1,office,0,4.05,1.09,0,6.92,0
2023-06-22 05:00:00,30.2,office,0,4.37,0.81,0,7.898,0
2023-06-22 06:00:00,29.2,office,0,3.84,0.27,0,5.514,0
2023-06-22 07:00:00,30.0,office,13,4.74,2.04,0,9.108,0
2023-06-22 08:00:00,31.8,office,58,6.14,5.37,1,14.536,0
2023-06-22 09:00:00,33.6,office,72,7.33,5.36,1,15.324,0
2023-06-22 10:00:00,35.7,office,57,8.39,4.85,1,16.881,0
2023-06-22 11:00:00,35.4,office,61,8.05,3.84,0,14.475,0
2023-06-22 12:00:00,37.1,office,68,9.31,4.02,0,15.879,0
2023-06-22 13:00:00,39.1,office,58,9.85,3.2,0,16.132,0
2023-06-22 14:00:00,37.4,office,56,8.84,3.59,0,15.35,0
2023-06-22 15:00:00,37.1,office,47,8.75,3.61,0,14.824,0
2023-06-22 16:00:00,33.9,office,43,6.91,2.37,0,11.642,0
2023-06-22 17:00:00,31.4,office,78,6.64,5.86,1,15.989,0
2023-06-22 18:00:00,34.9,office,8,6.93,2.75,1,12.67,0
2023-06-22 19:00:00,33.0,office,16,6.28,2.28,1,11.599,0
2023-06-22 20:00:00,31.1,office,0,4.94,1.44,1,9.773,0
2023-06-22 21:00:00,30.9,office,0,4.54,1.2,0,8.096,0
2023-06-22 22:00:00,29.2,office,0,4.0,0.53,0,7.076,0
2023-06-22 23:00:00,30.0,office,0,4.32,0.45,0,7.435,0
2023-06-23 00:00:00,27.7,office,0,3.18,0.69,0,5.667,0
2023-06-23 01:00:00,26.0,office,0,2.42,0.71,0,5.773,0
2023-06-23 02:00:00,28.4,office,0,3.49,1.34,0,6.737,0
2023-06-23 03:00:00,26.8,office,0,2.63,1.0,0,6.812,0
2023-06-23 04:00:00,28.4,office,0,3.52,0.73,0,7.113,0
2023-06-23 05:00:00,27.7,office,0,3.0,0.89,0,6.169,0
2023-06-23 06:00:00,28.5,office,0,3.34,1.44,0,7.416,0
2023-06-23 07:00:00,30.8,office,18,5.07,1.25,0,8.489,0
2023-06-23 08:00:00,32.0,office,37,5.86,3.32,1,12.336,0
2023-06-23 09:00:00,34.0,office,48,7.0,4.85,1,15.176,0
2023-06-23 10:00:00,34.0,office,73,7.46,6.09,1,15.687,0
2023-06-23 11:00:00,32.7,office,73,7.11,4.08,0,12.26,0
2023-06-23 12:00:00,35.6,office,67,8.32,3.74,0,14.135,0
2023-06-23 13:00:00,38.0,office,61,9.6,3.8,0,15.254,0
2023-06-23 14:00:00,36.5,office,63,8.7,3.41,0,14.471,0
2023-06-23 15:00:00,36.4,office,72,8.88,4.65,0,15.979,0
2023-06-23 16:00:00,37.7,office,49,9.03,2.75,0,14.004,0
2023-06-23 17:00:00,34.4,office,32,7.17,2.88,1,12.72,0
2023-06-23 18:00:00,32.1,office,12,5.47,2.43,1,10.729,0
2023-06-23 19:00:00,33.0,office,17,6.32,3.3,1,11.029,0
2023-06-23 20:00:00,31.2,office,0,5.07,1.75,1,9.454,0
2023-06-23 21:00:00,29.2,office,0,4.02,0.66,0,7.505,0
2023-06-23 22:00:00,29.2,office,0,4.06,1.5,0,7.402,0
2023-06-23 23:00:00,29.1,office,0,3.77,0.89,0,7.005,0
2023-06-24 00:00:00,27.7,office,0,3.12,0.69,0,5.878,0
2023-06-24 01:00:00,27.7,office,0,3.22,0.7,0,5.147,0
2023-06-24 02:00:00,29.8,office,0,4.25,0.45,0,6.566,0
2023-06-24 03:00:00,26.7,office,0,2.8,0.87,0,5.981,0
2023-06-24 04:00:00,28.1,office,0,3.41,0.77,0,5.712,0
2023-06-24 05:00:00,27.7,office,0,3.35,0.55,0,6.431,0
2023-06-24 06:00:00,28.3,office,0,3.32,0.41,0,5.394,0
2023-06-24 07:00:00,29.9,office,0,4.37,0.6,0,7.542,0
2023-06-24 08:00:00,31.3,office,0,5.0,1.86,1,9.764,0
2023-06-24 09:00:00,33.9,office,0,6.3,1.28,1,10.515,0
2023-06-24 10:00:00,38.1,office,0,8.21,1.4,1,13.042,0
2023-06-24 11:00:00,34.5,office,0,6.64,1.43,0,10.374,0
2023-06-24 12:00:00,35.7,office,0,7.3,0.91,0,10.011,0
2023-06-24 13:00:00,36.8,office,0,7.51,0.28,0,9.671,0
2023-06-24 14:00:00,37.6,office,0,8.11,1.1,0,11.793,0
2023-06-24 15:00:00,37.3,office,0,7.85,0.28,0,10.852,0
2023-06-24 16:00:00,38.3,office,0,8.64,1.16,0,11.768,0
2023-06-24 17:00:00,31.9,office,0,5.19,2.17,1,9.687,0
2023-06-24 18:00:00,31.0,office,0,4.61,2.05,1,8.85,0
2023-06-24 19:00:00,32.6,office,0,5.49,2.15,1,10.442,0
2023-06-24 20:00:00,33.7,office,0,6.18,1.31,1,10.412,0
2023-06-24 21:00:00,28.4,office,0,3.24,1.14,0,6.856,0
2023-06-24 22:00:00,25.0,office,0,3.08,0.81,0,17.499,1
2023-06-24 23:00:00,29.4,office,0,4.17,0.64,0,7.328,0
2023-06-25 00:00:00,28.2,office,0,3.53,1.43,0,6.304,0
2023-06-25 01:00:00,25.7,office,0,1.88,0.85,0,5.149,0
2023-06-25 02:00:00,25.6,office,0,2.3,1.46,0,6.351,0
2023-06-25 03:00:00,25.8,office,0,2.25,0.32,0,5.058,0
2023-06-25 04:00:00,28.0,office,0,3.08,0.82,0,6.295,0
2023-06-25 05:00:00,27.6,office,0,2.81,0.28,0,6.284,0
2023-06-25 06:00:00,30.4,office,0,4.29,1.02,0,7.195,0
2023-06-25 07:00:00,26.5,office,0,7.74,0.49,0,20.834,1
2023-06-25 08:00:00,30.8,office,0,4.41,1.43,1,8.421,0
2023-06-25 09:00:00,31.7,office,0,4.97,1.54,1,10.021,0
2023-06-25 10:00:00,34.2,office,0,6.48,2.17,1,10.289,0
2023-06-25 11:00:00,34.8,office,0,6.69,0.41,0,9.877,0
2023-06-25 12:00:00,37.6,office,0,8.19,1.3,0,10.956,0
2023-06-25 13:00:00,34.2,office,0,6.47,0.37,0,8.184,0
2023-06-25 14:00:00,37.2,office,0,7.63,0.25,0,10.774,0
2023-06-25 15:00:00,37.8,office,0,8.35,0.71,0,11.256,0
2023-06-25 16:00:00,39.2,office,0,8.71,1.47,0,13.136,0
2023-06-25 17:00:00,34.9,office,0,6.73,1.34,1,10.703,0
2023-06-25 18:00:00,35.1,office,0,6.87,1.33,1,10.288,0
2023-06-25 19:00:00,30.7,office,0,4.43,2.18,1,9.814,0
2023-06-25 20:00:00,28.5,office,0,3.74,1.61,1,7.873,0
2023-06-25 21:00:00,32.1,office,0,5.29,1.13,0,7.402,0
2023-06-25 22:00:00,29.6,office,0,3.83,0.46,0,5.925,0
2023-06-25 23:00:00,30.4,office,0,4.67,0.8,0,6.785,0
2023-06-26 00:00:00,25.8,office,0,2.19,0.54,0,4.953,0
2023-06-26 01:00:00,28.2,office,0,3.45,0.79,0,7.572,0
2023-06-26 02:00:00,30.0,office,0,4.26,1.2,0,8.422,0
2023-06-26 03:00:00,28.0,office,0,3.42,1.19,0,7.811,0
2023-06-26 04:00:00,28.3,office,0,3.17,0.87,0,6.883,0
2023-06-26 05:00:00,28.7,office,0,3.48,1.41,0,7.205,0
2023-06-26 06:00:00,27.3,office,0,2.88,0.54,0,5.258,0
2023-06-26 07:00:00,32.9,office,6,5.61,0.81,0,8.816,0
2023-06-26 08:00:00,31.3,office,30,5.6,3.5,1,12.709,0
2023-06-26 09:00:00,34.3,office,43,7.21,4.16,1,14.421,0
2023-06-26 10:00:00,32.4,office,49,6.32,3.71,1,12.671,0
2023-06-26 11:00:00,34.0,office,43,6.86,3.14,0,11.279,0
2023-06-26 12:00:00,38.7,office,79,10.29,4.64,0,17.004,0
2023-06-26 13:00:00,36.5,office,38,8.43,3.07,0,13.515,0
2023-06-26 14:00:00,39.4,office,78,10.46,5.15,0,17.723,0
2023-06-26 15:00:00,36.9,office,46,8.65,3.22,0,14.951,0
2023-06-26 16:00:00,33.8,office,48,6.97,2.6,0,10.585,0
2023-06-26 17:00:00,37.1,office,50,8.86,4.53,1,16.647,0
2023-06-26 18:00:00,33.8,office,8,6.07,2.57,1,10.363,0
2023-06-26 19:00:00,34.5,office,5,6.59,1.77,1,12.154,0
2023-06-26 20:00:00,32.2,office,0,5.42,1.8,1,9.98,0
2023-06-26 21:00:00,28.6,office,0,3.76,1.46,0,7.62,0
2023-06-26 22:00:00,30.0,office,0,4.19,0.59,0,6.722,0
2023-06-26 23:00:00,32.0,office,0,5.38,0.49,0,8.173,0
2023-06-27 00:00:00,28.7,office,0,3.65,0.47,0,6.938,0
2023-06-27 01:00:00,27.4,office,0,7.91,1.88,0,27.276,1
2023-06-27 02:00:00,28.9,office,0,3.65,1.43,0,7.307,0
2023-06-27 03:00:00,27.8,office,0,3.06,0.99,0,5.884,0
2023-06-27 04:00:00,28.3,office,0,3.59,0.59,0,5.868,0
2023-06-27 05:00:00,27.1,office,0,2.57,1.03,0,5.08,0
2023-06-27 06:00:00,30.1,office,0,4.12,1.01,0,7.07,0
2023-06-27 07:00:00,32.5,office,20,5.69,1.98,0,9.802,0
2023-06-27 08:00:00,31.0,office,77,6.46,5.26,1,15.447,0
2023-06-27 09:00:00,35.7,office,57,8.0,4.87,1,16.03,0
2023-06-27 10:00:00,34.6,office,41,7.55,3.81,1,14.093,0
2023-06-27 11:00:00,34.5,office,38,7.24,2.12,0,10.957,0
2023-06-27 12:00:00,38.1,office,54,9.13,3.6,0,15.116,0
2023-06-27 13:00:00,36.7,office,64,8.83,4.69,0,15.27,0
2023-06-27 14:00:00,38.4,office,75,9.79,4.4,0,16.068,0
2023-06-27 15:00:00,36.7,office,44,8.54,3.66,0,14.482,0
2023-06-27 16:00:00,36.5,office,62,8.83,3.43,0,15.192,0
2023-06-27 17:00:00,36.6,office,65,8.84,5.4,1,17.735,0
2023-06-27 18:00:00,35.2,office,16,6.94,2.15,1,11.4,0
2023-06-27 19:00:00,30.6,office,7,4.77,1.91,1,9.067,0
2023-06-27 20:00:00,30.6,office,0,4.72,1.94,1,8.965,0
2023-06-27 21:00:00,32.4,office,0,5.56,0.97,0,9.571,0
2023-06-27 22:00:00,29.6,office,0,4.21,1.21,0,8.05,0
2023-06-27 23:00:00,28.0,office,0,3.1,1.0,0,5.704,0
2023-06-28 00:00:00,26.0,office,0,2.44,0.97,0,5.081,0
2023-06-28 01:00:00,25.9,office,0,2.11,1.39,0,6.054,0
2023-06-28 02:00:00,24.3,office,0,1.16,0.79,0,4.059,0
2023-06-28 03:00:00,27.4,office,0,3.12,0.49,0,5.784,0
2023-06-28 04:00:00,27.1,office,0,3.02,0.41,0,5.652,0
2023-06-28 05:00:00,27.4,office,0,3.03,0.72,0,5.014,0
2023-06-28 06:00:00,29.8,office,0,4.02,1.13,0,7.591,0
2023-06-28 07:00:00,31.6,office,17,5.27,1.11,0,8.95,0
2023-06-28 08:00:00,35.5,office,77,8.52,5.22,1,16.801,0
2023-06-28 09:00:00,31.4,office,32,5.79,2.94,1,11.32,0
2023-06-28 10:00:00,36.6,office,57,8.51,4.81,1,15.596,0
2023-06-28 11:00:00,37.4,office,31,8.73,2.07,0,13.716,0
2023-06-28 12:00:00,35.5,office,59,8.08,3.37,0,13.399,0
2023-06-28 13:00:00,37.5,office,34,8.83,2.67,0,13.637,0
2023-06-28 14:00:00,36.7,office,50,8.81,3.69,0,14.469,0
2023-06-28 15:00:00,37.5,office,66,9.28,3.93,0,14.848,0
2023-06-28 16:00:00,39.0,office,57,9.82,3.8,0,15.565,0
2023-06-28 17:00:00,36.8,office,66,9.12,4.63,1,16.54,0
2023-06-28 18:00:00,35.6,office,17,7.4,3.27,1,12.787,0
2023-06-28 19:00:00,33.0,office,18,6.2,2.54,1,10.62,0
2023-06-28 20:00:00,30.1,office,0,4.36,2.5,1,10.321,0
2023-06-28 21:00:00,30.8,office,0,4.48,1.47,0,8.817,0
2023-06-28 22:00:00,31.7,office,0,5.27,1.21,0,8.54,0
2023-06-28 23:00:00,26.5,office,0,2.35,0.23,0,3.891,0
2023-06-29 00:00:00,26.5,office,0,2.72,0.91,0,4.891,0
2023-06-29 01:00:00,27.8,office,0,3.03,0.31,0,5.207,0
2023-06-29 02:00:00,26.0,office,0,2.37,1.36,0,6.17,0
2023-06-29 03:00:00,26.4,office,0,2.34,1.23,0,5.432,0
2023-06-29 04:00:00,27.5,office,0,2.91,1.46,0,7.304,0
2023-06-29 05:00:00,26.9,office,0,2.61,0.99,0,6.781,0
2023-06-29 06:00:00,28.5,office,0,3.62,0.88,0,6.617,0
2023-06-29 07:00:00,32.2,office,14,5.66,1.57,0,9.182,0
2023-06-29 08:00:00,30.5,office,37,5.43,3.55,1,11.905,0
2023-06-29 09:00:00,31.3,office,55,5.9,4.56,1,13.814,0
2023-06-29 10:00:00,34.0,office,31,6.97,3.58,1,13.907,0
2023-06-29 11:00:00,37.1,office,50,8.93,3.91,0,15.508,0
2023-06-29 12:00:00,36.5,office,40,8.13,2.97,0,13.834,0
2023-06-29 13:00:00,36.6,office,69,8.88,4.76,0,17.016,0
2023-06-29 14:00:00,37.5,office,59,9.17,4.27,0,16.263,0
2023-06-29 15:00:00,34.6,office,74,7.96,4.57,0,14.669,0
2023-06-29 16:00:00,37.5,office,53,8.97,3.3,0,14.569,0
2023-06-29 17:00:00,36.5,office,35,8.29,3.78,1,15.003,0
2023-06-29 18:00:00,34.3,office,18,6.62,2.68,1,12.365,0
2023-06-29 19:00:00,35.2,office,8,7.11,1.71,1,12.32,0
2023-06-29 20:00:00,30.7,office,0,4.82,1.69,1,8.086,0
2023-06-29 21:00:00,32.8,office,0,5.68,1.49,0,9.61,0
2023-06-29 22:00:00,30.2,office,0,4.41,0.26,0,7.444,0
2023-06-29 23:00:00,28.4,office,0,3.23,1.11,0,7.152,0
2023-06-30 00:00:00,28.1,office,0,3.48,1.29,0,7.999,0
2023-06-30 01:00:00,27.5,office,0,2.89,1.04,0,5.105,0
2023-06-30 02:00:00,29.3,office,0,3.96,0.94,0,6.867,0
2023-06-30 03:00:00,26.1,office,0,2.54,1.12,0,5.707,0
2023-06-30 04:00:00,27.0,office,0,2.8,0.76,0,6.128,0
2023-06-30 05:00:00,30.5,office,0,4.61,0.32,0,6.244,0
2023-06-30 06:00:00,29.1,office,0,3.77,1.45,0,7.432,0
2023-06-30 07:00:00,32.6,office,12,5.57,1.36,0,9.568,0
2023-06-30 08:00:00,35.1,office,57,8.09,4.92,1,16.279,0
2023-06-30 09:00:00,33.2,office,67,6.96,5.24,1,15.039,0
2023-06-30 10:00:00,36.0,office,55,18.14,7.71,1,71.839,1
2023-06-30 11:00:00,34.3,office,63,7.42,4.59,0,14.63,0
2023-06-30 12:00:00,38.0,office,35,9.13,2.98,0,14.46,0
2023-06-30 13:00:00,37.6,office,55,8.98,3.14,0,14.198,0
2023-06-30 14:00:00,38.2,office,49,9.34,3.93,0,16.094,0
2023-06-30 15:00:00,36.4,office,77,9.04,5.01,0,16.69,0
2023-06-30 16:00:00,34.3,office,51,13.65,6.21,0,69.782,1
2023-06-30 17:00:00,36.8,office,44,8.45,4.19,1,16.077,0
2023-06-30 18:00:00,31.9,office,15,5.48,2.09,1,10.875,0
2023-06-30 19:00:00,33.3,office,10,6.01,2.43,1,11.98,0
2023-06-30 20:00:00,33.9,office,0,6.17,1.3,1,10.923,0
2023-06-30 21:00:00,31.5,office,0,4.93,0.91,0,8.595,0
2023-06-30 22:00:00,32.9,office,0,5.73,0.92,0,8.964,0
2023-06-30 23:00:00,30.5,office,0,4.37,1.34,0,8.183,0
2023-07-01 00:00:00,27.3,office,0,3.14,1.14,0,6.117,0
2023-07-01 01:00:00,27.8,office,0,3.15,0.52,0,5.502,0
2023-07-01 02:00:00,27.5,office,0,2.85,1.35,0,6.115,0
2023-07-01 03:00:00,25.4,office,0,1.94,0.95,0,5.399,0
2023-07-01 04:00:00,26.8,office,0,2.83,0.99,0,5.399,0
2023-07-01 05:00:00,28.2,office,0,3.11,0.42,0,6.424,0
2023-07-01 06:00:00,27.0,office,0,2.84,1.32,0,6.646,0
2023-07-01 07:00:00,31.3,office,0,4.92,1.41,0,8.796,0
2023-07-01 08:00:00,32.2,office,0,5.18,2.21,1,10.275,0
2023-07-01 09:00:00,31.4,office,0,5.11,2.42,1,9.553,0
2023-07-01 10:00:00,35.7,office,0,7.03,1.59,1,12.089,0
2023-07-01 11:00:00,37.2,office,0,7.75,1.32,0,10.9,0
2023-07-01 12:00:00,37.2,office,0,8.01,0.84,0,10.722,0
2023-07-01 13:00:00,36.9,office,0,7.77,0.41,0,10.75,0
2023-07-01 14:00:00,38.5,office,0,8.7,1.07,0,12.236,0
2023-07-01 15:00:00,38.4,office,0,8.51,1.09,0,12.193,0
2023-07-01 16:00:00,37.4,office,0,8.07,0.57,0,10.405,0
2023-07-01 17:00:00,34.9,office,0,18.76,2.57,1,30.071,1
2023-07-01 18:00:00,35.5,office,0,6.78,1.46,1,10.999,0
2023-07-01 19:00:00,35.7,office,0,7.24,1.72,1,12.41,0
2023-07-01 20:00:00,31.7,office,0,5.16,1.42,1,9.371,0
2023-07-01 21:00:00,34.4,office,0,6.23,0.45,0,8.442,0
2023-07-01 22:00:00,29.3,office,0,3.9,0.71,0,5.743,0
2023-07-01 23:00:00,29.1,office,0,3.59,1.45,0,7.227,0
2023-07-02 00:00:00,27.3,office,0,3.02,1.19,0,6.488,0
2023-07-02 01:00:00,28.1,office,0,3.32,0.62,0,5.129,0
2023-07-02 02:00:00,25.0,office,0,1.98,1.44,0,5.836,0
2023-07-02 03:00:00,27.0,office,0,2.59,1.04,0,5.453,0
2023-07-02 04:00:00,26.7,office,0,2.65,0.79,0,6.049,0
2023-07-02 05:00:00,29.3,office,0,3.76,0.81,0,6.714,0
2023-07-02 06:00:00,31.6,office,0,5.11,0.73,0,9.026,0
2023-07-02 07:00:00,32.3,office,0,5.51,0.5,0,7.943,0
2023-07-02 08:00:00,29.1,office,0,3.91,1.7,1,7.986,0
2023-07-02 09:00:00,37.0,office,0,7.91,1.89,1,13.055,0
2023-07-02 10:00:00,35.6,office,0,7.23,1.89,1,11.318,0
2023-07-02 11:00:00,35.0,office,0,6.54,1.19,0,10.374,0
2023-07-02 12:00:00,37.2,office,0,7.77,0.67,0,10.207,0
2023-07-02 13:00:00,37.7,office,0,8.19,1.13,0,10.868,0
2023-07-02 14:00:00,36.6,office,0,7.55,0.95,0,10.948,0
2023-07-02 15:00:00,37.8,office,0,8.0,1.45,0,12.816,0
2023-07-02 16:00:00,36.0,office,0,7.28,0.7,0,10.356,0
2023-07-02 17:00:00,35.6,office,0,7.0,2.37,1,12.077,0
2023-07-02 18:00:00,34.1,office,0,6.25,2.27,1,11.479,0
2023-07-02 19:00:00,31.8,office,0,5.3,2.03,1,10.448,0
2023-07-02 20:00:00,32.8,office,0,5.6,2.05,1,10.757,0
2023-07-02 21:00:00,32.2,office,0,5.11,0.31,0,6.83,0
2023-07-02 22:00:00,30.9,office,0,4.48,1.44,0,7.712,0
2023-07-02 23:00:00,30.3,office,0,4.58,0.34,0,6.786,0
2023-07-03 00:00:00,28.8,office,0,3.88,0.93,0,8.038,0
2023-07-03 01:00:00,27.1,office,0,2.89,0.63,0,5.919,0
2023-07-03 02:00:00,28.9,office,0,10.38,1.66,0,26.946,1
2023-07-03 03:00:00,25.8,office,0,2.37,0.99,0,4.986,0
2023-07-03 04:00:00,27.0,office,0,2.83,1.38,0,6.102,0
2023-07-03 05:00:00,27.7,office,0,3.27,0.79,0,6.555,0
2023-07-03 06:00:00,31.8,office,0,5.28,1.48,0,9.115,0
2023-07-03 07:00:00,32.8,office,7,5.73,1.32,0,9.168,0
2023-07-03 08:00:00,33.4,office,62,7.18,4.51,1,13.757,0
2023-07-03 09:00:00,35.6,office,70,8.29,4.95,1,16.987,0
2023-07-03 10:00:00,33.9,office,37,6.84,3.98,1,12.496,0
2023-07-03 11:00:00,36.7,office,63,9.0,3.42,0,14.47,0
2023-07-03 12:00:00,36.8,office,62,9.09,3.92,0,15.676,0
2023-07-03 13:00:00,38.8,office,42,9.6,2.49,0,14.254,0
2023-07-03 14:00:00,37.5,office,79,9.56,4.71,0,17.023,0
2023-07-03 15:00:00,36.9,office,52,8.53,3.77,0,14.911,0
2023-07-03 16:00:00,37.8,office,52,8.97,3.4,0,14.525,0
2023-07-03 17:00:00,37.5,office,76,9.46,5.21,1,17.134,0
2023-07-03 18:00:00,34.2,office,9,6.51,1.98,1,11.61,0
2023-07-03 19:00:00,33.9,office,12,6.49,2.28,1,10.816,0
2023-07-03 20:00:00,31.1,office,0,4.55,1.29,1,9.568,0
2023-07-03 21:00:00,27.6,office,0,3.29,0.96,0,5.944,0
2023-07-03 22:00:00,30.5,office,0,4.43,0.99,0,8.609,0
2023-07-03 23:00:00,30.1,office,0,4.47,0.28,0,7.663,0
2023-07-04 00:00:00,28.8,office,0,3.67,0.72,0,7.169,0
2023-07-04 01:00:00,25.0,office,0,1.57,0.74,0,4.829,0
2023-07-04 02:00:00,27.2,office,0,3.0,0.63,0,6.14,0
2023-07-04 03:00:00,24.6,office,0,1.65,0.93,0,4.453,0
2023-07-04 04:00:00,30.5,office,0,4.51,0.65,0,7.387,0
2023-07-04 05:00:00,27.6,office,0,3.06,0.74,0,5.573,0
2023-07-04 06:00:00,32.1,office,0,5.09,1.24,0,9.803,0
2023-07-04 07:00:00,32.9,office,8,5.94,0.81,0,8.134,0
2023-07-04 08:00:00,31.4,office,39,5.94,3.95,1,12.167,0
2023-07-04 09:00:00,32.3,office,46,6.12,4.16,1,13.0,0
2023-07-04 10:00:00,35.8,office,42,7.87,3.7,1,14.716,0
2023-07-04 11:00:00,35.0,office,41,7.77,3.2,0,13.708,0
2023-07-04 12:00:00,37.2,office,68,9.1,4.32,0,15.095,0
2023-07-04 13:00:00,36.8,office,39,8.51,2.77,0,13.13,0
2023-07-04 14:00:00,35.1,office,78,8.38,4.97,0,15.649,0
2023-07-04 15:00:00,34.2,office,78,7.96,5.14,0,15.706,0
2023-07-04 16:00:00,37.4,office,71,9.33,5.01,0,16.568,0
2023-07-04 17:00:00,35.4,office,34,7.53,3.72,1,14.077,0
2023-07-04 18:00:00,34.4,office,10,6.42,2.84,1,11.911,0
2023-07-04 19:00:00,35.1,office,20,7.32,2.2,1,11.945,0
2023-07-04 20:00:00,34.5,office,0,6.62,1.89,1,11.577,0
2023-07-04 21:00:00,31.0,office,0,4.84,0.48,0,7.198,0
2023-07-04 22:00:00,29.7,office,0,4.17,0.32,0,6.673,0
2023-07-04 23:00:00,29.9,office,0,4.07,0.89,0,6.921,0
2023-07-05 00:00:00,26.4,office,0,2.21,1.17,0,5.187,0
2023-07-05 01:00:00,28.3,office,0,3.55,0.74,0,5.889,0
2023-07-05 02:00:00,28.6,office,0,3.55,1.07,0,7.066,0
2023-07-05 03:00:00,29.0,office,0,3.65,0.84,0,6.081,0
2023-07-05 04:00:00,25.5,office,0,1.8,0.77,0,5.082,0
2023-07-05 05:00:00,28.1,office,0,3.08,0.58,0,5.592,0
2023-07-05 06:00:00,29.0,office,0,3.67,0.7,0,5.779,0
2023-07-05 07:00:00,31.6,office,19,5.58,1.6,0,9.707,0
2023-07-05 08:00:00,33.5,office,78,7.77,5.94,1,16.369,0
2023-07-05 09:00:00,36.3,office,66,8.92,4.65,1,16.333,0
2023-07-05 10:00:00,34.5,office,78,8.27,5.22,1,15.547,0
2023-07-05 11:00:00,35.6,office,67,8.59,4.41,0,15.338,0
2023-07-05 12:00:00,38.8,office,58,9.82,3.81,0,16.491,0
2023-07-05 13:00:00,38.1,office,73,9.62,4.41,0,17.245,0
2023-07-05 14:00:00,39.7,office,66,10.57,3.7,0,15.947,0
2023-07-05 15:00:00,38.0,office,71,9.53,4.28,0,16.487,0
2023-07-05 16:00:00,35.4,office,70,8.23,4.73,0,14.454,0
2023-07-05 17:00:00,34.3,office,69,7.65,5.81,1,15.878,0
2023-07-05 18:00:00,33.0,office,15,6.06,2.86,1,11.553,0
2023-07-05 19:00:00,35.1,office,15,7.01,2.03,1,11.563,0
2023-07-05 20:00:00,34.6,office,0,6.38,2.07,1,12.102,0
2023-07-05 21:00:00,34.3,office,0,6.38,0.51,0,9.364,0
2023-07-05 22:00:00,31.5,office,0,5.19,0.61,0,9.249,0
2023-07-05 23:00:00,31.0,office,0,4.79,0.45,0,7.077,0
2023-07-06 00:00:00,27.6,office,0,3.24,1.21,0,6.362,0
2023-07-06 01:00:00,26.3,office,0,2.25,1.04,0,5.318,0
2023-07-06 02:00:00,29.1,office,0,3.63,1.0,0,6.272,0
2023-07-06 03:00:00,28.6,office,0,3.59,1.07,0,7.785,0
2023-07-06 04:00:00,28.7,office,0,3.58,0.51,0,5.876,0
2023-07-06 05:00:00,29.9,office,0,4.28,0.78,0,7.222,0
2023-07-06 06:00:00,30.8,office,0,4.8,1.02,0,7.902,0
2023-07-06 07:00:00,33.5,office,9,6.31,1.48,0,10.241,0
2023-07-06 08:00:00,34.8,office,58,8.03,5.13,1,14.926,0
2023-07-06 09:00:00,34.9,office,34,7.33,3.27,1,12.472,0
2023-07-06 10:00:00,36.6,office,60,8.6,5.2,1,16.644,0
2023-07-06 11:00:00,37.1,office,58,8.99,3.67,0,15.927,0
2023-07-06 12:00:00,36.5,office,70,8.71,4.57,0,15.633,0
2023-07-06 13:00:00,38.8,office,49,9.52,3.24,0,14.708,0
2023-07-06 14:00:00,35.7,office,80,8.55,5.43,0,15.557,0
2023-07-06 15:00:00,39.2,office,47,9.74,2.78,0,14.76,0
2023-07-06 16:00:00,35.4,office,67,8.1,4.43,0,14.286,0
2023-07-06 17:00:00,36.8,office,33,8.08,3.6,1,14.947,0
2023-07-06 18:00:00,34.1,office,16,11.7,4.36,1,49.565,1
2023-07-06 19:00:00,34.9,office,7,6.9,1.64,1,10.921,0
2023-07-06 20:00:00,32.8,office,0,5.75,2.24,1,10.729,0
2023-07-06 21:00:00,29.1,office,0,3.88,0.4,0,7.11,0
2023-07-06 22:00:00,31.0,office,0,4.56,0.44,0,7.268,0
2023-07-06 23:00:00,28.4,office,0,3.35,1.47,0,6.963,0
2023-07-07 00:00:00,29.8,office,0,3.96,1.13,0,6.235,0
2023-07-07 01:00:00,28.0,office,0,3.42,0.53,0,6.277,0
2023-07-07 02:00:00,28.5,office,0,3.62,0.97,0,5.9,0
2023-07-07 03:00:00,26.6,office,0,3.9,1.34,0,24.665,1
2023-07-07 04:00:00,27.6,office,0,2.97,1.3,0,7.309,0
2023-07-07 05:00:00,28.6,office,0,3.78,1.15,0,7.702,0
2023-07-07 06:00:00,31.6,office,0,5.1,1.28,0,7.999,0
2023-07-07 07:00:00,34.1,office,14,6.73,1.17,0,10.036,0
2023-07-07 08:00:00,31.7,office,59,6.16,4.98,1,13.397,0
2023-07-07 09:00:00,35.8,office,58,8.17,4.15,1,15.382,0
2023-07-07 10:00:00,32.1,office,32,6.08,2.89,1,12.844,0
2023-07-07 11:00:00,34.6,office,33,13.33,6.29,0,58.083,1
2023-07-07 12:00:00,35.7,office,53,8.25,2.88,0,13.504,0
2023-07-07 13:00:00,35.7,office,48,8.09,3.35,0,13.991,0
2023-07-07 14:00:00,35.5,office,34,7.71,2.99,0,12.869,0
2023-07-07 15:00:00,38.3,office,71,9.94,4.24,0,16.393,0
2023-07-07 16:00:00,36.9,office,35,8.29,2.01,0,11.366,0
2023-07-07 17:00:00,37.0,office,69,9.06,5.58,1,17.009,0
2023-07-07 18:00:00,36.4,office,17,7.98,3.26,1,13.437,0
2023-07-07 19:00:00,34.6,office,19,6.83,3.08,1,12.991,0
2023-07-07 20:00:00,33.8,office,0,6.17,1.95,1,10.793,0
2023-07-07 21:00:00,31.5,office,0,5.1,0.5,0,8.057,0
2023-07-07 22:00:00,28.6,office,0,3.8,0.22,0,6.855,0
2023-07-07 23:00:00,30.9,office,0,4.67,1.1,0,8.296,0
2023-07-08 00:00:00,27.7,office,0,3.06,0.5,0,6.331,0
2023-07-08 01:00:00,26.7,office,0,2.77,1.32,0,5.876,0
2023-07-08 02:00:00,27.6,office,0,3.2,0.81,0,6.2,0
2023-07-08 03:00:00,26.7,office,0,2.72,0.89,0,5.771,0
2023-07-08 04:00:00,27.9,office,0,3.18,1.18,0,6.271,0
2023-07-08 05:00:00,29.9,office,0,4.11,1.21,0,7.358,0
2023-07-08 06:00:00,30.9,office,0,4.75,1.04,0,7.72,0
2023-07-08 07:00:00,30.3,office,0,4.59,1.42,0,8.667,0
2023-07-08 08:00:00,32.2,office,0,5.54,2.48,1,10.342,0
2023-07-08 09:00:00,35.8,office,0,6.95,2.43,1,11.302,0
2023-07-08 10:00:00,36.1,office,0,7.26,2.27,1,12.24,0
2023-07-08 11:00:00,39.5,office,0,8.98,1.12,0,12.209,0
2023-07-08 12:00:00,39.0,office,0,8.99,1.06,0,11.895,0
2023-07-08 13:00:00,39.4,office,0,9.04,0.33,0,11.796,0
2023-07-08 14:00:00,35.8,office,0,7.1,0.55,0,10.148,0
2023-07-08 15:00:00,38.9,office,0,8.46,0.21,0,10.301,0
2023-07-08 16:00:00,37.1,office,0,7.83,0.38,0,9.686,0
2023-07-08 17:00:00,35.6,office,0,6.85,1.77,1,11.418,0
2023-07-08 18:00:00,35.6,office,0,7.22,1.39,1,11.463,0
2023-07-08 19:00:00,35.6,office,0,7.18,2.37,1,12.801,0
2023-07-08 20:00:00,33.6,office,0,6.03,2.25,1,10.951,0
2023-07-08 21:00:00,30.3,office,0,4.36,0.29,0,7.179,0
2023-07-08 22:00:00,31.5,office,0,5.2,0.52,0,7.533,0
2023-07-08 23:00:00,28.4,office,0,3.34,1.26,0,7.827,0
2023-07-09 00:00:00,28.9,office,0,3.57,1.24,0,7.503,0
2023-07-09 01:00:00,27.6,office,0,3.27,1.43,0,6.713,0
2023-07-09 02:00:00,27.6,office,0,3.2,1.5,0,6.663,0
2023-07-09 03:00:00,29.2,office,0,4.01,1.47,0,8.678,0
2023-07-09 04:00:00,27.0,office,0,2.6,0.73,0,6.12,0
2023-07-09 05:00:00,32.3,office,0,5.22,0.53,0,7.713,0
2023-07-09 06:00:00,27.7,office,0,2.86,1.19,0,6.646,0
2023-07-09 07:00:00,30.7,office,0,4.47,0.59,0,7.584,0
2023-07-09 08:00:00,33.5,office,0,6.14,2.25,1,11.565,0
2023-07-09 09:00:00,35.1,office,0,6.67,1.89,1,9.771,0
2023-07-09 10:00:00,35.3,office,0,7.01,2.23,1,12.543,0
2023-07-09 11:00:00,36.4,office,0,16.43,1.0,0,36.043,1
2023-07-09 12:00:00,37.9,office,0,8.15,0.86,0,11.089,0
2023-07-09 13:00:00,37.4,office,0,8.19,0.93,0,10.728,0
2023-07-09 14:00:00,40.0,office,0,9.12,1.43,0,13.006,0
2023-07-09 15:00:00,39.0,office,0,8.69,0.55,0,10.894,0
2023-07-09 16:00:00,38.6,office,0,8.45,1.42,0,11.695,0
2023-07-09 17:00:00,35.0,office,0,6.55,2.25,1,10.919,0
2023-07-09 18:00:00,35.3,office,0,6.89,2.15,1,11.609,0
2023-07-09 19:00:00,33.8,office,0,6.09,2.22,1,10.906,0
2023-07-09 20:00:00,31.4,office,0,5.05,1.99,1,9.547,0
2023-07-09 21:00:00,32.2,office,0,5.51,0.52,0,9.414,0
2023-07-09 22:00:00,29.6,office,0,4.07,0.45,0,6.615,0
2023-07-09 23:00:00,30.4,office,0,4.22,1.33,0,7.902,0
2023-07-10 00:00:00,27.0,office,0,2.81,1.14,0,5.633,0
2023-07-10 01:00:00,30.7,office,0,4.38,0.48,0,6.891,0
2023-07-10 02:00:00,26.6,office,0,2.61,1.0,0,5.943,0
2023-07-10 03:00:00,28.4,office,0,3.54,0.78,0,7.101,0
2023-07-10 04:00:00,29.8,office,0,4.0,0.41,0,6.501,0
2023-07-10 05:00:00,28.6,office,0,3.71,0.89,0,7.385,0
2023-07-10 06:00:00,31.7,office,0,5.31,0.57,0,8.067,0
2023-07-10 07:00:00,29.8,office,6,4.43,0.63,0,7.495,0
2023-07-10 08:00:00,35.1,office,58,7.86,4.71,1,15.516,0
2023-07-10 09:00:00,34.3,office,66,7.76,5.27,1,14.593,0
2023-07-10 10:00:00,34.5,office,71,8.13,4.81,1,16.352,0
2023-07-10 11:00:00,36.0,office,42,8.0,2.82,0,13.935,0
2023-07-10 12:00:00,38.5,office,50,9.66,3.03,0,15.215,0
2023-07-10 13:00:00,36.9,office,68,8.81,3.64,0,13.987,0
2023-07-10 14:00:00,36.8,office,60,8.6,3.36,0,15.052,0
2023-07-10 15:00:00,37.4,office,62,9.32,3.48,0,15.846,0
2023-07-10 16:00:00,35.5,office,39,7.91,2.39,0,11.815,0
2023-07-10 17:00:00,39.2,office,33,9.65,3.89,1,15.63,0
2023-07-10 18:00:00,34.6,office,19,7.15,2.72,1,12.895,0
2023-07-10 19:00:00,35.5,office,8,15.94,4.07,1,34.278,1
2023-07-10 20:00:00,33.3,office,0,14.2,2.8,1,34.22,1
2023-07-10 21:00:00,30.2,office,0,4.55,0.59,0,8.331,0
2023-07-10 22:00:00,30.4,office,0,4.29,1.24,0,6.972,0
2023-07-10 23:00:00,30.6,office,0,4.64,0.67,0,7.93,0
2023-07-11 00:00:00,28.4,office,0,3.47,0.41,0,6.702,0
2023-07-11 01:00:00,29.9,office,0,3.99,0.73,0,7.257,0
2023-07-11 02:00:00,29.5,office,0,3.89,0.92,0,7.674,0
2023-07-11 03:00:00,29.5,office,0,4.01,0.24,0,7.316,0
2023-07-11 04:00:00,27.9,office,0,3.38,1.02,0,6.004,0
2023-07-11 05:00:00,27.8,office,0,3.25,0.71,0,6.044,0
2023-07-11 06:00:00,29.5,office,0,4.06,0.21,0,6.237,0
2023-07-11 07:00:00,32.0,office,15,5.55,1.83,0,10.096,0
2023-07-11 08:00:00,33.8,office,75,7.55,5.88,1,15.967,0
2023-07-11 09:00:00,31.0,office,35,5.26,3.77,1,11.498,0
2023-07-11 10:00:00,35.5,office,62,8.19,4.74,1,15.063,0
2023-07-11 11:00:00,36.7,office,71,8.78,4.44,0,14.987,0
2023-07-11 12:00:00,36.9,office,41,8.38,2.75,0,13.411,0
2023-07-11 13:00:00,39.7,office,32,9.71,2.71,0,15.216,0
2023-07-11 14:00:00,38.6,office,45,9.41,3.21,0,14.672,0
2023-07-11 15:00:00,39.8,office,75,10.42,4.06,0,17.472,0
2023-07-11 16:00:00,37.0,office,58,8.95,3.94,0,15.082,0
2023-07-11 17:00:00,37.9,office,58,9.38,4.99,1,17.055,0
2023-07-11 18:00:00,37.9,office,10,8.19,2.18,1,12.212,0
2023-07-11 19:00:00,36.2,office,16,7.89,3.14,1,14.058,0
2023-07-11 20:00:00,31.3,office,0,4.7,2.3,1,9.401,0
2023-07-11 21:00:00,31.3,office,0,5.08,0.43,0,8.496,0
2023-07-11 22:00:00,29.9,office,0,3.95,1.38,0,7.557,0
2023-07-11 23:00:00,30.2,office,0,4.54,0.77,0,7.264,0
2023-07-12 00:00:00,29.7,office,0,3.86,1.14,0,6.812,0
2023-07-12 01:00:00,26.9,office,0,2.83,1.26,0,5.649,0
2023-07-12 02:00:00,28.1,office,0,3.23,0.86,0,6.478,0
2023-07-12 03:00:00,25.1,office,0,1.92,0.72,0,4.407,0
2023-07-12 04:00:00,30.8,office,0,4.6,1.39,0,7.999,0
2023-07-12 05:00:00,28.7,office,0,3.39,0.5,0,5.71,0
2023-07-12 06:00:00,30.6,office,0,4.68,0.53,0,6.315,0
2023-07-12 07:00:00,31.2,office,16,4.96,1.47,0,8.018,0
2023-07-12 08:00:00,34.7,office,48,7.77,4.72,1,14.82,0
2023-07-12 09:00:00,30.0,office,54,5.11,5.12,1,13.035,0
2023-07-12 10:00:00,35.5,office,56,8.11,4.29,1,15.644,0
2023-07-12 11:00:00,36.4,office,79,9.14,5.27,0,17.36,0
2023-07-12 12:00:00,36.6,office,51,8.52,3.09,0,14.539,0
2023-07-12 13:00:00,40.4,office,73,10.77,5.11,0,17.415,0
2023-07-12 14:00:00,36.6,office,68,9.04,4.38,0,15.051,0
2023-07-12 15:00:00,39.0,office,33,9.55,1.86,0,13.753,0
2023-07-12 16:00:00,37.8,office,80,9.96,4.24,0,15.875,0
2023-07-12 17:00:00,38.4,office,70,9.79,4.89,1,17.539,0
2023-07-12 18:00:00,34.5,office,15,6.8,2.19,1,11.923,0
2023-07-12 19:00:00,33.2,office,7,5.92,2.55,1,11.594,0
2023-07-12 20:00:00,34.6,office,0,6.43,1.49,1,11.74,0
2023-07-12 21:00:00,32.3,office,0,5.53,1.46,0,8.732,0
2023-07-12 22:00:00,28.2,office,0,3.27,1.03,0,5.991,0
2023-07-12 23:00:00,28.6,office,0,3.51,1.1,0,7.465,0
2023-07-13 00:00:00,29.2,office,0,3.8,0.48,0,6.203,0
2023-07-13 01:00:00,29.4,office,0,4.06,1.36,0,8.448,0
2023-07-13 02:00:00,27.0,office,0,2.96,1.07,0,5.501,0
2023-07-13 03:00:00,23.8,office,0,1.23,1.32,0,4.851,0
2023-07-13 04:00:00,29.4,office,0,3.94,1.44,0,7.747,0
2023-07-13 05:00:00,27.6,office,0,3.19,0.36,0,5.674,0
2023-07-13 06:00:00,27.5,office,0,3.07,0.33,0,5.548,0
2023-07-13 07:00:00,27.4,office,15,4.68,4.37,0,39.179,1
2023-07-13 08:00:00,34.2,office,36,6.87,4.13,1,13.663,0
2023-07-13 09:00:00,34.5,office,65,7.57,5.21,1,15.079,0
2023-07-13 10:00:00,35.2,office,73,8.29,5.33,1,16.081,0
2023-07-13 11:00:00,38.6,office,54,9.79,3.75,0,14.702,0
2023-07-13 12:00:00,38.3,office,48,9.27,3.0,0,14.978,0
2023-07-13 13:00:00,40.2,office,46,10.21,2.81,0,15.383,0
2023-07-13 14:00:00,35.9,office,76,8.92,4.63,0,15.977,0
2023-07-13 15:00:00,37.8,office,72,9.76,4.08,0,16.85,0
2023-07-13 16:00:00,34.9,office,68,8.14,4.23,0,15.506,0
2023-07-13 17:00:00,36.2,office,39,8.01,4.39,1,15.638,0
2023-07-13 18:00:00,35.1,office,15,6.91,3.04,1,12.983,0
2023-07-13 19:00:00,35.2,office,7,6.75,2.77,1,12.346,0
2023-07-13 20:00:00,33.1,office,0,5.6,2.25,1,10.908,0
2023-07-13 21:00:00,32.6,office,0,5.45,0.66,0,9.01,0
2023-07-13 22:00:00,31.5,office,0,5.03,1.26,0,8.658,0
2023-07-13 23:00:00,32.7,office,0,13.23,2.66,0,27.736,1
2023-07-14 00:00:00,28.2,office,0,3.17,1.43,0,6.002,0
2023-07-14 01:00:00,26.8,office,0,2.49,1.09,0,7.051,0
2023-07-14 02:00:00,28.4,office,0,3.52,0.47,0,6.421,0
2023-07-14 03:00:00,27.0,office,0,2.81,0.25,0,4.496,0
2023-07-14 04:00:00,30.9,office,0,4.73,0.39,0,7.135,0
2023-07-14 05:00:00,29.0,office,0,3.63,1.46,0,6.809,0
2023-07-14 06:00:00,29.6,office,0,3.99,0.8,0,7.9,0
2023-07-14 07:00:00,31.0,office,9,4.73,1.76,0,9.195,0
2023-07-14 08:00:00,34.1,office,52,7.2,4.4,1,14.962,0
2023-07-14 09:00:00,34.1,office,49,7.48,4.51,1,14.367,0
2023-07-14 10:00:00,34.5,office,71,8.16,4.78,1,16.33,0
2023-07-14 11:00:00,39.0,office,74,10.3,4.22,0,16.363,0
2023-07-14 12:00:00,36.0,office,72,8.9,4.37,0,15.069,0
2023-07-14 13:00:00,37.9,office,55,9.37,3.77,0,15.099,0
2023-07-14 14:00:00,39.0,office,38,9.28,2.32,0,15.106,0
2023-07-14 15:00:00,35.4,office,68,8.56,4.59,0,14.824,0
2023-07-14 16:00:00,38.0,office,75,9.55,4.42,0,15.635,0
2023-07-14 17:00:00,35.0,office,35,7.54,4.01,1,13.405,0
2023-07-14 18:00:00,36.7,office,14,7.76,2.03,1,12.3,0
2023-07-14 19:00:00,32.8,office,17,5.94,2.93,1,11.747,0
2023-07-14 20:00:00,34.0,office,0,6.32,1.58,1,10.422,0
2023-07-14 21:00:00,33.4,office,0,5.92,1.23,0,9.091,0
2023-07-14 22:00:00,31.8,office,0,5.03,0.72,0,8.202,0
2023-07-14 23:00:00,29.8,office,0,4.07,1.06,0,7.201,0
2023-07-15 00:00:00,28.3,office,0,3.32,1.41,0,7.989,0
2023-07-15 01:00:00,27.3,office,0,3.13,0.23,0,5.45,0
2023-07-15 02:00:00,30.2,office,0,4.5,0.21,0,7.695,0
2023-07-15 03:00:00,27.1,office,0,2.78,1.2,0,6.002,0
2023-07-15 04:00:00,27.1,office,0,2.65,1.04,0,6.392,0
2023-07-15 05:00:00,30.5,office,0,4.66,0.58,0,7.874,0
2023-07-15 06:00:00,29.3,office,0,3.73,0.84,0,6.216,0
2023-07-15 07:00:00,30.3,office,0,4.26,0.25,0,6.402,0
2023-07-15 08:00:00,30.8,office,0,4.58,1.45,1,8.106,0
2023-07-15 09:00:00,33.6,office,0,6.24,1.75,1,9.951,0
2023-07-15 10:00:00,35.4,office,0,6.77,2.28,1,11.843,0
2023-07-15 11:00:00,36.9,office,0,7.51,0.82,0,11.424,0
2023-07-15 12:00:00,38.8,office,0,8.65,0.96,0,11.938,0
2023-07-15 13:00:00,38.6,office,0,8.44,1.34,0,11.988,0
2023-07-15 14:00:00,37.7,office,0,8.13,0.6,0,10.017,0
2023-07-15 15:00:00,37.5,office,0,7.98,1.11,0,10.919,0
2023-07-15 16:00:00,38.1,office,0,8.27,1.32,0,11.71,0
2023-07-15 17:00:00,38.4,office,0,8.26,1.46,1,13.304,0
2023-07-15 18:00:00,35.7,office,0,6.92,1.66,1,11.321,0
2023-07-15 19:00:00,33.6,office,0,6.21,2.47,1,11.291,0
2023-07-15 20:00:00,31.5,office,0,5.19,2.48,1,10.709,0
2023-07-15 21:00:00,29.5,office,0,3.87,0.49,0,6.875,0
2023-07-15 22:00:00,31.5,office,0,4.81,0.29,0,7.569,0
2023-07-15 23:00:00,30.3,office,0,4.18,0.55,0,7.536,0
2023-07-16 00:00:00,29.5,office,0,4.05,0.72,0,7.073,0
2023-07-16 01:00:00,28.0,office,0,3.36,0.77,0,5.641,0
2023-07-16 02:00:00,30.1,office,0,9.25,1.68,0,35.252,1
2023-07-16 03:00:00,27.4,office,0,3.04,1.37,0,6.326,0
2023-07-16 04:00:00,30.1,office,0,4.41,0.63,0,6.648,0
2023-07-16 05:00:00,29.4,office,0,4.17,1.3,0,8.032,0
2023-07-16 06:00:00,29.6,office,0,3.83,0.32,0,6.906,0
2023-07-16 07:00:00,32.6,office,0,5.4,0.25,0,6.516,0
2023-07-16 08:00:00,33.6,office,0,5.83,1.86,1,10.278,0
2023-07-16 09:00:00,34.8,office,0,6.83,1.28,1,10.768,0
2023-07-16 10:00:00,35.6,office,0,7.2,1.71,1,11.118,0
2023-07-16 11:00:00,36.5,office,0,7.54,1.37,0,11.47,0
2023-07-16 12:00:00,40.9,office,0,9.49,0.51,0,12.082,0
2023-07-16 13:00:00,39.6,office,0,8.94,1.12,0,13.213,0
2023-07-16 14:00:00,39.1,office,0,8.7,0.59,0,10.807,0
2023-07-16 15:00:00,38.0,office,0,8.28,0.26,0,10.956,0
2023-07-16 16:00:00,38.8,office,0,8.53,0.92,0,11.796,0
2023-07-16 17:00:00,37.3,office,0,7.69,2.29,1,12.73,0
2023-07-16 18:00:00,35.5,office,0,7.12,1.73,1,11.338,0
2023-07-16 19:00:00,33.8,office,0,6.05,2.0,1,11.32,0
2023-07-16 20:00:00,32.9,office,0,5.68,2.37,1,11.321,0
2023-07-16 21:00:00,26.9,office,0,2.51,1.23,0,4.872,0
2023-07-16 22:00:00,30.8,office,0,4.8,0.45,0,7.884,0
2023-07-16 23:00:00,28.7,office,0,8.86,2.37,0,22.287,1
2023-07-17 00:00:00,31.0,office,0,4.95,0.85,0,7.322,0
2023-07-17 01:00:00,28.2,office,0,3.35,1.17,0,6.949,0
2023-07-17 02:00:00,26.2,office,0,2.57,0.84,0,5.89,0
2023-07-17 03:00:00,28.1,office,0,3.5,0.37,0,5.231,0
2023-07-17 04:00:00,27.1,office,0,2.84,0.94,0,5.735,0
2023-07-17 05:00:00,30.2,office,0,11.75,1.74,0,24.138,1
2023-07-17 06:00:00,30.9,office,0,4.61,0.87,0,7.67,0
2023-07-17 07:00:00,33.1,office,15,6.03,2.09,0,10.562,0
2023-07-17 08:00:00,31.8,office,38,5.68,4.26,1,12.988,0
2023-07-17 09:00:00,34.3,office,72,7.88,5.39,1,15.255,0
2023-07-17 10:00:00,33.4,office,74,7.54,5.49,1,14.872,0
2023-07-17 11:00:00,37.6,office,77,9.73,4.72,0,17.569,0
2023-07-17 12:00:00,38.1,office,73,9.58,4.53,0,16.368,0
2023-07-17 13:00:00,38.6,office,63,9.78,4.59,0,16.147,0
2023-07-17 14:00:00,38.0,office,35,8.79,2.79,0,13.81,0
2023-07-17 15:00:00,38.4,office,71,9.95,4.11,0,16.651,0
2023-07-17 16:00:00,39.7,office,72,10.37,4.49,0,17.587,0
2023-07-17 17:00:00,36.1,office,57,8.64,4.87,1,15.78,0
2023-07-17 18:00:00,35.7,office,16,7.29,2.83,1,12.508,0
2023-07-17 19:00:00,32.7,office,5,5.6,2.21,1,11.504,0
2023-07-17 20:00:00,31.7,office,0,5.28,1.43,1,9.886,0
2023-07-17 21:00:00,31.8,office,0,5.13,0.24,0,6.948,0
2023-07-17 22:00:00,32.1,office,0,5.06,0.64,0,7.978,0
2023-07-17 23:00:00,29.1,office,0,3.8,0.76,0,6.734,0
2023-07-18 00:00:00,28.3,office,0,3.19,0.28,0,5.545,0
2023-07-18 01:00:00,27.5,office,0,3.24,1.26,0,6.469,0
2023-07-18 02:00:00,27.2,office,0,2.89,0.65,0,5.041,0
2023-07-18 03:00:00,28.6,office,0,3.43,1.39,0,7.202,0
2023-07-18 04:00:00,26.4,office,0,2.48,0.4,0,5.164,0
2023-07-18 05:00:00,31.4,office,0,4.74,0.27,0,6.87,0
2023-07-18 06:00:00,29.5,office,0,4.15,0.83,0,7.414,0
2023-07-18 07:00:00,32.8,office,16,6.18,1.25,0,9.693,0
2023-07-18 08:00:00,31.1,office,49,5.97,4.87,1,12.472,0
2023-07-18 09:00:00,35.3,office,41,7.64,3.26,1,14.063,0
2023-07-18 10:00:00,36.5,office,43,8.27,3.89,1,14.881,0
2023-07-18 11:00:00,37.1,office,51,8.59,3.95,0,15.207,0
2023-07-18 12:00:00,35.8,office,79,8.81,4.65,0,15.925,0
2023-07-18 13:00:00,38.2,office,61,9.59,3.37,0,14.891,0
2023-07-18 14:00:00,36.2,office,42,8.17,2.69,0,12.933,0
2023-07-18 15:00:00,37.4,office,44,9.03,3.05,0,14.777,0
2023-07-18 16:00:00,38.9,office,38,9.29,2.34,0,14.517,0
2023-07-18 17:00:00,37.7,office,39,8.63,3.76,1,14.776,0
2023-07-18 18:00:00,35.5,office,7,6.93,2.64,1,11.42,0
2023-07-18 19:00:00,32.8,office,14,5.79,3.03,1,12.404,0
2023-07-18 20:00:00,33.9,office,0,5.97,1.26,1,9.669,0
2023-07-18 21:00:00,31.7,office,0,5.1,0.41,0,7.478,0
2023-07-18 22:00:00,27.0,office,0,2.66,0.56,0,4.816,0
2023-07-18 23:00:00,30.6,office,0,4.39,0.97,0,7.566,0
2023-07-19 00:00:00,28.6,office,0,3.68,0.67,0,6.234,0
2023-07-19 01:00:00,29.9,office,0,4.05,1.3,0,7.557,0
2023-07-19 02:00:00,26.3,office,0,2.49,1.13,0,4.987,0
2023-07-19 03:00:00,23.4,office,0,0.87,0.33,0,4.12,0
2023-07-19 04:00:00,29.1,office,0,3.81,1.01,0,7.123,0
2023-07-19 05:00:00,29.9,office,0,4.42,0.35,0,7.876,0
2023-07-19 06:00:00,27.9,office,0,2.97,0.53,0,6.307,0
2023-07-19 07:00:00,30.2,office,8,4.51,0.83,0,7.69,0
2023-07-19 08:00:00,37.1,office,62,9.22,4.52,1,15.607,0
2023-07-19 09:00:00,33.8,office,79,7.77,5.95,1,15.924,0
2023-07-19 10:00:00,36.6,office,64,8.72,5.13,1,15.809,0
2023-07-19 11:00:00,35.5,office,77,8.49,4.28,0,15.148,0
2023-07-19 12:00:00,34.2,office,63,7.7,4.64,0,14.742,0
2023-07-19 13:00:00,37.5,office,32,8.84,2.35,0,14.64,0
2023-07-19 14:00:00,37.6,office,72,9.26,3.93,0,15.384,0
2023-07-19 15:00:00,37.2,office,51,8.66,2.91,0,14.18,0
2023-07-19 16:00:00,37.1,office,79,9.29,4.91,0,16.882,0
2023-07-19 17:00:00,36.9,office,69,8.95,5.92,1,17.006,0
2023-07-19 18:00:00,35.2,office,9,6.91,2.39,1,12.755,0
2023-07-19 19:00:00,32.4,office,17,5.65,3.28,1,11.473,0
2023-07-19 20:00:00,33.7,office,0,5.95,1.78,1,10.765,0
2023-07-19 21:00:00,28.7,office,0,3.42,0.77,0,7.062,0
2023-07-19 22:00:00,27.4,office,0,3.17,0.85,0,6.466,0
2023-07-19 23:00:00,30.5,office,0,4.32,1.11,0,7.773,0
2023-07-20 00:00:00,29.4,office,0,3.8,0.68,0,6.524,0
2023-07-20 01:00:00,28.0,office,0,3.12,1.32,0,7.459,0
2023-07-20 02:00:00,25.9,office,0,2.42,0.24,0,4.084,0
2023-07-20 03:00:00,27.1,office,0,2.93,0.77,0,6.122,0
2023-07-20 04:00:00,28.2,office,0,3.49,0.86,0,7.239,0
2023-07-20 05:00:00,27.0,office,0,2.55,0.99,0,5.507,0
2023-07-20 06:00:00,29.3,office,0,4.07,0.56,0,7.622,0
2023-07-20 07:00:00,32.6,office,9,5.68,1.21,0,9.611,0
2023-07-20 08:00:00,35.1,office,40,7.48,3.83,1,12.906,0
2023-07-20 09:00:00,33.6,office,41,6.91,4.14,1,14.599,0
2023-07-20 10:00:00,36.6,office,74,21.07,13.65,1,56.393,1
2023-07-20 11:00:00,33.6,office,79,7.77,5.11,0,14.89,0
2023-07-20 12:00:00,38.3,office,69,9.97,4.09,0,16.169,0
2023-07-20 13:00:00,36.6,office,40,8.56,3.5,0,14.312,0
2023-07-20 14:00:00,38.4,office,76,9.84,5.1,0,16.463,0
2023-07-20 15:00:00,37.4,office,58,9.07,3.44,0,14.911,0
2023-07-20 16:00:00,39.3,office,32,9.3,2.05,0,13.377,0
2023-07-20 17:00:00,35.2,office,56,8.16,4.41,1,15.811,0
2023-07-20 18:00:00,36.4,office,16,7.6,2.59,1,12.693,0
2023-07-20 19:00:00,33.8,office,12,6.57,2.91,1,12.426,0
2023-07-20 20:00:00,32.7,office,0,5.51,2.21,1,10.352,0
2023-07-20 21:00:00,31.4,office,0,14.49,2.71,0,31.375,1
2023-07-20 22:00:00,29.2,office,0,3.62,0.55,0,7.228,0
2023-07-20 23:00:00,29.4,office,0,3.86,0.97,0,8.045,0
2023-07-21 00:00:00,28.5,office,0,3.69,0.57,0,5.846,0
2023-07-21 01:00:00,28.5,office,0,3.26,0.34,0,6.34,0
2023-07-21 02:00:00,28.0,office,0,3.2,1.09,0,6.214,0
2023-07-21 03:00:00,29.3,office,0,3.67,0.39,0,5.699,0
2023-07-21 04:00:00,30.0,office,0,4.19,1.07,0,7.091,0
2023-07-21 05:00:00,27.8,office,0,2.99,1.04,0,6.809,0
2023-07-21 06:00:00,31.7,office,0,4.98,1.25,0,7.638,0
2023-07-21 07:00:00,29.8,office,19,4.72,1.33,0,7.529,0
2023-07-21 08:00:00,33.8,office,69,7.5,5.67,1,15.914,0
2023-07-21 09:00:00,35.1,office,48,7.65,4.9,1,15.11,0
2023-07-21 10:00:00,32.6,office,78,7.15,6.21,1,16.33,0
2023-07-21 11:00:00,36.6,office,77,8.91,5.03,0,16.171,0
2023-07-21 12:00:00,36.5,office,80,8.98,5.06,0,16.35,0
2023-07-21 13:00:00,36.6,office,58,8.73,3.65,0,13.736,0
2023-07-21 14:00:00,39.9,office,44,9.95,3.35,0,15.043,0
2023-07-21 15:00:00,36.8,office,64,9.02,4.34,0,14.816,0
2023-07-21 16:00:00,36.0,office,45,8.15,3.27,0,13.342,0
2023-07-21 17:00:00,36.6,office,49,8.67,4.69,1,17.003,0
2023-07-21 18:00:00,36.4,office,20,8.07,2.78,1,13.185,0
2023-07-21 19:00:00,34.0,office,11,6.28,1.91,1,11.195,0
2023-07-21 20:00:00,34.7,office,0,6.52,1.93,1,12.528,0
2023-07-21 21:00:00,32.4,office,0,5.36,0.54,0,7.847,0
2023-07-21 22:00:00,27.2,office,0,2.68,0.7,0,5.124,0
2023-07-21 23:00:00,28.6,office,0,3.71,0.22,0,6.365,0
2023-07-22 00:00:00,27.7,office,0,3.23,0.7,0,6.073,0
2023-07-22 01:00:00,28.8,office,0,3.64,1.25,0,7.165,0
2023-07-22 02:00:00,24.0,office,0,1.27,0.91,0,4.315,0
2023-07-22 03:00:00,31.9,office,0,4.98,0.21,0,7.55,0
2023-07-22 04:00:00,29.4,office,0,3.98,0.81,0,7.272,0
2023-07-22 05:00:00,29.6,office,0,4.2,0.58,0,6.86,0
2023-07-22 06:00:00,32.2,office,0,11.48,1.78,0,29.985,1
2023-07-22 07:00:00,35.1,office,0,6.68,0.73,0,9.096,0
2023-07-22 08:00:00,34.2,office,0,6.43,2.41,1,11.249,0
2023-07-22 09:00:00,35.6,office,0,6.98,1.25,1,10.909,0
2023-07-22 10:00:00,35.6,office,0,7.07,2.09,1,12.177,0
2023-07-22 11:00:00,36.2,office,0,7.34,1.31,0,10.61,0
2023-07-22 12:00:00,36.5,office,0,7.44,1.45,0,11.388,0
2023-07-22 13:00:00,36.5,office,0,7.61,0.43,0,10.433,0
2023-07-22 14:00:00,36.9,office,0,7.89,0.89,0,10.067,0
2023-07-22 15:00:00,35.7,office,0,6.85,0.26,0,10.426,0
2023-07-22 16:00:00,37.1,office,0,8.02,0.85,0,10.807,0
2023-07-22 17:00:00,33.9,office,0,6.21,1.36,1,10.192,0
2023-07-22 18:00:00,35.7,office,0,7.2,2.29,1,11.814,0
2023-07-22 19:00:00,34.1,office,0,6.48,1.35,1,10.287,0
2023-07-22 20:00:00,33.1,office,0,11.16,4.34,1,37.063,1
2023-07-22 21:00:00,30.8,office,0,4.82,0.88,0,7.601,0
2023-07-22 22:00:00,35.0,office,0,6.59,1.46,0,9.849,0
2023-07-22 23:00:00,31.4,office,0,4.78,1.05,0,7.051,0
2023-07-23 00:00:00,26.7,office,0,2.68,0.57,0,5.998,0
2023-07-23 01:00:00,28.4,office,0,3.64,0.51,0,6.375,0
2023-07-23 02:00:00,26.9,office,0,2.9,0.37,0,6.067,0
2023-07-23 03:00:00,26.5,office,0,2.57,1.18,0,5.732,0
2023-07-23 04:00:00,26.5,office,0,2.51,1.1,0,6.545,0
2023-07-23 05:00:00,30.0,office,0,4.17,0.99,0,7.373,0
2023-07-23 06:00:00,29.3,office,0,4.14,0.25,0,6.516,0
2023-07-23 07:00:00,33.0,office,0,5.66,1.19,0,9.321,0
2023-07-23 08:00:00,34.3,office,0,6.52,2.03,1,11.127,0
2023-07-23 09:00:00,36.2,office,0,7.37,2.45,1,12.098,0
2023-07-23 10:00:00,34.1,office,0,6.35,1.96,1,10.497,0
2023-07-23 11:00:00,37.1,office,0,7.75,0.6,0,9.921,0
2023-07-23 12:00:00,38.1,office,0,8.53,0.7,0,11.603,0
2023-07-23 13:00:00,37.0,office,0,7.79,0.43,0,10.293,0
2023-07-23 14:00:00,36.7,office,0,7.82,1.14,0,10.492,0
2023-07-23 15:00:00,40.1,office,0,9.05,1.12,0,12.771,0
2023-07-23 16:00:00,37.5,office,0,8.04,0.46,0,10.716,0
2023-07-23 17:00:00,37.3,office,0,8.01,1.41,1,12.483,0
2023-07-23 18:00:00,34.1,office,0,6.42,1.3,1,10.367,0
2023-07-23 19:00:00,32.3,office,0,5.6,2.39,1,10.868,0
2023-07-23 20:00:00,32.0,office,0,5.0,1.5,1,8.907,0
2023-07-23 21:00:00,31.4,office,0,4.7,0.65,0,7.017,0
2023-07-23 22:00:00,28.8,office,0,3.64,0.56,0,5.976,0
2023-07-23 23:00:00,29.3,office,0,3.66,0.74,0,7.2,0
2023-07-24 00:00:00,26.0,office,0,2.49,1.13,0,6.1,0
2023-07-24 01:00:00,26.3,office,0,2.26,1.33,0,6.055,0
2023-07-24 02:00:00,28.8,office,0,3.64,0.44,0,6.26,0
2023-07-24 03:00:00,28.9,office,0,3.48,1.09,0,7.747,0
2023-07-24 04:00:00,27.9,office,0,3.21,0.66,0,6.077,0
2023-07-24 05:00:00,27.8,office,0,3.09,1.47,0,7.304,0
2023-07-24 06:00:00,28.8,office,0,3.42,0.59,0,7.357,0
2023-07-24 07:00:00,31.0,office,16,4.99,1.01,0,7.779,0
2023-07-24 08:00:00,33.8,office,73,7.56,5.52,1,16.652,0
2023-07-24 09:00:00,35.5,office,66,22.0,10.6,1,69.625,1
2023-07-24 10:00:00,34.6,office,58,7.56,4.16,1,14.243,0
2023-07-24 11:00:00,34.6,office,59,7.75,4.06,0,14.665,0
2023-07-24 12:00:00,37.6,office,79,9.87,5.1,0,15.946,0
2023-07-24 13:00:00,36.4,office,48,8.56,3.2,0,13.873,0
2023-07-24 14:00:00,37.0,office,79,9.58,5.03,0,16.287,0
2023-07-24 15:00:00,39.6,office,54,10.36,3.6,0,15.773,0
2023-07-24 16:00:00,38.4,office,62,9.68,4.12,0,16.108,0
2023-07-24 17:00:00,36.6,office,63,8.91,5.13,1,15.743,0
2023-07-24 18:00:00,33.4,office,18,6.12,2.97,1,10.866,0
2023-07-24 19:00:00,34.4,office,10,6.62,1.96,1,11.207,0
2023-07-24 20:00:00,34.4,office,0,6.6,1.55,1,10.833,0
2023-07-24 21:00:00,31.0,office,0,4.75,0.77,0,7.784,0
2023-07-24 22:00:00,32.3,office,0,5.5,0.78,0,8.408,0
2023-07-24 23:00:00,31.2,office,0,4.97,1.21,0,8.517,0
2023-07-25 00:00:00,30.9,office,0,4.58,0.68,0,7.031,0
2023-07-25 01:00:00,28.4,office,0,3.64,0.41,0,6.205,0
2023-07-25 02:00:00,28.7,office,0,3.58,0.53,0,5.681,0
2023-07-25 03:00:00,30.1,office,0,4.16,0.48,0,6.065,0
2023-07-25 04:00:00,29.1,office,0,3.98,1.15,0,8.008,0
2023-07-25 05:00:00,28.5,office,0,3.46,0.81,0,6.072,0
2023-07-25 06:00:00,29.6,office,0,4.18,1.12,0,8.297,0
2023-07-25 07:00:00,31.8,office,11,5.39,1.29,0,8.961,0
2023-07-25 08:00:00,30.8,office,68,5.95,5.76,1,14.431,0
2023-07-25 09:00:00,33.9,office,38,7.11,4.38,1,14.184,0
2023-07-25 10:00:00,36.9,office,46,8.66,4.37,1,15.894,0
2023-07-25 11:00:00,33.0,office,33,6.36,2.97,0,11.655,0
2023-07-25 12:00:00,39.4,office,71,10.17,4.41,0,16.774,0
2023-07-25 13:00:00,39.3,office,60,10.3,4.42,0,17.579,0
2023-07-25 14:00:00,37.1,office,53,8.63,3.93,0,14.799,0
2023-07-25 15:00:00,38.4,office,65,9.93,4.74,0,16.832,0
2023-07-25 16:00:00,37.1,office,36,8.45,2.81,0,13.56,0
2023-07-25 17:00:00,38.2,office,75,9.92,5.96,1,18.648,0
2023-07-25 18:00:00,36.8,office,8,8.02,2.31,1,13.533,0
2023-07-25 19:00:00,32.0,office,14,5.36,2.24,1,9.675,0
2023-07-25 20:00:00,33.7,office,0,6.13,1.66,1,10.63,0
2023-07-25 21:00:00,31.2,office,0,4.98,1.36,0,9.419,0
2023-07-25 22:00:00,30.4,office,0,4.58,0.27,0,7.693,0
2023-07-25 23:00:00,28.2,office,0,3.36,0.97,0,5.977,0
2023-07-26 00:00:00,31.0,office,0,4.81,0.68,0,8.192,0
2023-07-26 01:00:00,29.5,office,0,4.13,0.7,0,6.248,0
2023-07-26 02:00:00,26.6,office,0,2.72,1.35,0,6.697,0
2023-07-26 03:00:00,25.9,office,0,2.33,1.31,0,5.852,0
2023-07-26 04:00:00,27.8,office,0,3.08,0.98,0,6.972,0
2023-07-26 05:00:00,29.8,office,0,4.4,0.55,0,8.016,0
2023-07-26 06:00:00,30.6,office,0,4.52,0.82,0,7.528,0
2023-07-26 07:00:00,33.3,office,7,5.8,1.08,0,8.622,0
2023-07-26 08:00:00,33.9,office,78,7.69,5.56,1,15.528,0
2023-07-26 09:00:00,35.5,office,40,7.61,3.33,1,13.881,0
2023-07-26 10:00:00,35.7,office,47,7.85,4.26,1,15.097,0
2023-07-26 11:00:00,34.2,office,58,7.4,3.49,0,12.499,0
2023-07-26 12:00:00,36.8,office,62,8.67,4.16,0,14.46,0
2023-07-26 13:00:00,39.2,office,39,9.72,2.56,0,14.981,0
2023-07-26 14:00:00,37.7,office,57,9.03,3.61,0,14.02,0
2023-07-26 15:00:00,38.3,office,35,8.95,2.02,0,13.428,0
2023-07-26 16:00:00,36.6,office,44,18.49,8.4,0,54.17,1
2023-07-26 17:00:00,34.7,office,58,7.54,4.76,1,14.545,0
2023-07-26 18:00:00,35.0,office,16,6.95,2.03,1,10.655,0
2023-07-26 19:00:00,34.5,office,5,6.64,2.15,1,11.284,0
2023-07-26 20:00:00,31.7,office,0,5.33,2.33,1,10.568,0
2023-07-26 21:00:00,31.1,office,0,4.99,1.2,0,7.945,0
2023-07-26 22:00:00,28.8,office,0,3.84,1.11,0,6.626,0
2023-07-26 23:00:00,30.9,office,0,4.54,0.38,0,6.899,0
2023-07-27 00:00:00,27.9,office,0,3.08,1.06,0,6.522,0
2023-07-27 01:00:00,30.0,office,0,4.04,1.2,0,6.912,0
2023-07-27 02:00:00,30.0,office,0,4.39,0.94,0,7.494,0
2023-07-27 03:00:00,27.7,office,0,2.88,1.36,0,7.153,0
2023-07-27 04:00:00,26.8,office,0,2.68,0.56,0,5.64,0
2023-07-27 05:00:00,26.0,office,0,2.12,0.51,0,5.594,0
2023-07-27 06:00:00,28.0,office,0,3.12,1.33,0,7.041,0
2023-07-27 07:00:00,29.3,office,18,4.51,1.91,0,8.157,0
2023-07-27 08:00:00,34.7,office,33,7.39,2.85,1,12.73,0
2023-07-27 09:00:00,34.1,office,55,7.57,4.41,1,14.777,0
2023-07-27 10:00:00,35.8,office,62,8.43,5.42,1,16.684,0
2023-07-27 11:00:00,32.9,office,53,6.95,2.89,0,12.281,0
2023-07-27 12:00:00,35.2,office,45,7.82,2.45,0,12.517,0
2023-07-27 13:00:00,38.8,office,54,9.95,3.27,0,15.037,0
2023-07-27 14:00:00,38.1,office,35,8.89,3.14,0,14.69,0
2023-07-27 15:00:00,37.3,office,53,9.01,4.02,0,14.719,0
2023-07-27 16:00:00,37.9,office,44,9.18,3.07,0,14.707,0
2023-07-27 17:00:00,38.7,office,31,9.17,3.47,1,15.281,0
2023-07-27 18:00:00,34.8,office,15,7.14,2.38,1,12.426,0
2023-07-27 19:00:00,34.1,office,8,6.7,1.92,1,11.468,0
2023-07-27 20:00:00,33.0,office,0,5.75,2.26,1,10.919,0
2023-07-27 21:00:00,35.0,office,0,6.7,0.34,0,9.079,0
2023-07-27 22:00:00,27.0,office,0,2.74,0.83,0,5.951,0
2023-07-27 23:00:00,30.2,office,0,4.53,1.02,0,7.144,0
2023-07-28 00:00:00,28.1,office,0,3.37,0.33,0,5.438,0
2023-07-28 01:00:00,28.6,office,0,3.32,0.88,0,6.613,0
2023-07-28 02:00:00,26.6,office,0,2.57,0.95,0,4.692,0
2023-07-28 03:00:00,27.7,office,0,2.86,1.17,0,6.482,0
2023-07-28 04:00:00,29.4,office,0,4.09,0.51,0,7.027,0
2023-07-28 05:00:00,33.8,office,0,6.06,0.58,0,9.191,0
2023-07-28 06:00:00,31.3,office,0,4.89,0.94,0,6.966,0
2023-07-28 07:00:00,30.1,office,15,4.75,2.23,0,8.165,0
2023-07-28 08:00:00,32.0,office,80,6.62,5.48,1,15.547,0
2023-07-28 09:00:00,33.2,office,39,6.46,4.43,1,12.698,0
2023-07-28 10:00:00,32.4,office,38,6.16,4.03,1,12.153,0
2023-07-28 11:00:00,35.7,office,32,7.6,2.87,0,12.65,0
2023-07-28 12:00:00,38.1,office,48,9.18,2.72,0,14.62,0
2023-07-28 13:00:00,35.5,office,60,8.45,3.59,0,14.511,0
2023-07-28 14:00:00,39.2,office,74,10.49,3.98,0,16.518,0
2023-07-28 15:00:00,38.2,office,38,9.3,2.58,0,14.361,0
2023-07-28 16:00:00,35.9,office,78,8.98,5.38,0,16.757,0
2023-07-28 17:00:00,35.9,office,75,8.62,5.09,1,17.553,0
2023-07-28 18:00:00,37.5,office,20,8.3,2.93,1,13.434,0
2023-07-28 19:00:00,35.0,office,19,7.0,2.16,1,12.99,0
2023-07-28 20:00:00,32.6,office,0,5.72,2.13,1,10.242,0
2023-07-28 21:00:00,31.0,office,0,4.84,0.46,0,7.157,0
2023-07-28 22:00:00,30.2,office,0,4.22,0.37,0,7.064,0
2023-07-28 23:00:00,28.3,office,0,3.34,0.64,0,6.496,0
2023-07-29 00:00:00,25.1,office,0,1.8,1.2,0,5.201,0
2023-07-29 01:00:00,30.8,office,0,4.66,0.34,0,8.019,0
2023-07-29 02:00:00,27.8,office,0,3.34,0.5,0,6.167,0
2023-07-29 03:00:00,28.3,office,0,3.34,0.21,0,5.778,0
2023-07-29 04:00:00,28.1,office,0,3.5,1.46,0,7.459,0
2023-07-29 05:00:00,27.9,office,0,3.17,0.97,0,6.048,0
2023-07-29 06:00:00,29.8,office,0,4.27,1.14,0,7.833,0
2023-07-29 07:00:00,28.9,office,0,3.92,1.05,0,5.903,0
2023-07-29 08:00:00,36.0,office,0,7.45,1.39,1,11.762,0
2023-07-29 09:00:00,32.0,office,0,5.03,1.97,1,9.886,0
2023-07-29 10:00:00,33.5,office,0,5.85,1.37,1,10.133,0
2023-07-29 11:00:00,35.4,office,0,6.94,0.72,0,10.739,0
2023-07-29 12:00:00,38.8,office,0,8.62,0.94,0,11.587,0
2023-07-29 13:00:00,37.4,office,0,8.02,0.93,0,11.578,0
2023-07-29 14:00:00,35.7,office,0,7.32,0.35,0,9.707,0
2023-07-29 15:00:00,39.3,office,0,8.71,0.24,0,12.096,0
2023-07-29 16:00:00,38.0,office,0,8.23,1.24,0,11.97,0
2023-07-29 17:00:00,36.9,office,0,7.55,2.14,1,11.852,0
2023-07-29 18:00:00,36.1,office,0,7.5,1.31,1,12.261,0
2023-07-29 19:00:00,37.5,office,0,8.23,1.37,1,13.424,0
2023-07-29 20:00:00,35.8,office,0,7.14,2.36,1,12.307,0
2023-07-29 21:00:00,30.2,office,0,4.15,1.2,0,7.188,0
2023-07-29 22:00:00,32.5,office,0,5.64,1.5,0,8.939,0
2023-07-29 23:00:00,29.6,office,0,4.15,0.53,0,7.374,0
2023-07-30 00:00:00,28.9,office,0,3.63,0.83,0,6.669,0
2023-07-30 01:00:00,25.1,office,0,1.99,0.51,0,5.854,0
2023-07-30 02:00:00,27.2,office,0,3.09,1.01,0,5.906,0
2023-07-30 03:00:00,26.5,office,0,2.53,0.35,0,5.835,0
2023-07-30 04:00:00,29.4,office,0,3.98,0.37,0,7.101,0
2023-07-30 05:00:00,30.6,office,0,4.45,0.29,0,5.908,0
2023-07-30 06:00:00,26.9,office,0,2.74,1.1,0,6.081,0
2023-07-30 07:00:00,31.2,office,0,4.82,0.84,0,8.012,0
2023-07-30 08:00:00,34.2,office,0,6.25,2.0,1,12.404,0
2023-07-30 09:00:00,33.5,office,0,5.78,2.34,1,11.08,0
2023-07-30 10:00:00,36.1,office,0,7.18,2.16,1,11.611,0
2023-07-30 11:00:00,36.6,office,0,7.4,0.8,0,10.092,0
2023-07-30 12:00:00,37.3,office,0,18.43,2.53,0,37.087,1
2023-07-30 13:00:00,36.9,office,0,7.75,0.79,0,10.186,0
2023-07-30 14:00:00,35.7,office,0,7.15,0.35,0,9.257,0
2023-07-30 15:00:00,35.7,office,0,7.04,1.49,0,11.771,0
2023-07-30 16:00:00,37.9,office,0,8.16,0.23,0,10.669,0
2023-07-30 17:00:00,36.1,office,0,7.47,1.91,1,12.426,0
2023-07-30 18:00:00,34.8,office,0,6.64,1.6,1,10.29,0
2023-07-30 19:00:00,33.2,office,0,6.09,1.85,1,10.035,0
2023-07-30 20:00:00,32.0,office,0,5.22,1.93,1,9.962,0
2023-07-30 21:00:00,32.8,office,0,5.72,0.51,0,8.0,0
2023-07-30 22:00:00,29.5,office,0,3.78,0.92,0,6.861,0
2023-07-30 23:00:00,27.0,office,0,2.83,1.18,0,7.324,0
2023-07-31 00:00:00,29.2,office,0,4.03,0.55,0,7.374,0
2023-07-31 01:00:00,27.3,office,0,3.12,0.7,0,6.351,0
2023-07-31 02:00:00,27.5,office,0,3.25,0.55,0,5.591,0
2023-07-31 03:00:00,30.0,office,0,4.14,1.27,0,7.735,0
2023-07-31 04:00:00,28.1,office,0,3.34,1.14,0,7.422,0
2023-07-31 05:00:00,29.3,office,0,3.88,1.33,0,7.679,0
2023-07-31 06:00:00,28.2,office,0,3.38,0.42,0,6.739,0
2023-07-31 07:00:00,30.8,office,5,4.58,0.55,0,6.83,0
2023-07-31 08:00:00,33.3,office,35,6.78,3.11,1,13.214,0
2023-07-31 09:00:00,31.4,office,31,5.77,2.96,1,10.889,0
2023-07-31 10:00:00,35.2,office,46,7.74,4.19,1,14.627,0
2023-07-31 11:00:00,36.1,office,43,8.05,3.61,0,14.331,0
2023-07-31 12:00:00,36.8,office,39,8.25,2.61,0,12.826,0
2023-07-31 13:00:00,38.8,office,65,10.04,4.7,0,16.628,0
2023-07-31 14:00:00,37.9,office,76,9.63,4.05,0,15.865,0
2023-07-31 15:00:00,39.5,office,68,10.56,4.8,0,18.12,0
2023-07-31 16:00:00,35.3,office,63,8.25,3.59,0,14.194,0
2023-07-31 17:00:00,36.2,office,57,8.56,5.24,1,17.037,0
2023-07-31 18:00:00,35.1,office,8,6.99,1.67,1,11.71,0
2023-07-31 19:00:00,32.1,office,14,5.35,3.13,1,11.412,0
2023-07-31 20:00:00,33.9,office,0,6.42,1.46,1,9.979,0
2023-07-31 21:00:00,34.6,office,0,6.61,0.59,0,8.964,0
2023-07-31 22:00:00,29.9,office,0,4.45,0.84,0,7.443,0
2023-07-31 23:00:00,29.7,office,0,4.12,0.69,0,7.174,0
2023-08-01 00:00:00,28.2,office,0,3.46,1.07,0,7.432,0
2023-08-01 01:00:00,26.5,office,0,2.28,1.47,0,5.517,0
2023-08-01 02:00:00,24.6,office,0,1.62,0.99,0,4.4,0
2023-08-01 03:00:00,26.5,office,0,2.63,1.14,0,5.996,0
2023-08-01 04:00:00,25.9,office,0,2.34,0.31,0,4.549,0
2023-08-01 05:00:00,31.4,office,0,5.09,1.02,0,8.665,0
2023-08-01 06:00:00,29.7,office,0,3.96,0.79,0,6.919,0
2023-08-01 07:00:00,30.5,office,12,4.98,1.95,0,9.266,0
2023-08-01 08:00:00,33.7,office,49,7.33,4.15,1,13.638,0
2023-08-01 09:00:00,32.0,office,37,5.78,3.93,1,13.539,0
2023-08-01 10:00:00,33.7,office,33,6.98,3.15,1,12.061,0
2023-08-01 11:00:00,36.0,office,45,8.04,2.79,0,12.608,0
2023-08-01 12:00:00,38.2,office,56,9.56,3.49,0,15.493,0
2023-08-01 13:00:00,37.9,office,70,9.52,4.1,0,15.019,0
2023-08-01 14:00:00,37.7,office,80,9.93,4.53,0,15.885,0
2023-08-01 15:00:00,37.3,office,69,9.08,3.71,0,13.972,0
2023-08-01 16:00:00,37.3,office,59,9.08,4.24,0,15.619,0
2023-08-01 17:00:00,36.2,office,34,7.99,2.98,1,14.385,0
2023-08-01 18:00:00,33.3,office,8,5.97,2.75,1,11.229,0
2023-08-01 19:00:00,33.7,office,20,6.57,2.36,1,11.572,0
2023-08-01 20:00:00,30.8,office,0,4.47,1.28,1,7.985,0
2023-08-01 21:00:00,31.2,office,0,4.96,0.93,0,7.002,0
2023-08-01 22:00:00,29.1,office,0,4.04,0.85,0,6.136,0
2023-08-01 23:00:00,32.6,office,0,9.21,1.87,0,31.511,1
2023-08-02 00:00:00,27.9,office,0,3.38,0.95,0,5.581,0
2023-08-02 01:00:00,25.3,office,0,1.83,0.57,0,5.358,0
2023-08-02 02:00:00,27.1,office,0,2.71,1.06,0,5.306,0
2023-08-02 03:00:00,28.2,office,0,3.36,0.85,0,6.443,0
2023-08-02 04:00:00,30.5,office,0,4.27,0.64,0,7.947,0
2023-08-02 05:00:00,27.9,office,0,3.42,1.27,0,6.541,0
2023-08-02 06:00:00,27.4,office,0,2.77,1.15,0,6.381,0
2023-08-02 07:00:00,32.2,office,5,10.87,1.72,0,33.533,1
2023-08-02 08:00:00,30.2,office,70,5.54,5.8,1,13.521,0
2023-08-02 09:00:00,32.9,office,62,7.1,5.5,1,15.372,0
2023-08-02 10:00:00,34.4,office,66,7.6,5.2,1,15.927,0
2023-08-02 11:00:00,35.7,office,45,7.77,2.73,0,12.045,0
2023-08-02 12:00:00,37.6,office,75,9.66,5.14,0,16.559,0
2023-08-02 13:00:00,36.1,office,39,7.97,2.4,0,13.389,0
2023-08-02 14:00:00,36.9,office,48,8.77,2.66,0,13.797,0
2023-08-02 15:00:00,37.1,office,57,15.94,5.77,0,69.449,1
2023-08-02 16:00:00,36.8,office,30,8.05,2.65,0,13.704,0
2023-08-02 17:00:00,36.0,office,69,8.85,5.85,1,17.632,0
2023-08-02 18:00:00,35.4,office,16,7.25,2.83,1,12.065,0
2023-08-02 19:00:00,34.8,office,12,7.01,3.04,1,13.366,0
2023-08-02 20:00:00,32.9,office,0,5.7,1.32,1,9.581,0
2023-08-02 21:00:00,31.7,office,0,5.15,0.28,0,7.377,0
2023-08-02 22:00:00,27.4,office,0,2.85,0.99,0,5.492,0
2023-08-02 23:00:00,28.8,office,0,3.5,1.46,0,7.206,0
2023-08-03 00:00:00,28.6,office,0,3.57,0.85,0,5.935,0
2023-08-03 01:00:00,28.5,office,0,3.47,0.27,0,6.135,0
2023-08-03 02:00:00,26.2,office,0,2.3,0.49,0,5.384,0
2023-08-03 03:00:00,26.4,office,0,2.54,0.52,0,4.728,0
2023-08-03 04:00:00,27.0,office,0,2.85,0.64,0,5.578,0
2023-08-03 05:00:00,29.5,office,0,3.77,0.26,0,6.21,0
2023-08-03 06:00:00,31.3,office,0,4.82,1.38,0,9.394,0
2023-08-03 07:00:00,30.3,office,18,4.72,1.77,0,9.079,0
2023-08-03 08:00:00,33.6,office,41,6.67,4.12,1,12.891,0
2023-08-03 09:00:00,33.7,office,72,7.41,4.89,1,15.558,0
2023-08-03 10:00:00,34.5,office,72,7.72,4.87,1,15.052,0
2023-08-03 11:00:00,35.4,office,35,7.9,2.71,0,11.958,0
2023-08-03 12:00:00,37.7,office,63,9.48,4.5,0,16.989,0
2023-08-03 13:00:00,37.5,office,53,8.85,3.54,0,14.638,0
2023-08-03 14:00:00,40.6,office,34,9.99,3.04,0,14.593,0
2023-08-03 15:00:00,35.8,office,63,8.52,4.4,0,15.561,0
2023-08-03 16:00:00,37.3,office,64,9.15,3.5,0,15.616,0
2023-08-03 17:00:00,34.9,office,62,8.08,4.56,1,14.763,0
2023-08-03 18:00:00,33.4,office,5,6.26,2.31,1,11.317,0
2023-08-03 19:00:00,33.5,office,17,6.39,2.63,1,12.454,0
2023-08-03 20:00:00,32.4,office,0,5.29,1.58,1,8.242,0
2023-08-03 21:00:00,35.3,office,0,7.04,0.74,0,10.533,0
2023-08-03 22:00:00,29.4,office,0,4.18,0.78,0,7.842,0
2023-08-03 23:00:00,27.0,office,0,2.79,1.38,0,5.577,0
2023-08-04 00:00:00,28.2,office,0,3.44,0.33,0,6.277,0
2023-08-04 01:00:00,24.2,office,0,1.27,0.56,0,3.107,0
2023-08-04 02:00:00,27.0,office,0,2.69,0.9,0,5.067,0
2023-08-04 03:00:00,27.3,office,0,3.02,1.11,0,6.757,0
2023-08-04 04:00:00,29.0,office,0,9.04,1.84,0,23.719,1
2023-08-04 05:00:00,30.0,office,0,4.31,1.42,0,7.956,0
2023-08-04 06:00:00,28.9,office,0,3.84,1.23,0,6.176,0
2023-08-04 07:00:00,30.6,office,20,4.79,1.92,0,9.549,0
2023-08-04 08:00:00,31.0,office,32,5.25,3.08,1,11.455,0
2023-08-04 09:00:00,31.7,office,70,6.52,5.29,1,14.809,0
2023-08-04 10:00:00,35.1,office,54,20.57,9.26,1,68.267,1
2023-08-04 11:00:00,33.7,office,53,7.23,3.94,0,12.952,0
2023-08-04 12:00:00,35.8,office,46,7.97,3.75,0,13.99,0
2023-08-04 13:00:00,35.5,office,77,8.69,4.84,0,15.77,0
2023-08-04 14:00:00,37.9,office,31,8.97,2.43,0,13.342,0
2023-08-04 15:00:00,39.7,office,52,10.12,2.82,0,14.832,0
2023-08-04 16:00:00,34.5,office,80,7.94,4.29,0,14.059,0
2023-08-04 17:00:00,32.9,office,34,6.45,3.1,1,12.711,0
2023-08-04 18:00:00,34.4,office,16,7.02,2.07,1,11.892,0
2023-08-04 19:00:00,33.4,office,12,6.25,2.32,1,11.362,0
2023-08-04 20:00:00,32.4,office,0,5.22,1.64,1,9.502,0
2023-08-04 21:00:00,30.2,office,0,4.11,1.03,0,7.018,0
2023-08-04 22:00:00,29.3,office,0,3.81,0.9,0,7.587,0
2023-08-04 23:00:00,29.1,office,0,3.65,0.97,0,7.423,0
2023-08-05 00:00:00,29.3,office,0,4.06,0.81,0,7.247,0
2023-08-05 01:00:00,24.3,office,0,1.57,0.56,0,5.23,0
2023-08-05 02:00:00,26.5,office,0,4.52,3.3,0,27.92,1
2023-08-05 03:00:00,27.5,office,0,2.91,0.31,0,5.378,0
2023-08-05 04:00:00,26.3,office,0,2.27,1.42,0,5.839,0
2023-08-05 05:00:00,31.1,office,0,5.0,0.6,0,8.334,0
2023-08-05 06:00:00,28.6,office,0,3.55,0.87,0,6.643,0
2023-08-05 07:00:00,30.7,office,0,4.68,0.34,0,7.284,0
2023-08-05 08:00:00,32.9,office,0,5.66,1.29,1,10.231,0
2023-08-05 09:00:00,32.4,office,0,5.52,1.76,1,10.376,0
2023-08-05 10:00:00,31.8,office,0,5.09,2.16,1,9.805,0
2023-08-05 11:00:00,34.9,office,0,6.62,0.55,0,9.988,0
2023-08-05 12:00:00,37.9,office,0,8.27,0.93,0,10.604,0
2023-08-05 13:00:00,36.4,office,0,7.5,0.56,0,10.075,0
2023-08-05 14:00:00,35.8,office,0,7.05,0.71,0,9.721,0
2023-08-05 15:00:00,38.2,office,0,8.17,1.38,0,12.142,0
2023-08-05 16:00:00,35.9,office,0,7.13,1.31,0,11.002,0
2023-08-05 17:00:00,34.8,office,0,6.61,1.87,1,10.335,0
2023-08-05 18:00:00,34.8,office,0,6.71,1.51,1,10.301,0
2023-08-05 19:00:00,34.5,office,0,6.71,1.45,1,10.897,0
2023-08-05 20:00:00,35.6,office,0,18.33,5.07,1,59.57,1
2023-08-05 21:00:00,32.0,office,0,5.12,0.46,0,7.875,0
2023-08-05 22:00:00,31.3,office,0,4.75,1.25,0,8.134,0
2023-08-05 23:00:00,27.7,office,0,3.1,0.68,0,4.681,0
2023-08-06 00:00:00,26.1,office,0,3.78,3.03,0,22.66,1
2023-08-06 01:00:00,27.2,office,0,2.96,0.68,0,6.11,0
2023-08-06 02:00:00,27.1,office,0,2.67,0.66,0,5.736,0
2023-08-06 03:00:00,25.5,office,0,2.05,1.03,0,6.161,0
2023-08-06 04:00:00,27.3,office,0,3.09,1.45,0,6.338,0
2023-08-06 05:00:00,29.0,office,0,3.96,1.47,0,6.68,0
2023-08-06 06:00:00,30.0,office,0,4.48,1.12,0,8.019,0
2023-08-06 07:00:00,31.4,office,0,5.09,1.18,0,9.092,0
2023-08-06 08:00:00,32.4,office,0,9.17,3.33,1,35.949,1
2023-08-06 09:00:00,32.5,office,0,5.37,2.18,1,10.704,0
2023-08-06 10:00:00,33.7,office,0,5.95,2.32,1,10.323,0
2023-08-06 11:00:00,33.7,office,0,5.85,0.83,0,8.023,0
2023-08-06 12:00:00,38.9,office,0,8.8,1.01,0,12.525,0
2023-08-06 13:00:00,36.8,office,0,7.87,0.9,0,12.001,0
2023-08-06 14:00:00,36.6,office,0,7.39,0.93,0,10.846,0
2023-08-06 15:00:00,35.4,office,0,7.02,1.36,0,11.177,0
2023-08-06 16:00:00,40.7,office,0,9.72,0.66,0,11.961,0
2023-08-06 17:00:00,33.9,office,0,6.41,1.47,1,11.593,0
2023-08-06 18:00:00,33.8,office,0,6.22,1.79,1,10.578,0
2023-08-06 19:00:00,33.9,office,0,6.44,1.47,1,9.955,0
2023-08-06 20:00:00,32.8,office,0,5.57,1.85,1,10.492,0
2023-08-06 21:00:00,32.1,office,0,5.22,1.37,0,8.579,0
2023-08-06 22:00:00,32.1,office,0,5.32,1.0,0,8.785,0
2023-08-06 23:00:00,29.2,office,0,3.79,1.31,0,7.296,0
2023-08-07 00:00:00,25.9,office,0,1.95,0.42,0,4.184,0
2023-08-07 01:00:00,26.6,office,0,2.67,1.37,0,6.184,0
2023-08-07 02:00:00,27.3,office,0,3.03,0.98,0,6.052,0
2023-08-07 03:00:00,30.1,office,0,4.42,0.24,0,7.352,0
2023-08-07 04:00:00,25.4,office,0,1.87,1.02,0,4.919,0
2023-08-07 05:00:00,30.1,office,0,4.31,1.44,0,7.788,0
2023-08-07 06:00:00,29.6,office,0,3.98,0.3,0,6.26,0
2023-08-07 07:00:00,31.8,office,8,5.07,1.36,0,8.981,0
2023-08-07 08:00:00,31.7,office,79,6.71,6.34,1,16.337,0
2023-08-07 09:00:00,31.9,office,67,6.35,4.56,1,14.14,0
2023-08-07 10:00:00,35.5,office,77,8.33,5.87,1,16.261,0
2023-08-07 11:00:00,36.4,office,78,9.14,4.72,0,15.856,0
2023-08-07 12:00:00,37.6,office,51,8.82,3.2,0,14.345,0
2023-08-07 13:00:00,36.6,office,38,8.54,2.92,0,14.392,0
2023-08-07 14:00:00,35.9,office,32,7.85,1.87,0,11.547,0
2023-08-07 15:00:00,34.3,office,52,7.68,3.78,0,14.076,0
2023-08-07 16:00:00,37.4,office,64,9.01,3.41,0,15.322,0
2023-08-07 17:00:00,36.0,office,51,8.31,4.15,1,14.495,0
2023-08-07 18:00:00,32.9,office,10,5.82,2.36,1,11.032,0
2023-08-07 19:00:00,32.3,office,19,5.95,2.64,1,11.508,0
2023-08-07 20:00:00,31.1,office,0,4.73,1.6,1,9.354,0
2023-08-07 21:00:00,28.3,office,0,3.28,1.28,0,6.153,0
2023-08-07 22:00:00,28.1,office,0,3.48,1.42,0,6.534,0
2023-08-07 23:00:00,26.6,office,0,2.49,1.34,0,5.342,0
2023-08-08 00:00:00,26.8,office,0,2.41,0.88,0,5.81,0
2023-08-08 01:00:00,25.8,office,0,2.1,1.35,0,6.083,0
2023-08-08 02:00:00,24.3,office,0,1.48,1.4,0,4.993,0
2023-08-08 03:00:00,29.9,office,0,4.08,0.73,0,7.367,0
2023-08-08 04:00:00,29.3,office,0,3.87,0.57,0,6.278,0
2023-08-08 05:00:00,27.0,office,0,2.53,0.33,0,5.63,0
2023-08-08 06:00:00,29.6,office,0,4.09,0.82,0,6.644,0
2023-08-08 07:00:00,31.1,office,20,5.33,2.43,0,9.75,0
2023-08-08 08:00:00,33.5,office,70,7.36,5.43,1,16.134,0
2023-08-08 09:00:00,31.8,office,41,5.93,4.12,1,13.528,0
2023-08-08 10:00:00,35.9,office,38,7.75,3.25,1,13.677,0
2023-08-08 11:00:00,34.5,office,34,7.03,2.09,0,10.957,0
2023-08-08 12:00:00,34.1,office,75,7.63,4.55,0,14.773,0
2023-08-08 13:00:00,37.7,office,79,9.67,5.39,0,17.221,0
2023-08-08 14:00:00,38.7,office,59,9.79,3.62,0,15.956,0
2023-08-08 15:00:00,40.4,office,32,10.31,2.94,0,14.507,0
2023-08-08 16:00:00,34.3,office,48,7.15,2.76,0,11.523,0
2023-08-08 17:00:00,36.3,office,42,8.29,4.1,1,15.514,0
2023-08-08 18:00:00,33.6,office,6,6.18,2.28,1,11.995,0
2023-08-08 19:00:00,34.2,office,11,6.58,2.87,1,12.743,0
2023-08-08 20:00:00,29.5,office,0,4.19,1.2,1,9.096,0
2023-08-08 21:00:00,28.5,office,0,3.35,0.45,0,5.875,0
2023-08-08 22:00:00,28.1,office,0,3.07,0.49,0,5.289,0
2023-08-08 23:00:00,28.3,office,0,3.49,1.43,0,7.633,0
2023-08-09 00:00:00,26.3,office,0,2.32,0.4,0,5.248,0
2023-08-09 01:00:00,27.8,office,0,2.91,0.25,0,6.011,0
2023-08-09 02:00:00,28.2,office,0,3.23,0.89,0,7.209,0
2023-08-09 03:00:00,27.7,office,0,3.0,0.89,0,6.516,0
2023-08-09 04:00:00,29.7,office,0,4.16,1.3,0,6.992,0
2023-08-09 05:00:00,28.7,office,0,3.44,1.43,0,7.288,0
2023-08-09 06:00:00,27.3,office,0,2.86,0.9,0,5.603,0
2023-08-09 07:00:00,32.4,office,6,5.56,1.71,0,9.794,0
2023-08-09 08:00:00,30.7,office,50,5.58,4.64,1,13.69,0
2023-08-09 09:00:00,34.3,office,49,7.62,3.99,1,14.274,0
2023-08-09 10:00:00,36.5,office,62,8.51,5.51,1,17.105,0
2023-08-09 11:00:00,35.9,office,55,8.53,3.82,0,14.045,0
2023-08-09 12:00:00,33.7,office,64,7.42,3.94,0,14.008,0
2023-08-09 13:00:00,35.1,office,60,8.15,4.08,0,13.12,0
2023-08-09 14:00:00,38.6,office,46,9.44,3.02,0,14.967,0
2023-08-09 15:00:00,36.2,office,32,7.97,1.95,0,12.313,0
2023-08-09 16:00:00,36.1,office,78,9.05,5.03,0,16.576,0
2023-08-09 17:00:00,36.3,office,71,9.02,5.82,1,17.275,0
2023-08-09 18:00:00,35.2,office,11,6.94,2.7,1,13.027,0
2023-08-09 19:00:00,33.3,office,14,6.03,2.2,1,11.804,0
2023-08-09 20:00:00,31.3,office,0,4.9,2.44,1,10.985,0
2023-08-09 21:00:00,29.9,office,0,4.4,0.23,0,7.097,0
2023-08-09 22:00:00,30.4,office,0,4.36,0.63,0,7.384,0
2023-08-09 23:00:00,28.9,office,0,3.78,0.54,0,5.717,0
2023-08-10 00:00:00,26.8,office,0,2.75,0.26,0,6.038,0
2023-08-10 01:00:00,28.3,office,0,3.54,0.73,0,5.975,0
2023-08-10 02:00:00,26.3,office,0,2.43,1.01,0,5.154,0
2023-08-10 03:00:00,25.4,office,0,1.9,1.35,0,5.159,0
2023-08-10 04:00:00,26.1,office,0,2.53,1.49,0,5.229,0
2023-08-10 05:00:00,26.5,office,0,2.56,1.25,0,6.586,0
2023-08-10 06:00:00,28.6,office,0,3.66,0.81,0,6.391,0
2023-08-10 07:00:00,32.1,office,16,5.54,1.94,0,10.776,0
2023-08-10 08:00:00,30.3,office,79,6.06,6.25,1,14.764,0
2023-08-10 09:00:00,33.1,office,33,6.34,3.45,1,12.992,0
2023-08-10 10:00:00,33.0,office,71,15.85,13.0,1,74.536,1
2023-08-10 11:00:00,34.7,office,51,7.73,3.38,0,12.9,0
2023-08-10 12:00:00,33.6,office,47,7.0,3.05,0,12.44,0
2023-08-10 13:00:00,36.0,office,37,8.08,2.73,0,12.349,0
2023-08-10 14:00:00,36.2,office,53,8.29,3.73,0,14.251,0
2023-08-10 15:00:00,37.2,office,57,9.04,3.99,0,14.961,0
2023-08-10 16:00:00,36.2,office,55,8.42,3.41,0,14.0,0
2023-08-10 17:00:00,33.3,office,77,7.49,5.79,1,14.96,0
2023-08-10 18:00:00,35.6,office,19,7.33,3.33,1,12.866,0
2023-08-10 19:00:00,33.1,office,17,6.25,3.32,1,12.062,0
2023-08-10 20:00:00,31.8,office,0,5.3,1.5,1,10.02,0
2023-08-10 21:00:00,30.2,office,0,4.23,0.45,0,7.494,0
2023-08-10 22:00:00,28.2,office,0,3.25,1.08,0,6.571,0
2023-08-10 23:00:00,28.3,office,0,3.48,0.74,0,6.708,0
2023-08-11 00:00:00,27.8,office,0,3.25,0.23,0,5.426,0
2023-08-11 01:00:00,24.0,office,0,1.35,0.65,0,4.119,0
2023-08-11 02:00:00,25.6,office,0,2.14,1.25,0,6.009,0
2023-08-11 03:00:00,26.2,office,0,2.3,1.24,0,5.182,0
2023-08-11 04:00:00,27.5,office,0,2.95,0.84,0,5.546,0
2023-08-11 05:00:00,29.7,office,0,3.98,0.81,0,6.547,0
2023-08-11 06:00:00,27.8,office,0,2.98,0.95,0,6.423,0
2023-08-11 07:00:00,29.4,office,15,4.35,1.24,0,8.18,0
2023-08-11 08:00:00,30.6,office,41,5.17,3.93,1,12.398,0
2023-08-11 09:00:00,31.5,office,61,6.44,4.26,1,13.836,0
2023-08-11 10:00:00,33.4,office,74,7.59,5.52,1,15.471,0
2023-08-11 11:00:00,36.1,office,61,8.7,3.69,0,14.068,0
2023-08-11 12:00:00,34.2,office,53,7.61,3.73,0,13.374,0
2023-08-11 13:00:00,36.9,office,63,8.91,4.18,0,15.328,0
2023-08-11 14:00:00,33.9,office,47,7.31,3.05,0,12.758,0
2023-08-11 15:00:00,35.4,office,35,7.48,1.96,0,11.432,0
2023-08-11 16:00:00,35.2,office,76,8.13,4.33,0,14.208,0
2023-08-11 17:00:00,37.5,office,57,9.28,4.87,1,15.863,0
2023-08-11 18:00:00,33.5,office,7,5.93,1.64,1,10.78,0
2023-08-11 19:00:00,29.4,office,18,4.55,2.24,1,10.089,0
2023-08-11 20:00:00,28.4,office,0,3.54,2.04,1,7.438,0
2023-08-11 21:00:00,30.2,office,0,4.48,1.18,0,7.629,0
2023-08-11 22:00:00,29.8,office,0,4.02,0.62,0,6.447,0
2023-08-11 23:00:00,28.4,office,0,3.54,0.84,0,7.414,0
2023-08-12 00:00:00,27.2,office,0,2.62,1.43,0,6.691,0
2023-08-12 01:00:00,28.2,office,0,3.52,1.43,0,6.89,0
2023-08-12 02:00:00,25.5,office,0,1.83,0.6,0,4.383,0
2023-08-12 03:00:00,27.8,office,0,3.25,1.25,0,6.636,0
2023-08-12 04:00:00,24.5,office,0,1.36,0.97,0,4.623,0
2023-08-12 05:00:00,26.4,office,0,2.23,1.47,0,6.22,0
2023-08-12 06:00:00,26.1,office,0,2.29,0.82,0,5.327,0
2023-08-12 07:00:00,29.6,office,0,3.88,1.21,0,8.349,0
2023-08-12 08:00:00,31.2,office,0,4.96,2.2,1,9.051,0
2023-08-12 09:00:00,32.8,office,0,5.52,1.85,1,10.516,0
2023-08-12 10:00:00,33.9,office,0,6.12,2.23,1,11.176,0
2023-08-12 11:00:00,33.4,office,0,5.98,0.54,0,8.343,0
2023-08-12 12:00:00,35.3,office,0,6.79,0.36,0,9.485,0
2023-08-12 13:00:00,33.9,office,0,6.14,0.75,0,10.004,0
2023-08-12 14:00:00,38.3,office,0,8.56,1.43,0,12.137,0
2023-08-12 15:00:00,35.7,office,0,6.94,0.85,0,10.652,0
2023-08-12 16:00:00,34.9,office,0,6.49,1.03,0,9.999,0
2023-08-12 17:00:00,37.2,office,0,7.76,2.01,1,12.374,0
2023-08-12 18:00:00,31.9,office,0,5.16,1.37,1,9.299,0
2023-08-12 19:00:00,30.9,office,0,4.72,1.71,1,9.962,0
2023-08-12 20:00:00,29.6,office,0,3.99,2.12,1,8.545,0
2023-08-12 21:00:00,29.9,office,0,4.34,1.46,0,8.323,0
2023-08-12 22:00:00,29.4,office,0,3.72,0.42,0,6.427,0
2023-08-12 23:00:00,28.9,office,0,3.67,0.73,0,7.668,0
2023-08-13 00:00:00,30.7,office,0,4.54,0.32,0,6.844,0
2023-08-13 01:00:00,23.0,office,0,0.82,0.52,0,4.628,0
2023-08-13 02:00:00,27.1,office,0,3.03,0.69,0,6.196,0
2023-08-13 03:00:00,25.5,office,0,2.01,0.9,0,4.628,0
2023-08-13 04:00:00,26.0,office,0,2.49,0.5,0,5.929,0
2023-08-13 05:00:00,26.7,office,0,2.5,0.5,0,4.352,0
2023-08-13 06:00:00,27.3,office,0,2.67,1.21,0,5.31,0
2023-08-13 07:00:00,32.4,office,0,5.28,1.45,0,9.24,0
2023-08-13 08:00:00,32.4,office,0,5.4,1.62,1,10.077,0
2023-08-13 09:00:00,32.5,office,0,5.41,2.09,1,9.71,0
2023-08-13 10:00:00,35.7,office,0,6.9,1.54,1,11.731,0
2023-08-13 11:00:00,32.4,office,0,5.42,1.41,0,8.636,0
2023-08-13 12:00:00,33.5,office,0,5.92,1.07,0,10.072,0
2023-08-13 13:00:00,32.7,office,0,5.41,1.24,0,9.036,0
2023-08-13 14:00:00,35.1,office,0,6.7,0.26,0,10.004,0
2023-08-13 15:00:00,36.2,office,0,7.54,0.98,0,11.212,0
2023-08-13 16:00:00,35.7,office,0,7.0,0.89,0,10.518,0
2023-08-13 17:00:00,34.9,office,0,6.81,1.58,1,10.322,0
2023-08-13 18:00:00,31.6,office,0,5.11,1.54,1,9.205,0
2023-08-13 19:00:00,33.7,office,0,6.06,1.95,1,10.112,0
2023-08-13 20:00:00,31.5,office,0,4.87,2.12,1,10.466,0
2023-08-13 21:00:00,31.0,office,0,11.1,0.43,0,30.592,1
2023-08-13 22:00:00,25.8,office,0,2.2,0.94,0,5.406,0
2023-08-13 23:00:00,28.1,office,0,3.23,0.42,0,6.553,0
2023-08-14 00:00:00,24.9,office,0,1.56,0.38,0,4.378,0
2023-08-14 01:00:00,25.6,office,0,1.86,1.01,0,5.594,0
2023-08-14 02:00:00,26.8,office,0,2.84,0.6,0,5.038,0
2023-08-14 03:00:00,26.4,office,0,2.42,0.77,0,5.363,0
2023-08-14 04:00:00,25.4,office,0,2.01,0.67,0,4.736,0
2023-08-14 05:00:00,27.5,office,0,3.0,1.04,0,5.924,0
2023-08-14 06:00:00,26.2,office,0,2.54,0.81,0,5.283,0
2023-08-14 07:00:00,31.5,office,10,8.29,3.86,0,26.976,1
2023-08-14 08:00:00,30.7,office,64,5.87,4.86,1,12.746,0
2023-08-14 09:00:00,34.0,office,48,7.42,4.56,1,15.296,0
2023-08-14 10:00:00,32.8,office,50,6.76,4.03,1,12.898,0
2023-08-14 11:00:00,33.8,office,36,6.68,2.66,0,11.131,0
2023-08-14 12:00:00,34.2,office,35,6.89,2.67,0,11.999,0
2023-08-14 13:00:00,37.2,office,50,8.99,3.13,0,14.449,0
2023-08-14 14:00:00,35.0,office,72,8.36,4.41,0,15.64,0
2023-08-14 15:00:00,36.8,office,48,8.63,2.96,0,14.287,0
2023-08-14 16:00:00,34.8,office,49,7.66,2.66,0,13.375,0
2023-08-14 17:00:00,31.6,office,58,6.28,4.38,1,13.952,0
2023-08-14 18:00:00,32.7,office,18,5.93,3.01,1,11.378,0
2023-08-14 19:00:00,30.6,office,10,4.84,2.7,1,10.178,0
2023-08-14 20:00:00,31.1,office,0,4.6,1.56,1,7.765,0
2023-08-14 21:00:00,28.0,office,0,3.48,0.73,0,6.684,0
2023-08-14 22:00:00,29.9,office,0,4.33,0.25,0,6.909,0
2023-08-14 23:00:00,27.4,office,0,3.02,0.51,0,5.728,0
2023-08-15 00:00:00,26.3,office,0,2.31,1.21,0,6.328,0
2023-08-15 01:00:00,27.1,office,0,2.63,0.99,0,6.238,0
2023-08-15 02:00:00,27.4,office,0,2.9,0.47,0,6.095,0
2023-08-15 03:00:00,26.1,office,0,2.38,0.53,0,6.001,0
2023-08-15 04:00:00,25.4,office,0,2.02,1.26,0,5.664,0
2023-08-15 05:00:00,24.7,office,0,1.54,0.47,0,3.496,0
2023-08-15 06:00:00,27.4,office,0,3.01,0.63,0,5.583,0
2023-08-15 07:00:00,28.7,office,19,4.14,2.01,0,9.153,0
2023-08-15 08:00:00,31.1,office,52,5.6,4.53,1,12.072,0
2023-08-15 09:00:00,31.7,office,58,6.24,4.7,1,14.195,0
2023-08-15 10:00:00,34.4,office,32,7.22,3.97,1,14.189,0
2023-08-15 11:00:00,33.5,office,76,7.54,4.29,0,12.519,0
2023-08-15 12:00:00,35.2,office,52,7.97,3.76,0,13.498,0
2023-08-15 13:00:00,37.5,office,69,9.39,3.86,0,16.008,0
2023-08-15 14:00:00,36.4,office,57,8.84,3.85,0,14.174,0
2023-08-15 15:00:00,35.7,office,47,7.82,3.68,0,13.782,0
2023-08-15 16:00:00,34.3,office,70,7.8,4.3,0,13.68,0
2023-08-15 17:00:00,33.5,office,80,7.4,6.14,1,16.606,0
2023-08-15 18:00:00,32.1,office,6,5.25,2.57,1,11.331,0
2023-08-15 19:00:00,31.4,office,7,5.03,1.73,1,9.644,0
2023-08-15 20:00:00,32.0,office,0,5.08,2.12,1,9.202,0
2023-08-15 21:00:00,29.3,office,0,4.13,1.4,0,7.615,0
2023-08-15 22:00:00,26.4,office,0,2.67,0.95,0,6.723,0
2023-08-15 23:00:00,30.0,office,0,4.17,0.44,0,6.832,0
2023-08-16 00:00:00,26.9,office,0,2.77,0.37,0,4.955,0
2023-08-16 01:00:00,23.8,office,0,1.17,0.54,0,3.522,0
2023-08-16 02:00:00,25.1,office,0,1.96,0.33,0,4.777,0
2023-08-16 03:00:00,26.1,office,0,2.36,0.87,0,5.612,0
2023-08-16 04:00:00,29.0,office,0,3.5,0.29,0,6.632,0
2023-08-16 05:00:00,25.6,office,0,2.18,0.49,0,4.597,0
2023-08-16 06:00:00,29.7,office,0,4.22,0.77,0,7.936,0
2023-08-16 07:00:00,31.6,office,17,5.39,1.67,0,9.917,0
2023-08-16 08:00:00,29.8,office,53,5.41,4.59,1,12.599,0
2023-08-16 09:00:00,31.7,office,62,6.54,5.22,1,14.869,0
2023-08-16 10:00:00,31.7,office,77,6.65,5.11,1,14.652,0
2023-08-16 11:00:00,34.0,office,73,7.76,3.95,0,13.721,0
2023-08-16 12:00:00,35.1,office,40,7.85,2.28,0,11.78,0
2023-08-16 13:00:00,36.6,office,31,8.07,2.3,0,12.522,0
2023-08-16 14:00:00,37.4,office,39,8.64,2.2,0,12.97,0
2023-08-16 15:00:00,34.5,office,68,7.7,4.57,0,13.895,0
2023-08-16 16:00:00,32.2,office,73,7.01,4.14,0,13.749,0
2023-08-16 17:00:00,34.3,office,80,8.12,6.42,1,17.444,0
2023-08-16 18:00:00,33.7,office,19,6.28,2.78,1,12.185,0
2023-08-16 19:00:00,32.4,office,6,5.81,2.08,1,10.079,0
2023-08-16 20:00:00,30.3,office,0,4.52,2.21,1,9.561,0
2023-08-16 21:00:00,29.7,office,0,4.28,1.13,0,8.391,0
2023-08-16 22:00:00,30.6,office,0,4.32,0.99,0,8.18,0
2023-08-16 23:00:00,27.8,office,0,3.15,1.42,0,6.867,0
2023-08-17 00:00:00,25.8,office,0,2.25,0.75,0,5.345,0
2023-08-17 01:00:00,25.1,office,0,1.82,1.25,0,5.005,0
2023-08-17 02:00:00,25.4,office,0,2.03,0.69,0,5.473,0
2023-08-17 03:00:00,28.3,office,0,3.56,1.29,0,7.441,0
2023-08-17 04:00:00,26.0,office,0,2.19,0.54,0,4.058,0
2023-08-17 05:00:00,27.1,office,0,2.97,0.58,0,6.556,0
2023-08-17 06:00:00,27.4,office,0,2.78,1.08,0,7.264,0
2023-08-17 07:00:00,31.0,office,9,4.82,0.93,0,8.587,0
2023-08-17 08:00:00,33.6,office,34,14.96,6.69,1,34.217,1
2023-08-17 09:00:00,32.6,office,45,6.38,3.85,1,13.449,0
2023-08-17 10:00:00,33.3,office,79,7.42,6.03,1,16.208,0
2023-08-17 11:00:00,34.2,office,71,19.6,12.04,0,65.265,1
2023-08-17 12:00:00,31.4,office,53,6.09,3.73,0,12.461,0
2023-08-17 13:00:00,36.6,office,53,8.58,3.93,0,14.413,0
2023-08-17 14:00:00,35.8,office,54,8.31,3.61,0,14.877,0
2023-08-17 15:00:00,36.1,office,66,8.4,3.59,0,13.97,0
2023-08-17 16:00:00,33.9,office,32,6.68,1.93,0,10.931,0
2023-08-17 17:00:00,33.6,office,68,7.47,5.32,1,15.076,0
2023-08-17 18:00:00,32.5,office,9,5.75,2.08,1,10.41,0
2023-08-17 19:00:00,33.5,office,19,6.52,2.44,1,12.927,0
2023-08-17 20:00:00,30.1,office,0,4.25,1.81,1,8.676,0
2023-08-17 21:00:00,32.5,office,0,5.61,1.07,0,9.595,0
2023-08-17 22:00:00,28.8,office,0,3.74,0.7,0,6.135,0
2023-08-17 23:00:00,25.2,office,0,2.08,1.24,0,5.425,0
2023-08-18 00:00:00,26.0,office,0,2.11,1.16,0,5.297,0
2023-08-18 01:00:00,24.7,office,0,1.63,1.16,0,4.716,0
2023-08-18 02:00:00,22.2,office,0,0.4,1.48,0,5.117,0
2023-08-18 03:00:00,28.1,office,0,3.55,0.58,0,6.315,0
2023-08-18 04:00:00,27.2,office,0,2.7,1.04,0,5.931,0
2023-08-18 05:00:00,27.8,office,0,3.16,1.31,0,6.539,0
2023-08-18 06:00:00,28.3,office,0,3.32,0.95,0,6.397,0
2023-08-18 07:00:00,27.1,office,16,3.13,2.03,0,7.237,0
2023-08-18 08:00:00,29.8,office,53,5.08,4.39,1,11.676,0
2023-08-18 09:00:00,33.1,office,58,6.73,4.87,1,14.582,0
2023-08-18 10:00:00,31.4,office,78,6.55,5.17,1,14.621,0
2023-08-18 11:00:00,30.2,office,34,4.95,3.18,0,10.017,0
2023-08-18 12:00:00,34.5,office,66,7.66,4.54,0,14.629,0
2023-08-18 13:00:00,35.1,office,38,7.47,3.23,0,12.522,0
2023-08-18 14:00:00,35.7,office,63,8.13,4.25,0,14.119,0
2023-08-18 15:00:00,36.4,office,53,8.74,3.09,0,13.342,0
2023-08-18 16:00:00,35.8,office,55,8.29,2.99,0,12.927,0
2023-08-18 17:00:00,34.4,office,50,7.61,4.82,1,14.919,0
2023-08-18 18:00:00,34.8,office,13,6.87,2.37,1,11.83,0
2023-08-18 19:00:00,29.5,office,12,4.44,2.14,1,9.184,0
2023-08-18 20:00:00,31.3,office,0,4.89,1.93,1,9.797,0
2023-08-18 21:00:00,30.1,office,0,4.34,0.75,0,6.706,0
2023-08-18 22:00:00,26.1,office,0,2.3,1.05,0,6.643,0
2023-08-18 23:00:00,24.7,office,0,1.72,0.83,0,5.63,0
2023-08-19 00:00:00,24.9,office,0,1.73,1.11,0,5.767,0
2023-08-19 01:00:00,24.5,office,0,1.39,1.31,0,4.576,0
2023-08-19 02:00:00,26.5,office,0,2.32,0.45,0,5.199,0
2023-08-19 03:00:00,24.6,office,0,1.6,0.63,0,3.825,0
2023-08-19 04:00:00,24.7,office,0,1.59,0.77,0,5.237,0
2023-08-19 05:00:00,25.9,office,0,2.0,1.45,0,5.505,0
2023-08-19 06:00:00,29.5,office,0,3.95,0.67,0,6.981,0
2023-08-19 07:00:00,29.1,office,0,3.81,0.7,0,6.623,0
2023-08-19 08:00:00,30.1,office,0,4.46,2.05,1,9.248,0
2023-08-19 09:00:00,31.5,office,0,4.79,1.74,1,9.243,0
2023-08-19 10:00:00,34.8,office,0,6.57,2.44,1,10.584,0
2023-08-19 11:00:00,32.8,office,0,5.81,1.36,0,8.942,0
2023-08-19 12:00:00,36.7,office,0,7.67,0.87,0,11.414,0
2023-08-19 13:00:00,35.5,office,0,6.89,1.04,0,10.852,0
2023-08-19 14:00:00,35.1,office,0,6.97,0.28,0,9.784,0
2023-08-19 15:00:00,38.9,office,0,8.7,1.1,0,11.924,0
2023-08-19 16:00:00,33.1,office,0,5.8,1.12,0,8.44,0
2023-08-19 17:00:00,33.4,office,0,6.19,1.67,1,10.08,0
2023-08-19 18:00:00,31.0,office,0,4.97,1.49,1,8.725,0
2023-08-19 19:00:00,33.1,office,0,5.73,2.39,1,11.059,0
2023-08-19 20:00:00,32.9,office,0,5.52,1.75,1,9.975,0
2023-08-19 21:00:00,31.6,office,0,4.96,1.05,0,7.856,0
2023-08-19 22:00:00,29.7,office,0,3.87,0.24,0,5.71,0
2023-08-19 23:00:00,26.5,office,0,2.26,0.74,0,4.749,0
2023-08-20 00:00:00,25.3,office,0,1.85,1.26,0,4.284,0
2023-08-20 01:00:00,22.9,office,0,2.66,1.2,0,16.721,1
2023-08-20 02:00:00,28.3,office,0,3.59,0.98,0,6.247,0
2023-08-20 03:00:00,26.1,office,0,2.31,0.47,0,5.193,0
2023-08-20 04:00:00,25.1,office,0,1.83,0.74,0,5.306,0
2023-08-20 05:00:00,28.7,office,0,3.35,1.41,0,7.079,0
2023-08-20 06:00:00,26.3,office,0,2.26,0.94,0,4.845,0
2023-08-20 07:00:00,29.5,office,0,3.76,1.37,0,7.546,0
2023-08-20 08:00:00,30.0,office,0,4.38,2.37,1,8.756,0
2023-08-20 09:00:00,32.5,office,0,5.32,2.43,1,10.571,0
2023-08-20 10:00:00,32.6,office,0,15.47,5.75,1,47.501,1
2023-08-20 11:00:00,31.6,office,0,5.12,0.2,0,7.392,0
2023-08-20 12:00:00,34.7,office,0,6.46,1.41,0,10.207,0
2023-08-20 13:00:00,36.6,office,0,7.38,0.38,0,10.31,0
2023-08-20 14:00:00,35.2,office,0,6.91,0.25,0,9.49,0
2023-08-20 15:00:00,36.2,office,0,7.55,0.27,0,11.012,0
2023-08-20 16:00:00,33.0,office,0,5.86,0.65,0,8.579,0
2023-08-20 17:00:00,33.7,office,0,6.02,2.01,1,11.282,0
2023-08-20 18:00:00,31.8,office,0,5.19,1.72,1,9.851,0
2023-08-20 19:00:00,32.6,office,0,5.46,1.23,1,9.948,0
2023-08-20 20:00:00,30.3,office,0,4.65,1.82,1,8.587,0
2023-08-20 21:00:00,30.0,office,0,4.37,0.77,0,7.092,0
2023-08-20 22:00:00,29.3,office,0,3.96,1.18,0,7.219,0
2023-08-20 23:00:00,27.7,office,0,3.06,0.56,0,6.841,0
2023-08-21 00:00:00,26.1,office,0,2.36,0.48,0,5.206,0
2023-08-21 01:00:00,23.7,office,0,1.02,0.53,0,5.024,0
2023-08-21 02:00:00,25.1,office,0,1.56,0.59,0,3.295,0
2023-08-21 03:00:00,24.4,office,0,1.4,0.98,0,3.932,0
2023-08-21 04:00:00,25.2,office,0,2.07,0.81,0,4.821,0
2023-08-21 05:00:00,26.0,office,0,2.31,0.64,0,5.144,0
2023-08-21 06:00:00,26.1,office,0,2.09,0.69,0,5.269,0
2023-08-21 07:00:00,25.8,office,8,2.5,1.08,0,5.143,0
2023-08-21 08:00:00,29.1,office,31,4.3,4.01,1,11.589,0
2023-08-21 09:00:00,31.6,office,77,6.46,5.35,1,14.445,0
2023-08-21 10:00:00,30.5,office,41,5.22,4.31,1,12.802,0
2023-08-21 11:00:00,33.6,office,61,7.31,4.17,0,13.858,0
2023-08-21 12:00:00,37.2,office,63,9.13,3.36,0,14.467,0
2023-08-21 13:00:00,36.4,office,54,8.53,4.19,0,14.668,0
2023-08-21 14:00:00,37.5,office,65,9.41,4.43,0,15.432,0
2023-08-21 15:00:00,35.5,office,37,7.65,2.94,0,12.11,0
2023-08-21 16:00:00,36.1,office,46,8.36,3.03,0,14.327,0
2023-08-21 17:00:00,32.5,office,79,6.92,5.87,1,16.223,0
2023-08-21 18:00:00,31.6,office,13,5.45,2.18,1,10.988,0
2023-08-21 19:00:00,27.2,office,19,3.31,2.2,1,8.151,0
2023-08-21 20:00:00,31.8,office,0,5.24,2.29,1,9.59,0
2023-08-21 21:00:00,31.1,office,0,4.79,1.37,0,7.976,0
2023-08-21 22:00:00,26.7,office,0,2.68,0.41,0,5.282,0
2023-08-21 23:00:00,26.1,office,0,2.09,1.22,0,5.892,0
2023-08-22 00:00:00,24.4,office,0,1.63,1.16,0,5.447,0
2023-08-22 01:00:00,25.6,office,0,1.83,0.43,0,5.152,0
2023-08-22 02:00:00,26.6,office,0,2.37,0.75,0,5.093,0
2023-08-22 03:00:00,22.5,office,0,0.54,0.75,0,3.16,0
2023-08-22 04:00:00,26.2,office,0,2.47,1.19,0,6.001,0
2023-08-22 05:00:00,26.0,office,0,2.04,1.29,0,5.386,0
2023-08-22 06:00:00,27.6,office,0,3.26,0.32,0,6.331,0
2023-08-22 07:00:00,29.3,office,11,4.36,1.48,0,7.727,0
2023-08-22 08:00:00,29.6,office,69,5.48,5.64,1,13.511,0
2023-08-22 09:00:00,31.0,office,48,5.7,4.62,1,12.233,0
2023-08-22 10:00:00,32.1,office,74,6.9,5.09,1,15.186,0
2023-08-22 11:00:00,34.9,office,61,13.57,9.68,0,63.627,1
2023-08-22 12:00:00,34.9,office,42,7.54,3.41,0,12.68,0
2023-08-22 13:00:00,35.1,office,37,7.75,2.46,0,12.441,0
2023-08-22 14:00:00,33.0,office,38,6.74,2.65,0,11.229,0
2023-08-22 15:00:00,34.2,office,34,7.24,2.95,0,11.799,0
2023-08-22 16:00:00,35.6,office,58,8.09,3.22,0,13.588,0
2023-08-22 17:00:00,33.5,office,41,6.69,4.37,1,13.369,0
2023-08-22 18:00:00,33.4,office,19,6.23,2.55,1,11.585,0
2023-08-22 19:00:00,33.8,office,7,6.26,1.55,1,10.668,0
2023-08-22 20:00:00,31.5,office,0,4.91,1.5,1,8.651,0
2023-08-22 21:00:00,28.7,office,0,3.54,0.32,0,5.641,0
2023-08-22 22:00:00,26.6,office,0,2.61,0.32,0,5.214,0
2023-08-22 23:00:00,22.5,office,0,0.63,1.1,0,3.75,0
2023-08-23 00:00:00,25.2,office,0,1.97,0.48,0,4.989,0
2023-08-23 01:00:00,24.4,office,0,1.61,1.42,0,4.351,0
2023-08-23 02:00:00,25.3,office,0,1.67,0.87,0,4.174,0
2023-08-23 03:00:00,24.7,office,0,1.37,0.8,0,3.522,0
2023-08-23 04:00:00,24.9,office,0,1.84,0.76,0,5.265,0
2023-08-23 05:00:00,23.5,office,0,1.02,1.1,0,4.675,0
2023-08-23 06:00:00,25.8,office,0,2.19,0.79,0,4.833,0
2023-08-23 07:00:00,29.2,office,15,3.93,1.12,0,8.202,0
2023-08-23 08:00:00,32.3,office,72,6.72,5.94,1,15.344,0
2023-08-23 09:00:00,30.9,office,52,5.81,4.36,1,12.172,0
2023-08-23 10:00:00,32.7,office,75,7.28,5.05,1,15.042,0
2023-08-23 11:00:00,34.7,office,34,7.49,2.59,0,12.457,0
2023-08-23 12:00:00,32.9,office,65,7.0,4.29,0,13.572,0
2023-08-23 13:00:00,35.1,office,64,8.1,3.76,0,14.009,0
2023-08-23 14:00:00,33.6,office,48,7.18,3.64,0,13.266,0
2023-08-23 15:00:00,35.9,office,49,8.2,3.52,0,14.516,0
2023-08-23 16:00:00,34.3,office,40,7.21,3.05,0,11.764,0
2023-08-23 17:00:00,33.7,office,75,7.8,5.5,1,15.271,0
2023-08-23 18:00:00,31.1,office,10,5.14,2.95,1,10.659,0
2023-08-23 19:00:00,32.1,office,16,5.82,2.36,1,11.198,0
2023-08-23 20:00:00,32.9,office,0,5.56,1.95,1,9.426,0
2023-08-23 21:00:00,26.9,office,0,2.71,0.6,0,4.785,0
2023-08-23 22:00:00,26.7,office,0,2.77,1.17,0,6.513,0
2023-08-23 23:00:00,26.6,office,0,2.36,0.26,0,4.55,0
2023-08-24 00:00:00,26.4,office,0,2.6,0.26,0,6.31,0
2023-08-24 01:00:00,23.9,office,0,1.04,1.25,0,3.791,0
2023-08-24 02:00:00,20.3,office,0,0.4,0.76,0,2.535,0
2023-08-24 03:00:00,26.8,office,0,2.71,0.64,0,5.858,0
2023-08-24 04:00:00,26.4,office,0,2.3,0.99,0,5.886,0
2023-08-24 05:00:00,23.4,office,0,0.94,1.11,0,4.897,0
2023-08-24 06:00:00,26.2,office,0,2.44,0.46,0,4.569,0
2023-08-24 07:00:00,30.6,office,12,4.86,1.04,0,7.608,0
2023-08-24 08:00:00,31.8,office,37,5.85,4.3,1,12.325,0
2023-08-24 09:00:00,32.3,office,42,6.44,4.07,1,12.833,0
2023-08-24 10:00:00,31.8,office,80,6.76,5.71,1,15.031,0
2023-08-24 11:00:00,33.2,office,38,6.61,3.14,0,12.702,0
2023-08-24 12:00:00,33.7,office,45,6.78,3.13,0,11.486,0
2023-08-24 13:00:00,36.1,office,80,9.11,4.51,0,14.975,0
2023-08-24 14:00:00,33.3,office,61,6.96,3.52,0,13.273,0
2023-08-24 15:00:00,33.2,office,31,6.48,2.27,0,10.948,0
2023-08-24 16:00:00,35.4,office,53,8.16,3.97,0,15.103,0
2023-08-24 17:00:00,33.1,office,65,6.96,4.53,1,13.666,0
2023-08-24 18:00:00,34.2,office,16,6.68,2.28,1,11.703,0
2023-08-24 19:00:00,29.9,office,19,4.45,3.31,1,9.93,0
2023-08-24 20:00:00,29.5,office,0,4.13,1.36,1,7.563,0
2023-08-24 21:00:00,26.9,office,0,2.73,1.02,0,6.354,0
2023-08-24 22:00:00,27.1,office,0,2.98,0.48,0,6.462,0
2023-08-24 23:00:00,23.8,office,0,1.35,0.99,0,4.487,0
2023-08-25 00:00:00,24.4,office,0,1.52,0.7,0,5.111,0
2023-08-25 01:00:00,22.4,office,0,0.56,0.33,0,2.829,0
2023-08-25 02:00:00,25.5,office,0,2.02,0.96,0,4.865,0
2023-08-25 03:00:00,25.7,office,0,2.04,1.09,0,5.876,0
2023-08-25 04:00:00,22.5,office,0,0.57,1.08,0,4.35,0
2023-08-25 05:00:00,27.9,office,0,3.4,1.03,0,6.728,0
2023-08-25 06:00:00,30.7,office,0,4.56,0.85,0,6.963,0
2023-08-25 07:00:00,28.2,office,9,3.44,1.33,0,6.648,0
2023-08-25 08:00:00,28.5,office,69,4.82,5.48,1,13.374,0
2023-08-25 09:00:00,34.9,office,35,7.37,3.85,1,13.015,0
2023-08-25 10:00:00,29.9,office,34,4.67,3.75,1,10.766,0
2023-08-25 11:00:00,33.0,office,49,6.73,3.41,0,12.489,0
2023-08-25 12:00:00,34.0,office,55,7.35,3.15,0,13.371,0
2023-08-25 13:00:00,36.3,office,75,8.94,4.22,0,14.882,0
2023-08-25 14:00:00,35.0,office,76,8.2,4.34,0,14.77,0
2023-08-25 15:00:00,33.5,office,60,7.26,4.4,0,14.09,0
2023-08-25 16:00:00,32.3,office,63,6.85,4.34,0,12.664,0
2023-08-25 17:00:00,32.4,office,56,6.8,4.72,1,14.314,0
2023-08-25 18:00:00,30.4,office,18,4.85,2.43,1,9.107,0
2023-08-25 19:00:00,30.8,office,7,4.56,1.69,1,9.32,0
2023-08-25 20:00:00,28.6,office,0,3.78,2.37,1,8.046,0
2023-08-25 21:00:00,25.9,office,0,2.3,1.36,0,5.925,0
2023-08-25 22:00:00,28.8,office,0,3.57,0.34,0,6.394,0
2023-08-25 23:00:00,25.1,office,0,4.76,1.96,0,23.349,1
2023-08-26 00:00:00,23.0,office,0,0.57,0.78,0,3.055,0
2023-08-26 01:00:00,24.2,office,0,1.18,0.62,0,3.554,0
2023-08-26 02:00:00,24.3,office,0,1.17,1.16,0,3.607,0
2023-08-26 03:00:00,21.8,office,0,0.45,1.0,0,3.975,0
2023-08-26 04:00:00,25.4,office,0,1.97,1.21,0,5.888,0
2023-08-26 05:00:00,24.1,office,0,1.4,0.3,0,2.646,0
2023-08-26 06:00:00,29.3,office,0,4.06,0.61,0,6.633,0
2023-08-26 07:00:00,28.7,office,0,3.75,0.62,0,7.192,0
2023-08-26 08:00:00,28.6,office,0,3.74,1.63,1,8.266,0
2023-08-26 09:00:00,29.4,office,0,4.18,1.85,1,8.732,0
2023-08-26 10:00:00,31.6,office,0,5.02,1.57,1,9.425,0
2023-08-26 11:00:00,33.7,office,0,6.33,0.78,0,10.335,0
2023-08-26 12:00:00,33.5,office,0,6.11,0.68,0,9.538,0
2023-08-26 13:00:00,33.8,office,0,5.94,1.16,0,9.23,0
2023-08-26 14:00:00,34.3,office,0,6.49,0.98,0,10.406,0
2023-08-26 15:00:00,33.2,office,0,5.94,1.05,0,9.099,0
2023-08-26 16:00:00,33.1,office,0,6.0,0.47,0,8.625,0
2023-08-26 17:00:00,29.7,office,0,4.04,1.62,1,8.483,0
2023-08-26 18:00:00,33.2,office,0,5.89,1.23,1,9.758,0
2023-08-26 19:00:00,31.0,office,0,4.51,1.34,1,8.429,0
2023-08-26 20:00:00,28.1,office,0,3.22,1.54,1,6.32,0
2023-08-26 21:00:00,30.8,office,0,4.43,0.29,0,7.529,0
2023-08-26 22:00:00,26.9,office,0,2.71,0.98,0,5.594,0
2023-08-26 23:00:00,24.2,office,0,1.51,1.5,0,5.971,0
2023-08-27 00:00:00,26.0,office,0,2.1,0.33,0,3.979,0
2023-08-27 01:00:00,24.8,office,0,1.66,1.27,0,5.412,0
2023-08-27 02:00:00,24.7,office,0,1.45,0.35,0,3.603,0
2023-08-27 03:00:00,23.6,office,0,0.86,1.07,0,4.499,0
2023-08-27 04:00:00,25.4,office,0,1.96,1.04,0,5.758,0
2023-08-27 05:00:00,25.1,office,0,1.59,1.37,0,4.446,0
2023-08-27 06:00:00,27.4,office,0,2.99,0.35,0,5.768,0
2023-08-27 07:00:00,24.9,office,0,1.47,0.61,0,4.571,0
2023-08-27 08:00:00,28.4,office,0,3.25,1.32,1,6.952,0
2023-08-27 09:00:00,33.0,office,0,5.77,1.73,1,9.623,0
2023-08-27 10:00:00,30.4,office,0,4.5,2.39,1,9.163,0
2023-08-27 11:00:00,31.7,office,0,4.86,1.22,0,8.677,0
2023-08-27 12:00:00,32.7,office,0,5.64,1.14,0,9.641,0
2023-08-27 13:00:00,32.1,office,0,5.47,0.89,0,8.086,0
2023-08-27 14:00:00,30.8,office,0,4.76,1.35,0,8.655,0
2023-08-27 15:00:00,33.6,office,0,5.87,0.78,0,9.433,0
2023-08-27 16:00:00,33.6,office,0,10.93,0.76,0,44.821,1
2023-08-27 17:00:00,32.5,office,0,5.59,2.29,1,11.341,0
2023-08-27 18:00:00,31.4,office,0,4.72,1.56,1,8.697,0
2023-08-27 19:00:00,30.4,office,0,4.63,1.27,1,8.368,0
2023-08-27 20:00:00,30.6,office,0,4.75,1.36,1,8.399,0
2023-08-27 21:00:00,27.5,office,0,3.18,0.99,0,5.251,0
2023-08-27 22:00:00,25.7,office,0,2.26,0.99,0,4.667,0
2023-08-27 23:00:00,25.1,office,0,1.92,0.54,0,5.214,0
2023-08-28 00:00:00,25.4,office,0,2.02,1.15,0,5.857,0
2023-08-28 01:00:00,26.2,office,0,2.44,1.21,0,5.64,0
2023-08-28 02:00:00,23.0,office,0,0.9,1.4,0,4.366,0
2023-08-28 03:00:00,24.2,office,0,1.43,0.96,0,3.855,0
2023-08-28 04:00:00,25.1,office,0,1.71,1.21,0,5.33,0
2023-08-28 05:00:00,23.9,office,0,1.14,1.18,0,5.491,0
2023-08-28 06:00:00,26.4,office,0,2.65,0.54,0,5.402,0
2023-08-28 07:00:00,25.4,office,9,4.17,2.44,0,17.751,1
2023-08-28 08:00:00,26.2,office,50,3.45,4.32,1,10.137,0
2023-08-28 09:00:00,30.7,office,71,6.25,4.77,1,13.611,0
2023-08-28 10:00:00,30.8,office,34,5.43,3.29,1,10.765,0
2023-08-28 11:00:00,32.7,office,58,7.01,3.72,0,13.255,0
2023-08-28 12:00:00,33.2,office,59,7.12,3.29,0,12.278,0
2023-08-28 13:00:00,32.3,office,73,6.63,4.01,0,12.063,0
2023-08-28 14:00:00,33.8,office,63,7.57,3.95,0,13.332,0
2023-08-28 15:00:00,31.9,office,52,6.13,3.75,0,11.561,0
2023-08-28 16:00:00,35.3,office,38,7.63,3.18,0,13.432,0
2023-08-28 17:00:00,30.4,office,79,5.94,5.86,1,14.082,0
2023-08-28 18:00:00,31.1,office,10,4.88,2.32,1,10.423,0
2023-08-28 19:00:00,28.6,office,9,3.7,2.15,1,7.909,0
2023-08-28 20:00:00,29.8,office,0,4.09,1.45,1,8.076,0
2023-08-28 21:00:00,27.1,office,0,2.87,0.39,0,5.099,0
2023-08-28 22:00:00,25.6,office,0,2.21,1.23,0,5.069,0
2023-08-28 23:00:00,26.6,office,0,2.45,0.8,0,4.382,0
2023-08-29 00:00:00,24.4,office,0,1.31,1.23,0,3.989,0
2023-08-29 01:00:00,24.7,office,0,1.68,1.12,0,5.513,0
2023-08-29 02:00:00,22.2,office,0,0.44,0.45,0,3.515,0
2023-08-29 03:00:00,21.8,office,0,0.45,0.86,0,4.678,0
2023-08-29 04:00:00,24.6,office,0,1.31,0.78,0,3.734,0
2023-08-29 05:00:00,24.7,office,0,1.78,0.75,0,4.226,0
2023-08-29 06:00:00,27.2,office,0,2.86,0.91,0,5.552,0
2023-08-29 07:00:00,27.3,office,18,3.32,2.38,0,8.657,0
2023-08-29 08:00:00,29.0,office,62,4.79,5.36,1,13.401,0
2023-08-29 09:00:00,27.6,office,33,3.68,4.02,1,11.259,0
2023-08-29 10:00:00,34.1,office,37,6.9,3.09,1,12.096,0
2023-08-29 11:00:00,32.0,office,63,6.39,3.53,0,12.089,0
2023-08-29 12:00:00,34.1,office,39,17.04,4.56,0,42.764,1
2023-08-29 13:00:00,32.3,office,49,6.54,2.99,0,10.539,0
2023-08-29 14:00:00,34.2,office,40,7.27,2.77,0,11.928,0
2023-08-29 15:00:00,31.6,office,40,5.9,3.03,0,10.816,0
2023-08-29 16:00:00,33.7,office,50,7.12,3.35,0,12.142,0
2023-08-29 17:00:00,31.7,office,75,6.56,6.12,1,15.25,0
2023-08-29 18:00:00,31.3,office,12,5.38,3.02,1,11.515,0
2023-08-29 19:00:00,31.1,office,16,5.15,2.21,1,10.918,0
2023-08-29 20:00:00,26.9,office,0,2.58,2.31,1,6.502,0
2023-08-29 21:00:00,26.4,office,0,2.32,0.83,0,4.656,0
2023-08-29 22:00:00,26.9,office,0,2.76,0.79,0,6.273,0
2023-08-29 23:00:00,28.3,office,0,3.41,1.22,0,6.981,0
2023-08-30 00:00:00,24.0,office,0,1.0,0.32,0,3.046,0
2023-08-30 01:00:00,24.6,office,0,1.72,1.35,0,5.378,0
2023-08-30 02:00:00,23.4,office,0,1.05,1.07,0,3.89,0
2023-08-30 03:00:00,26.6,office,0,2.63,1.34,0,5.613,0
2023-08-30 04:00:00,21.6,office,0,0.03,1.49,0,3.155,0
2023-08-30 05:00:00,25.1,office,0,1.73,0.87,0,4.207,0
2023-08-30 06:00:00,23.6,office,0,1.27,0.32,0,3.648,0
2023-08-30 07:00:00,23.5,office,14,1.46,1.12,0,4.435,0
2023-08-30 08:00:00,29.0,office,35,4.34,3.37,1,9.847,0
2023-08-30 09:00:00,30.0,office,46,5.0,3.63,1,12.293,0
2023-08-30 10:00:00,30.6,office,42,5.36,4.36,1,11.91,0
2023-08-30 11:00:00,31.9,office,70,6.53,4.09,0,13.596,0
2023-08-30 12:00:00,37.5,office,65,9.39,4.72,0,15.986,0
2023-08-30 13:00:00,33.0,office,47,6.92,3.46,0,12.665,0
2023-08-30 14:00:00,34.3,office,38,7.09,2.33,0,11.415,0
2023-08-30 15:00:00,32.4,office,70,6.63,4.32,0,13.309,0
2023-08-30 16:00:00,33.3,office,49,7.08,3.26,0,12.847,0
2023-08-30 17:00:00,31.7,office,69,6.25,5.29,1,13.422,0
2023-08-30 18:00:00,30.4,office,7,4.82,2.25,1,9.272,0
2023-08-30 19:00:00,32.6,office,10,5.83,1.74,1,10.915,0
2023-08-30 20:00:00,30.3,office,0,4.62,2.09,1,9.819,0
2023-08-30 21:00:00,27.4,office,0,2.8,0.83,0,5.925,0
2023-08-30 22:00:00,22.6,office,0,0.32,1.23,0,3.892,0
2023-08-30 23:00:00,24.5,office,0,1.49,1.26,0,6.024,0
2023-08-31 00:00:00,28.1,office,0,3.28,0.5,0,5.508,0
2023-08-31 01:00:00,23.2,office,0,0.77,0.26,0,3.514,0
2023-08-31 02:00:00,25.0,office,0,1.98,1.11,0,5.432,0
2023-08-31 03:00:00,25.7,office,0,2.26,1.47,0,6.06,0
2023-08-31 04:00:00,24.4,office,0,1.53,0.78,0,3.338,0
2023-08-31 05:00:00,23.6,office,0,0.88,0.54,0,3.715,0
2023-08-31 06:00:00,22.2,office,0,0.47,0.4,0,3.527,0
2023-08-31 07:00:00,28.1,office,9,3.59,1.02,0,7.741,0
2023-08-31 08:00:00,27.1,office,40,3.56,3.63,1,9.641,0
2023-08-31 09:00:00,29.9,office,72,5.85,5.35,1,14.72,0
2023-08-31 10:00:00,29.0,office,69,11.39,12.35,1,42.898,1
2023-08-31 11:00:00,31.5,office,76,6.4,4.36,0,13.01,0
2023-08-31 12:00:00,32.7,office,68,6.74,3.67,0,12.236,0
2023-08-31 13:00:00,33.6,office,51,7.22,3.24,0,12.388,0
2023-08-31 14:00:00,31.7,office,66,6.48,4.61,0,14.201,0
2023-08-31 15:00:00,35.0,office,32,7.3,2.45,0,11.886,0
2023-08-31 16:00:00,31.8,office,31,5.6,3.0,0,10.918,0
2023-08-31 17:00:00,29.4,office,35,4.42,3.6,1,10.235,0
2023-08-31 18:00:00,30.7,office,6,4.55,1.86,1,8.894,0
2023-08-31 19:00:00,29.7,office,13,4.34,2.1,1,9.122,0
2023-08-31 20:00:00,28.6,office,0,3.42,2.1,1,8.212,0
2023-08-31 21:00:00,29.1,office,0,3.68,0.9,0,6.729,0
2023-08-31 22:00:00,25.5,office,0,2.19,0.99,0,5.98,0
2023-08-31 23:00:00,24.6,office,0,1.56,1.18,0,4.372,0
2023-09-01 00:00:00,22.2,office,0,0.46,1.14,0,3.092,0
2023-09-01 01:00:00,24.6,office,0,1.32,0.26,0,4.287,0
2023-09-01 02:00:00,23.4,office,0,0.88,1.24,0,4.213,0
2023-09-01 03:00:00,22.7,office,0,0.59,0.89,0,3.242,0
2023-09-01 04:00:00,21.0,office,0,0.09,0.71,0,3.177,0
2023-09-01 05:00:00,26.8,office,0,2.46,0.9,0,5.973,0
2023-09-01 06:00:00,23.8,office,0,1.34,1.0,0,4.274,0
2023-09-01 07:00:00,26.0,office,11,2.69,0.94,0,6.251,0
2023-09-01 08:00:00,28.7,office,79,4.97,5.69,1,12.497,0
2023-09-01 09:00:00,27.7,office,66,4.34,4.94,1,11.938,0
2023-09-01 10:00:00,28.4,office,56,4.8,4.46,1,12.388,0
2023-09-01 11:00:00,28.5,office,69,4.67,3.77,0,10.826,0
2023-09-01 12:00:00,33.6,office,70,7.52,3.91,0,13.169,0
2023-09-01 13:00:00,32.2,office,31,6.21,1.96,0,10.383,0
2023-09-01 14:00:00,37.6,office,61,9.51,3.74,0,16.158,0
2023-09-01 15:00:00,31.5,office,70,6.39,4.86,0,12.672,0
2023-09-01 16:00:00,31.1,office,64,5.91,3.67,0,11.575,0
2023-09-01 17:00:00,30.9,office,48,5.51,4.14,1,11.749,0
2023-09-01 18:00:00,31.0,office,14,5.22,2.31,1,9.837,0
2023-09-01 19:00:00,28.8,office,20,4.26,3.22,1,10.599,0
2023-09-01 20:00:00,29.1,office,0,3.85,1.27,1,7.559,0
2023-09-01 21:00:00,25.4,office,0,2.08,0.46,0,4.041,0
2023-09-01 22:00:00,23.6,office,0,1.17,0.47,0,4.64,0
2023-09-01 23:00:00,21.9,office,0,0.33,1.49,0,4.025,0
2023-09-02 00:00:00,20.3,office,0,0.41,0.94,0,3.621,0
2023-09-02 01:00:00,22.4,office,0,0.54,0.38,0,2.365,0
2023-09-02 02:00:00,22.5,office,0,0.52,0.55,0,3.122,0
2023-09-02 03:00:00,22.2,office,0,0.22,0.42,0,2.995,0
2023-09-02 04:00:00,25.5,office,0,2.12,0.36,0,3.882,0
2023-09-02 05:00:00,26.3,office,0,2.39,1.24,0,5.445,0
2023-09-02 06:00:00,25.0,office,0,1.65,0.84,0,4.829,0
2023-09-02 07:00:00,24.0,office,0,1.4,1.02,0,4.499,0
2023-09-02 08:00:00,27.1,office,0,2.9,1.63,1,6.992,0
2023-09-02 09:00:00,28.4,office,0,3.67,1.92,1,7.587,0
2023-09-02 10:00:00,29.5,office,0,3.83,1.53,1,9.197,0
2023-09-02 11:00:00,30.5,office,0,4.57,0.6,0,7.855,0
2023-09-02 12:00:00,31.3,office,0,4.77,1.05,0,8.401,0
2023-09-02 13:00:00,32.2,office,0,5.55,0.4,0,8.686,0
2023-09-02 14:00:00,32.0,office,0,5.05,1.0,0,8.654,0
2023-09-02 15:00:00,33.1,office,0,5.88,1.31,0,8.564,0
2023-09-02 16:00:00,32.8,office,0,5.8,0.36,0,8.324,0
2023-09-02 17:00:00,30.1,office,0,4.23,2.37,1,9.3,0
2023-09-02 18:00:00,32.4,office,0,5.68,1.3,1,9.776,0
2023-09-02 19:00:00,27.8,office,0,3.33,1.65,1,7.21,0
2023-09-02 20:00:00,25.5,office,0,1.9,1.99,1,6.941,0
2023-09-02 21:00:00,27.2,office,0,2.6,0.93,0,5.881,0
2023-09-02 22:00:00,24.2,office,0,1.25,0.33,0,4.5,0
2023-09-02 23:00:00,24.9,office,0,1.59,1.24,0,5.527,0
2023-09-03 00:00:00,19.8,office,0,0.44,1.47,0,4.478,0
2023-09-03 01:00:00,25.0,office,0,1.98,0.44,0,4.249,0
2023-09-03 02:00:00,23.8,office,0,0.94,1.36,0,4.563,0
2023-09-03 03:00:00,20.7,office,0,0.24,0.92,0,3.531,0
2023-09-03 04:00:00,21.2,office,0,0.27,1.42,0,4.284,0
2023-09-03 05:00:00,26.8,office,0,2.45,0.43,0,4.774,0
2023-09-03 06:00:00,24.2,office,0,1.29,1.23,0,5.284,0
2023-09-03 07:00:00,25.2,office,0,1.76,0.28,0,4.688,0
2023-09-03 08:00:00,24.4,office,0,1.47,2.35,1,6.777,0
2023-09-03 09:00:00,28.5,office,0,3.58,2.08,1,8.001,0
2023-09-03 10:00:00,29.9,office,0,4.3,1.68,1,9.468,0
2023-09-03 11:00:00,32.4,office,0,5.27,0.45,0,7.036,0
2023-09-03 12:00:00,30.0,office,0,4.41,1.26,0,7.648,0
2023-09-03 13:00:00,30.3,office,0,4.49,0.98,0,8.811,0
2023-09-03 14:00:00,33.5,office,0,6.19,0.67,0,9.458,0
2023-09-03 15:00:00,34.1,office,0,6.27,0.78,0,9.568,0
2023-09-03 16:00:00,29.8,office,0,4.35,1.27,0,8.679,0
2023-09-03 17:00:00,32.9,office,0,5.88,1.64,1,9.617,0
2023-09-03 18:00:00,30.3,office,0,4.37,1.32,1,8.674,0
2023-09-03 19:00:00,30.7,office,0,4.54,2.38,1,10.022,0
2023-09-03 20:00:00,27.7,office,0,3.32,1.7,1,7.476,0
2023-09-03 21:00:00,22.7,office,0,0.71,0.65,0,3.341,0
2023-09-03 22:00:00,25.1,office,0,2.01,0.47,0,5.404,0
2023-09-03 23:00:00,25.8,office,0,2.3,1.37,0,5.447,0
2023-09-04 00:00:00,21.9,office,0,0.3,0.48,0,2.58,0
2023-09-04 01:00:00,22.2,office,0,0.16,1.03,0,3.042,0
2023-09-04 02:00:00,22.3,office,0,0.86,3.23,0,11.598,1
2023-09-04 03:00:00,18.4,office,0,0.48,0.25,0,3.136,0
2023-09-04 04:00:00,25.8,office,0,2.06,1.28,0,4.841,0
2023-09-04 05:00:00,22.7,office,0,0.4,0.73,0,3.378,0
2023-09-04 06:00:00,25.8,office,0,2.25,1.06,0,5.123,0
2023-09-04 07:00:00,26.2,office,12,2.71,1.28,0,6.381,0
2023-09-04 08:00:00,29.5,office,73,5.35,5.75,1,14.065,0
2023-09-04 09:00:00,29.5,office,55,5.0,4.28,1,11.767,0
2023-09-04 10:00:00,29.7,office,49,5.06,3.68,1,12.09,0
2023-09-04 11:00:00,29.8,office,59,5.09,4.38,0,10.647,0
2023-09-04 12:00:00,33.1,office,34,6.62,1.92,0,10.817,0
2023-09-04 13:00:00,29.6,office,74,5.44,4.97,0,13.738,0
2023-09-04 14:00:00,33.6,office,33,6.89,2.07,0,11.845,0
2023-09-04 15:00:00,30.8,office,40,5.6,2.71,0,11.032,0
2023-09-04 16:00:00,33.8,office,58,7.39,4.17,0,13.02,0
2023-09-04 17:00:00,31.4,office,56,13.66,8.96,1,53.122,1
2023-09-04 18:00:00,31.0,office,20,5.16,3.33,1,10.344,0
2023-09-04 19:00:00,29.0,office,19,4.1,2.8,1,10.298,0
2023-09-04 20:00:00,25.0,office,0,1.67,1.68,1,6.597,0
2023-09-04 21:00:00,25.0,office,0,1.92,1.06,0,5.254,0
2023-09-04 22:00:00,26.1,office,0,2.29,0.64,0,5.1,0
2023-09-04 23:00:00,24.3,office,0,1.57,0.65,0,3.929,0
2023-09-05 00:00:00,24.8,office,0,1.45,1.15,0,5.113,0
2023-09-05 01:00:00,23.2,office,0,0.67,0.6,0,3.449,0
2023-09-05 02:00:00,20.9,office,0,0.49,0.46,0,3.679,0
2023-09-05 03:00:00,21.4,office,0,0.29,1.25,0,4.414,0
2023-09-05 04:00:00,23.2,office,0,0.85,1.25,0,4.341,0
2023-09-05 05:00:00,20.4,office,0,0.26,0.85,0,3.311,0
2023-09-05 06:00:00,27.4,office,0,2.81,0.88,0,6.322,0
2023-09-05 07:00:00,26.7,office,11,2.93,1.65,0,7.174,0
2023-09-05 08:00:00,29.2,office,51,4.66,4.41,1,11.961,0
2023-09-05 09:00:00,26.3,office,68,3.8,5.14,1,11.243,0
2023-09-05 10:00:00,31.7,office,39,5.92,4.44,1,12.805,0
2023-09-05 11:00:00,34.3,office,50,7.61,2.89,0,13.046,0
2023-09-05 12:00:00,29.7,office,75,5.61,4.72,0,13.307,0
2023-09-05 13:00:00,33.4,office,50,6.77,3.85,0,12.997,0
2023-09-05 14:00:00,32.4,office,76,19.9,9.81,0,70.533,1
2023-09-05 15:00:00,29.9,office,52,5.04,3.95,0,9.833,0
2023-09-05 16:00:00,32.5,office,55,10.55,5.83,0,55.465,1
2023-09-05 17:00:00,32.2,office,38,12.55,7.78,1,40.938,1
2023-09-05 18:00:00,29.0,office,16,4.08,3.11,1,9.783,0
2023-09-05 19:00:00,30.4,office,8,4.4,2.11,1,9.894,0
2023-09-05 20:00:00,24.9,office,0,1.68,2.12,1,7.012,0
2023-09-05 21:00:00,23.8,office,0,1.37,0.39,0,3.839,0
2023-09-05 22:00:00,25.1,office,0,1.91,1.18,0,5.053,0
2023-09-05 23:00:00,23.9,office,0,0.99,0.91,0,4.529,0
2023-09-06 00:00:00,21.8,office,0,0.11,0.55,0,3.242,0
2023-09-06 01:00:00,23.6,office,0,1.14,0.84,0,3.452,0
2023-09-06 02:00:00,23.0,office,0,0.95,1.11,0,4.651,0
2023-09-06 03:00:00,23.6,office,0,0.82,0.22,0,3.552,0
2023-09-06 04:00:00,22.7,office,0,0.76,1.03,0,3.337,0
2023-09-06 05:00:00,24.5,office,0,1.53,0.9,0,4.664,0
2023-09-06 06:00:00,24.0,office,0,1.27,0.49,0,3.838,0
2023-09-06 07:00:00,29.0,office,15,4.28,1.93,0,8.65,0
2023-09-06 08:00:00,26.0,office,45,3.27,3.84,1,8.86,0
2023-09-06 09:00:00,31.6,office,59,6.41,4.51,1,13.029,0
2023-09-06 10:00:00,29.7,office,37,4.77,3.66,1,10.749,0
2023-09-06 11:00:00,28.7,office,47,4.57,3.43,0,10.444,0
2023-09-06 12:00:00,33.6,office,58,7.27,4.31,0,13.496,0
2023-09-06 13:00:00,32.2,office,45,6.16,2.63,0,11.276,0
2023-09-06 14:00:00,33.5,office,39,6.82,2.67,0,12.53,0
2023-09-06 15:00:00,33.8,office,36,17.08,4.21,0,51.467,1
2023-09-06 16:00:00,32.0,office,33,5.73,2.84,0,11.572,0
2023-09-06 17:00:00,29.8,office,48,5.05,4.18,1,12.473,0
2023-09-06 18:00:00,31.1,office,17,5.26,2.97,1,10.886,0
2023-09-06 19:00:00,28.5,office,18,4.07,2.52,1,9.903,0
2023-09-06 20:00:00,28.2,office,0,3.33,2.3,1,9.11,0
2023-09-06 21:00:00,22.7,office,0,0.67,0.9,0,3.906,0
2023-09-06 22:00:00,25.3,office,0,1.7,1.43,0,4.912,0
2023-09-06 23:00:00,22.7,office,0,0.8,0.3,0,3.645,0
2023-09-07 00:00:00,25.1,office,0,1.83,0.87,0,3.901,0
2023-09-07 01:00:00,23.1,office,0,2.3,2.87,0,12.985,1
2023-09-07 02:00:00,22.3,office,0,0.55,0.98,0,3.805,0
2023-09-07 03:00:00,22.9,office,0,0.58,0.23,0,3.592,0
2023-09-07 04:00:00,21.1,office,0,0.26,1.46,0,5.009,0
2023-09-07 05:00:00,25.9,office,0,2.43,0.59,0,5.143,0
2023-09-07 06:00:00,27.5,office,0,2.79,0.52,0,5.364,0
2023-09-07 07:00:00,26.3,office,12,2.73,1.43,0,6.405,0
2023-09-07 08:00:00,29.4,office,40,4.98,3.9,1,11.667,0
2023-09-07 09:00:00,27.4,office,50,3.85,4.7,1,10.734,0
2023-09-07 10:00:00,28.3,office,66,4.9,5.01,1,13.047,0
2023-09-07 11:00:00,30.6,office,76,6.29,4.57,0,12.795,0
2023-09-07 12:00:00,32.0,office,50,6.37,3.4,0,12.368,0
2023-09-07 13:00:00,31.2,office,42,5.56,2.81,0,10.779,0
2023-09-07 14:00:00,32.8,office,78,7.13,5.29,0,14.915,0
2023-09-07 15:00:00,32.3,office,40,5.97,3.31,0,12.63,0
2023-09-07 16:00:00,29.8,office,61,5.54,3.84,0,11.408,0
2023-09-07 17:00:00,31.3,office,62,6.31,4.3,1,13.641,0
2023-09-07 18:00:00,30.8,office,19,5.1,3.32,1,11.877,0
2023-09-07 19:00:00,28.5,office,20,3.83,2.36,1,9.454,0
2023-09-07 20:00:00,28.7,office,0,3.39,1.52,1,7.822,0
2023-09-07 21:00:00,23.9,office,0,1.33,0.4,0,3.271,0
2023-09-07 22:00:00,25.2,office,0,1.96,0.43,0,4.722,0
2023-09-07 23:00:00,21.7,office,0,0.46,1.24,0,4.053,0
2023-09-08 00:00:00,20.8,office,0,0.37,0.95,0,3.734,0
2023-09-08 01:00:00,21.0,office,0,0.41,1.44,0,4.087,0
2023-09-08 02:00:00,20.4,office,0,0.37,0.5,0,2.59,0
2023-09-08 03:00:00,21.1,office,0,0.32,0.83,0,3.653,0
2023-09-08 04:00:00,22.1,office,0,0.26,1.47,0,4.696,0
2023-09-08 05:00:00,24.5,office,0,1.7,1.27,0,4.962,0
2023-09-08 06:00:00,23.8,office,0,1.23,1.15,0,4.691,0
2023-09-08 07:00:00,23.1,office,14,1.03,1.15,0,5.222,0
2023-09-08 08:00:00,28.5,office,61,4.51,5.25,1,12.435,0
2023-09-08 09:00:00,26.8,office,31,3.17,3.2,1,9.083,0
2023-09-08 10:00:00,29.2,office,35,4.57,3.64,1,10.35,0
2023-09-08 11:00:00,31.0,office,55,5.74,3.74,0,11.984,0
2023-09-08 12:00:00,31.4,office,62,6.05,4.09,0,13.302,0
2023-09-08 13:00:00,33.2,office,59,7.04,4.09,0,14.584,0
2023-09-08 14:00:00,32.5,office,45,6.23,3.31,0,12.054,0
2023-09-08 15:00:00,30.3,office,43,5.41,2.44,0,10.332,0
2023-09-08 16:00:00,34.4,office,67,7.78,4.14,0,14.812,0
2023-09-08 17:00:00,30.6,office,52,5.63,4.66,1,13.035,0
2023-09-08 18:00:00,29.0,office,6,3.69,1.88,1,8.337,0
2023-09-08 19:00:00,29.5,office,6,4.03,1.91,1,8.16,0
2023-09-08 20:00:00,27.1,office,0,2.76,1.36,1,7.648,0
2023-09-08 21:00:00,26.1,office,0,2.45,0.74,0,5.226,0
2023-09-08 22:00:00,28.0,office,0,3.39,1.48,0,6.82,0
2023-09-08 23:00:00,22.8,office,0,0.51,0.57,0,3.479,0
2023-09-09 00:00:00,21.7,office,0,0.31,0.89,0,3.123,0
2023-09-09 01:00:00,21.9,office,0,0.12,1.17,0,3.151,0
2023-09-09 02:00:00,23.2,office,0,1.09,0.22,0,3.748,0
2023-09-09 03:00:00,19.5,office,0,0.48,1.37,0,4.573,0
2023-09-09 04:00:00,19.3,office,0,0.28,0.7,0,2.899,0
2023-09-09 05:00:00,22.1,office,0,0.4,1.33,0,4.219,0
2023-09-09 06:00:00,21.6,office,0,0.4,0.25,0,4.106,0
2023-09-09 07:00:00,24.6,office,0,1.66,0.39,0,4.466,0
2023-09-09 08:00:00,27.3,office,0,3.0,1.62,1,7.754,0
2023-09-09 09:00:00,26.5,office,0,2.73,1.65,1,6.375,0
2023-09-09 10:00:00,26.9,office,0,2.75,2.3,1,7.854,0
2023-09-09 11:00:00,30.2,office,0,4.42,0.21,0,6.136,0
2023-09-09 12:00:00,32.2,office,0,5.52,1.03,0,7.751,0
2023-09-09 13:00:00,28.8,office,0,3.73,0.37,0,6.175,0
2023-09-09 14:00:00,32.8,office,0,5.77,1.27,0,9.689,0
2023-09-09 15:00:00,32.6,office,0,5.42,1.21,0,9.586,0
2023-09-09 16:00:00,32.3,office,0,5.34,0.85,0,8.345,0
2023-09-09 17:00:00,31.9,office,0,5.02,1.48,1,10.024,0
2023-09-09 18:00:00,32.4,office,0,5.45,2.02,1,9.497,0
2023-09-09 19:00:00,27.3,office,0,2.88,1.4,1,6.498,0
2023-09-09 20:00:00,26.7,office,0,2.85,1.45,1,7.253,0
2023-09-09 21:00:00,24.6,office,0,1.61,1.01,0,4.399,0
2023-09-09 22:00:00,24.1,office,0,1.44,1.49,0,5.142,0
2023-09-09 23:00:00,25.3,office,0,1.82,1.36,0,5.059,0
2023-09-10 00:00:00,20.0,office,0,0.42,0.97,0,3.599,0
2023-09-10 01:00:00,20.2,office,0,0.31,0.9,0,2.944,0
2023-09-10 02:00:00,23.4,office,0,1.05,1.5,0,4.28,0
2023-09-10 03:00:00,23.0,office,0,0.65,0.91,0,3.788,0
2023-09-10 04:00:00,21.5,office,0,0.27,0.75,0,2.269,0
2023-09-10 05:00:00,24.1,office,0,1.37,1.38,0,5.053,0
2023-09-10 06:00:00,24.4,office,0,1.49,0.5,0,4.088,0
2023-09-10 07:00:00,27.3,office,0,3.11,0.33,0,5.084,0
2023-09-10 08:00:00,26.5,office,0,2.7,2.02,1,7.977,0
2023-09-10 09:00:00,29.2,office,0,4.09,1.32,1,7.369,0
2023-09-10 10:00:00,32.8,office,0,16.3,2.78,1,44.719,1
2023-09-10 11:00:00,30.8,office,0,4.89,0.75,0,7.595,0
2023-09-10 12:00:00,30.7,office,0,4.77,0.91,0,7.611,0
2023-09-10 13:00:00,32.3,office,0,5.29,1.49,0,8.415,0
2023-09-10 14:00:00,30.8,office,0,4.61,0.49,0,6.941,0
2023-09-10 15:00:00,34.8,office,0,6.52,0.69,0,9.626,0
2023-09-10 16:00:00,30.9,office,0,4.45,0.37,0,7.536,0
2023-09-10 17:00:00,29.5,office,0,3.84,1.99,1,8.712,0
2023-09-10 18:00:00,27.6,office,0,2.8,2.15,1,7.826,0
2023-09-10 19:00:00,29.3,office,0,4.01,1.83,1,8.161,0
2023-09-10 20:00:00,27.6,office,0,3.01,1.52,1,6.092,0
2023-09-10 21:00:00,24.3,office,0,1.31,1.01,0,4.966,0
2023-09-10 22:00:00,24.7,office,0,1.73,0.9,0,5.371,0
2023-09-10 23:00:00,20.5,office,0,0.42,0.42,0,3.896,0
2023-09-11 00:00:00,22.1,office,0,0.54,0.73,0,2.689,0
2023-09-11 01:00:00,22.0,office,0,0.32,0.77,0,3.287,0
2023-09-11 02:00:00,23.7,office,0,1.08,1.48,0,5.303,0
2023-09-11 03:00:00,20.1,office,0,0.15,1.3,0,4.253,0
2023-09-11 04:00:00,19.9,office,0,0.11,1.15,0,2.45,0
2023-09-11 05:00:00,21.2,office,0,0.11,1.36,0,4.043,0
2023-09-11 06:00:00,21.6,office,0,0.2,1.16,0,3.85,0
2023-09-11 07:00:00,26.8,office,14,3.18,2.07,0,6.934,0
2023-09-11 08:00:00,28.4,office,61,4.42,4.32,1,11.515,0
2023-09-11 09:00:00,27.9,office,68,4.41,5.19,1,12.305,0
2023-09-11 10:00:00,30.5,office,71,5.76,5.72,1,14.362,0
2023-09-11 11:00:00,29.9,office,73,5.77,4.61,0,13.259,0
2023-09-11 12:00:00,30.3,office,60,5.53,3.43,0,11.564,0
2023-09-11 13:00:00,30.5,office,48,5.44,3.04,0,10.872,0
2023-09-11 14:00:00,30.7,office,64,5.7,3.81,0,11.269,0
2023-09-11 15:00:00,28.6,office,30,4.1,2.04,0,7.906,0
2023-09-11 16:00:00,30.9,office,36,5.22,2.45,0,9.792,0
2023-09-11 17:00:00,29.6,office,57,5.21,4.72,1,13.264,0
2023-09-11 18:00:00,29.7,office,9,4.08,2.76,1,8.856,0
2023-09-11 19:00:00,27.6,office,13,3.46,2.81,1,8.941,0
2023-09-11 20:00:00,25.9,office,0,2.23,2.29,1,7.493,0
2023-09-11 21:00:00,23.5,office,0,1.11,1.35,0,4.115,0
2023-09-11 22:00:00,23.7,office,0,1.06,0.74,0,4.275,0
2023-09-11 23:00:00,23.7,office,0,1.04,0.65,0,3.237,0
2023-09-12 00:00:00,19.9,office,0,0.05,0.27,0,2.776,0
2023-09-12 01:00:00,21.2,office,0,0.26,1.41,0,4.41,0
2023-09-12 02:00:00,21.3,office,0,0.26,0.29,0,1.992,0
2023-09-12 03:00:00,20.0,office,0,0.23,1.16,0,3.232,0
2023-09-12 04:00:00,20.7,office,0,0.37,0.69,0,3.932,0
2023-09-12 05:00:00,22.7,office,0,0.77,1.43,0,3.985,0
2023-09-12 06:00:00,21.7,office,0,0.38,0.75,0,3.492,0
2023-09-12 07:00:00,25.1,office,16,1.94,2.06,0,5.875,0
2023-09-12 08:00:00,24.6,office,78,3.17,5.47,1,11.078,0
2023-09-12 09:00:00,28.8,office,55,4.54,4.34,1,12.245,0
2023-09-12 10:00:00,31.9,office,53,6.36,4.62,1,13.89,0
2023-09-12 11:00:00,28.2,office,32,3.93,3.1,0,8.924,0
2023-09-12 12:00:00,31.0,office,55,5.67,3.62,0,11.023,0
2023-09-12 13:00:00,29.6,office,33,4.89,3.07,0,9.929,0
2023-09-12 14:00:00,32.5,office,66,6.88,4.52,0,13.847,0
2023-09-12 15:00:00,28.8,office,65,4.88,4.48,0,11.725,0
2023-09-12 16:00:00,31.0,office,42,5.36,2.87,0,9.84,0
2023-09-12 17:00:00,28.1,office,53,4.38,4.35,1,12.523,0
2023-09-12 18:00:00,28.1,office,14,7.95,3.33,1,35.226,1
2023-09-12 19:00:00,25.7,office,7,2.29,2.8,1,7.615,0
2023-09-12 20:00:00,27.1,office,0,7.07,4.72,1,39.496,1
2023-09-12 21:00:00,23.4,office,0,0.77,1.17,0,4.455,0
2023-09-12 22:00:00,24.2,office,0,1.38,0.59,0,4.34,0
2023-09-12 23:00:00,21.9,office,0,0.4,0.52,0,2.6,0
2023-09-13 00:00:00,21.2,office,0,0.26,1.49,0,4.84,0
2023-09-13 01:00:00,21.1,office,0,0.05,0.29,0,2.498,0
2023-09-13 02:00:00,19.5,office,0,0.29,1.3,0,4.033,0
2023-09-13 03:00:00,21.2,office,0,0.31,0.66,0,3.214,0
2023-09-13 04:00:00,23.7,office,0,1.21,0.74,0,3.865,0
2023-09-13 05:00:00,21.0,office,0,0.38,1.28,0,4.387,0
2023-09-13 06:00:00,24.9,office,0,1.84,0.32,0,4.785,0
2023-09-13 07:00:00,26.6,office,17,2.97,1.51,0,6.505,0
2023-09-13 08:00:00,24.5,office,62,2.6,5.54,1,10.878,0
2023-09-13 09:00:00,24.8,office,58,2.76,5.01,1,11.009,0
2023-09-13 10:00:00,28.6,office,78,5.25,6.08,1,14.359,0
2023-09-13 11:00:00,28.4,office,65,4.98,4.43,0,12.716,0
2023-09-13 12:00:00,32.8,office,47,6.38,2.63,0,10.632,0
2023-09-13 13:00:00,30.6,office,69,5.95,3.91,0,12.366,0
2023-09-13 14:00:00,29.5,office,73,5.37,4.49,0,11.561,0
2023-09-13 15:00:00,28.8,office,69,4.89,4.13,0,10.765,0
2023-09-13 16:00:00,31.7,office,37,17.04,4.96,0,30.831,1
2023-09-13 17:00:00,28.4,office,38,4.26,4.12,1,10.525,0
2023-09-13 18:00:00,28.3,office,8,3.31,1.62,1,6.996,0
2023-09-13 19:00:00,28.4,office,17,10.22,4.77,1,43.384,1
2023-09-13 20:00:00,25.0,office,0,1.91,1.2,1,5.828,0
2023-09-13 21:00:00,24.3,office,0,1.63,0.28,0,4.413,0
2023-09-13 22:00:00,23.2,office,0,0.69,0.73,0,2.627,0
2023-09-13 23:00:00,23.2,office,0,0.9,1.29,0,4.115,0
2023-09-14 00:00:00,22.0,office,0,0.21,0.39,0,2.601,0
2023-09-14 01:00:00,20.3,office,0,0.17,0.92,0,3.542,0
2023-09-14 02:00:00,20.6,office,0,0.28,1.08,0,2.789,0
2023-09-14 03:00:00,20.1,office,0,0.39,0.5,0,4.548,0
2023-09-14 04:00:00,18.9,office,0,0.02,1.6,0,8.834,1
2023-09-14 05:00:00,22.3,office,0,0.63,1.38,0,4.978,0
2023-09-14 06:00:00,25.8,office,0,2.3,0.87,0,4.691,0
2023-09-14 07:00:00,22.8,office,16,1.1,1.2,0,5.653,0
2023-09-14 08:00:00,24.3,office,80,3.13,6.02,1,11.368,0
2023-09-14 09:00:00,25.5,office,51,2.96,4.52,1,10.768,0
2023-09-14 10:00:00,29.0,office,65,5.18,4.49,1,12.574,0
2023-09-14 11:00:00,29.7,office,53,5.1,2.97,0,9.735,0
2023-09-14 12:00:00,29.6,office,78,5.81,4.3,0,12.014,0
2023-09-14 13:00:00,28.9,office,39,4.32,2.33,0,9.278,0
2023-09-14 14:00:00,30.6,office,42,5.29,2.64,0,9.712,0
2023-09-14 15:00:00,27.9,office,68,4.59,4.19,0,10.508,0
2023-09-14 16:00:00,30.0,office,62,5.4,3.78,0,11.393,0
2023-09-14 17:00:00,30.3,office,55,5.46,5.11,1,12.756,0
2023-09-14 18:00:00,26.1,office,6,2.42,2.3,1,7.405,0
2023-09-14 19:00:00,24.5,office,6,1.8,2.64,1,7.283,0
2023-09-14 20:00:00,27.8,office,0,3.16,1.89,1,7.608,0
2023-09-14 21:00:00,23.3,office,0,0.83,0.32,0,2.581,0
2023-09-14 22:00:00,24.7,office,0,1.47,0.8,0,4.793,0
2023-09-14 23:00:00,21.7,office,0,0.2,1.27,0,3.538,0
2023-09-15 00:00:00,20.7,office,0,0.26,0.45,0,2.546,0
2023-09-15 01:00:00,21.1,office,0,0.37,0.32,0,3.373,0
2023-09-15 02:00:00,18.9,office,0,0.06,0.63,0,3.793,0
2023-09-15 03:00:00,20.6,office,0,0.11,0.71,0,2.58,0
2023-09-15 04:00:00,20.3,office,0,0.19,0.6,0,2.24,0
2023-09-15 05:00:00,19.7,office,0,0.18,0.38,0,2.773,0
2023-09-15 06:00:00,23.2,office,0,0.8,0.53,0,3.578,0
2023-09-15 07:00:00,23.5,office,6,1.27,1.39,0,4.937,0
2023-09-15 08:00:00,25.0,office,38,5.99,7.0,1,45.298,1
2023-09-15 09:00:00,24.7,office,75,3.1,5.77,1,12.296,0
2023-09-15 10:00:00,30.1,office,51,5.38,4.45,1,12.311,0
2023-09-15 11:00:00,30.1,office,60,5.37,3.91,0,11.806,0
2023-09-15 12:00:00,31.0,office,63,6.12,3.67,0,12.495,0
2023-09-15 13:00:00,29.6,office,59,5.25,3.83,0,10.959,0
2023-09-15 14:00:00,27.6,office,39,3.8,2.18,0,8.29,0
2023-09-15 15:00:00,33.0,office,68,7.26,4.16,0,12.984,0
2023-09-15 16:00:00,29.5,office,62,5.11,4.04,0,11.181,0
2023-09-15 17:00:00,27.6,office,38,4.0,3.34,1,10.031,0
2023-09-15 18:00:00,28.4,office,15,3.78,2.28,1,8.892,0
2023-09-15 19:00:00,28.3,office,15,3.75,2.24,1,8.712,0
2023-09-15 20:00:00,25.2,office,0,2.04,1.29,1,6.57,0
2023-09-15 21:00:00,25.9,office,0,2.36,0.65,0,4.714,0
2023-09-15 22:00:00,24.4,office,0,1.5,1.47,0,5.443,0
2023-09-15 23:00:00,20.1,office,0,0.38,0.66,0,2.157,0
2023-09-16 00:00:00,19.7,office,0,0.22,0.8,0,2.453,0
2023-09-16 01:00:00,21.6,office,0,0.27,1.05,0,3.365,0
2023-09-16 02:00:00,15.9,office,0,0.03,1.04,0,3.21,0
2023-09-16 03:00:00,20.0,office,0,0.04,1.43,0,3.458,0
2023-09-16 04:00:00,18.5,office,0,0.41,1.31,0,3.445,0
2023-09-16 05:00:00,20.8,office,0,0.03,1.23,0,4.262,0
2023-09-16 06:00:00,22.1,office,0,0.13,1.44,0,4.728,0
2023-09-16 07:00:00,23.2,office,0,1.0,0.5,0,3.892,0
2023-09-16 08:00:00,24.2,office,0,1.1,2.0,1,6.711,0
2023-09-16 09:00:00,24.7,office,0,1.49,2.35,1,6.5,0
2023-09-16 10:00:00,30.9,office,0,4.74,2.01,1,10.098,0
2023-09-16 11:00:00,31.3,office,0,4.95,1.47,0,8.311,0
2023-09-16 12:00:00,27.6,office,0,3.19,0.33,0,6.021,0
2023-09-16 13:00:00,32.2,office,0,5.35,0.77,0,8.26,0
2023-09-16 14:00:00,29.4,office,0,3.95,1.47,0,7.435,0
2023-09-16 15:00:00,30.0,office,0,4.36,0.69,0,6.833,0
2023-09-16 16:00:00,29.2,office,0,3.85,1.16,0,6.982,0
2023-09-16 17:00:00,27.6,office,0,3.1,1.24,1,7.455,0
2023-09-16 18:00:00,29.0,office,0,3.95,2.1,1,9.115,0
2023-09-16 19:00:00,26.5,office,0,2.45,2.42,1,8.406,0
2023-09-16 20:00:00,24.3,office,0,1.34,1.7,1,6.688,0
2023-09-16 21:00:00,21.8,office,0,0.0,0.23,0,2.915,0
2023-09-16 22:00:00,21.2,office,0,0.31,0.24,0,3.323,0
2023-09-16 23:00:00,19.0,office,0,0.01,1.36,0,3.273,0
2023-09-17 00:00:00,20.5,office,0,0.25,1.14,0,3.137,0
2023-09-17 01:00:00,18.2,office,0,0.4,0.34,0,4.022,0
2023-09-17 02:00:00,19.4,office,0,0.27,0.27,0,3.023,0
2023-09-17 03:00:00,22.0,office,0,0.13,1.25,0,4.031,0
2023-09-17 04:00:00,22.2,office,0,0.49,1.25,0,3.738,0
2023-09-17 05:00:00,21.2,office,0,0.13,0.36,0,2.924,0
2023-09-17 06:00:00,22.2,office,0,0.47,0.59,0,2.162,0
2023-09-17 07:00:00,26.3,office,0,2.46,1.21,0,6.159,0
2023-09-17 08:00:00,25.6,office,0,1.88,1.88,1,6.813,0
2023-09-17 09:00:00,25.6,office,0,2.25,2.44,1,7.692,0
2023-09-17 10:00:00,25.1,office,0,1.65,1.83,1,5.681,0
2023-09-17 11:00:00,28.9,office,0,3.94,1.08,0,7.066,0
2023-09-17 12:00:00,30.4,office,0,4.2,0.86,0,7.612,0
2023-09-17 13:00:00,28.7,office,0,3.48,1.43,0,7.29,0
2023-09-17 14:00:00,30.2,office,0,4.2,0.72,0,7.225,0
2023-09-17 15:00:00,29.1,office,0,3.56,0.5,0,6.334,0
2023-09-17 16:00:00,28.8,office,0,3.77,0.62,0,7.772,0
2023-09-17 17:00:00,24.6,office,0,1.65,2.31,1,7.504,0
2023-09-17 18:00:00,26.9,office,0,2.85,1.85,1,7.272,0
2023-09-17 19:00:00,27.5,office,0,2.88,1.66,1,7.266,0
2023-09-17 20:00:00,23.8,office,0,1.12,1.91,1,6.06,0
2023-09-17 21:00:00,23.6,office,0,1.13,0.37,0,3.427,0
2023-09-17 22:00:00,21.1,office,0,0.22,0.21,0,2.157,0
2023-09-17 23:00:00,21.8,office,0,0.35,0.56,0,2.612,0
2023-09-18 00:00:00,19.9,office,0,0.32,0.99,0,2.901,0
2023-09-18 01:00:00,18.3,office,0,0.06,1.13,0,3.878,0
2023-09-18 02:00:00,21.5,office,0,0.39,1.27,0,3.952,0
2023-09-18 03:00:00,21.1,office,0,0.36,1.4,0,3.135,0
2023-09-18 04:00:00,19.3,office,0,0.33,0.74,0,4.019,0
2023-09-18 05:00:00,21.8,office,0,0.08,1.16,0,4.463,0
2023-09-18 06:00:00,22.9,office,0,0.58,0.3,0,3.603,0
2023-09-18 07:00:00,24.2,office,10,1.5,0.77,0,4.45,0
2023-09-18 08:00:00,22.0,office,55,1.24,4.11,1,7.655,0
2023-09-18 09:00:00,27.4,office,69,4.19,5.23,1,11.184,0
2023-09-18 10:00:00,26.2,office,77,4.04,5.32,1,11.82,0
2023-09-18 11:00:00,27.5,office,49,4.05,3.02,0,9.282,0
2023-09-18 12:00:00,32.8,office,67,7.02,4.39,0,14.043,0
2023-09-18 13:00:00,29.8,office,51,5.03,3.22,0,11.479,0
2023-09-18 14:00:00,29.0,office,62,5.2,4.02,0,11.953,0
2023-09-18 15:00:00,26.1,office,62,3.39,3.84,0,9.622,0
2023-09-18 16:00:00,31.0,office,64,6.18,3.62,0,12.154,0
2023-09-18 17:00:00,26.1,office,61,3.75,4.35,1,11.097,0
2023-09-18 18:00:00,25.5,office,14,2.39,2.21,1,7.754,0
2023-09-18 19:00:00,25.3,office,20,2.55,2.28,1,7.656,0
2023-09-18 20:00:00,26.7,office,0,2.68,2.0,1,6.932,0
2023-09-18 21:00:00,24.4,office,0,1.31,1.23,0,4.236,0
2023-09-18 22:00:00,21.8,office,0,0.1,0.64,0,3.036,0
2023-09-18 23:00:00,21.5,office,0,0.16,0.7,0,2.928,0
2023-09-19 00:00:00,19.1,office,0,0.0,1.26,0,4.285,0
2023-09-19 01:00:00,19.7,office,0,0.34,0.49,0,2.904,0
2023-09-19 02:00:00,19.4,office,0,0.13,0.35,0,2.919,0
2023-09-19 03:00:00,20.9,office,0,0.41,0.85,0,2.177,0
2023-09-19 04:00:00,21.4,office,0,0.18,1.04,0,3.42,0
2023-09-19 05:00:00,21.5,office,0,0.24,0.98,0,3.412,0
2023-09-19 06:00:00,21.3,office,0,0.48,1.13,0,4.34,0
2023-09-19 07:00:00,24.1,office,5,1.27,0.52,0,3.91,0
2023-09-19 08:00:00,24.2,office,53,2.52,4.41,1,10.559,0
2023-09-19 09:00:00,24.0,office,51,2.4,4.06,1,9.485,0
2023-09-19 10:00:00,26.2,office,73,3.67,5.84,1,12.297,0
2023-09-19 11:00:00,28.0,office,37,3.99,3.18,0,9.714,0
2023-09-19 12:00:00,30.0,office,56,5.3,3.37,0,11.584,0
2023-09-19 13:00:00,28.9,office,67,5.18,3.67,0,10.417,0
2023-09-19 14:00:00,27.5,office,49,4.04,2.98,0,9.7,0
2023-09-19 15:00:00,29.2,office,80,5.44,4.34,0,11.376,0
2023-09-19 16:00:00,28.8,office,76,5.31,4.42,0,12.041,0
2023-09-19 17:00:00,28.1,office,74,4.65,5.6,1,12.415,0
2023-09-19 18:00:00,28.2,office,5,3.58,2.72,1,9.369,0
2023-09-19 19:00:00,27.1,office,20,3.38,2.72,1,8.935,0
2023-09-19 20:00:00,23.4,office,0,1.14,1.49,1,5.519,0
2023-09-19 21:00:00,22.1,office,0,1.06,0.98,0,15.049,1
2023-09-19 22:00:00,20.3,office,0,0.2,0.42,0,3.2,0
2023-09-19 23:00:00,21.8,office,0,0.49,0.45,0,3.615,0
2023-09-20 00:00:00,21.9,office,0,0.19,1.19,0,3.839,0
2023-09-20 01:00:00,18.8,office,0,0.32,0.28,0,2.94,0
2023-09-20 02:00:00,18.7,office,0,0.08,1.5,0,3.456,0
2023-09-20 03:00:00,21.5,office,0,0.49,0.88,0,4.344,0
2023-09-20 04:00:00,20.5,office,0,0.35,0.91,0,2.983,0
2023-09-20 05:00:00,21.2,office,0,0.38,0.66,0,3.296,0
2023-09-20 06:00:00,19.8,office,0,0.03,1.1,0,3.7,0
2023-09-20 07:00:00,23.8,office,13,1.54,1.46,0,4.541,0
2023-09-20 08:00:00,22.7,office,71,2.16,5.18,1,9.336,0
2023-09-20 09:00:00,23.7,office,80,2.79,5.54,1,11.96,0
2023-09-20 10:00:00,26.1,office,79,3.78,6.35,1,12.737,0
2023-09-20 11:00:00,26.7,office,67,3.93,3.93,0,10.061,0
2023-09-20 12:00:00,28.1,office,66,4.43,4.07,0,10.678,0
2023-09-20 13:00:00,26.7,office,44,3.47,2.86,0,8.862,0
2023-09-20 14:00:00,30.5,office,76,5.89,4.11,0,12.701,0
2023-09-20 15:00:00,30.6,office,33,5.13,2.09,0,10.25,0
2023-09-20 16:00:00,25.5,office,67,3.17,3.8,0,9.318,0
2023-09-20 17:00:00,29.1,office,60,4.87,5.1,1,13.345,0
2023-09-20 18:00:00,25.4,office,10,1.94,2.23,1,6.746,0
2023-09-20 19:00:00,26.7,office,17,3.15,3.07,1,8.579,0
2023-09-20 20:00:00,24.0,office,0,1.27,2.12,1,7.14,0
2023-09-20 21:00:00,22.8,office,0,0.6,0.45,0,3.571,0
2023-09-20 22:00:00,21.3,office,0,0.27,0.93,0,3.501,0
2023-09-20 23:00:00,22.4,office,0,0.51,1.17,0,4.736,0
2023-09-21 00:00:00,17.7,office,0,0.46,1.02,0,4.414,0
2023-09-21 01:00:00,19.9,office,0,0.09,0.98,0,3.416,0
2023-09-21 02:00:00,20.5,office,0,0.15,1.16,0,3.971,0
2023-09-21 03:00:00,20.1,office,0,0.49,0.27,0,3.38,0
2023-09-21 04:00:00,23.0,office,0,0.69,1.15,0,3.923,0
2023-09-21 05:00:00,19.5,office,0,0.01,0.55,0,2.157,0
2023-09-21 06:00:00,22.8,office,0,0.47,0.94,0,3.309,0
2023-09-21 07:00:00,22.4,office,9,0.39,0.96,0,3.519,0
2023-09-21 08:00:00,25.7,office,73,3.8,5.94,1,12.723,0
2023-09-21 09:00:00,25.1,office,45,2.59,4.07,1,9.666,0
2023-09-21 10:00:00,25.8,office,32,3.0,3.64,1,9.032,0
2023-09-21 11:00:00,29.3,office,66,5.47,4.53,0,11.749,0
2023-09-21 12:00:00,27.4,office,74,4.48,5.06,0,11.794,0
2023-09-21 13:00:00,26.6,office,37,3.06,3.0,0,8.54,0
2023-09-21 14:00:00,28.1,office,42,3.93,2.49,0,9.092,0
2023-09-21 15:00:00,29.6,office,31,4.66,2.86,0,9.962,0
2023-09-21 16:00:00,30.3,office,58,5.51,3.9,0,11.362,0
2023-09-21 17:00:00,27.5,office,50,4.05,4.49,1,11.18,0
2023-09-21 18:00:00,28.3,office,18,3.73,3.3,1,9.536,0
2023-09-21 19:00:00,23.1,office,9,1.2,1.97,1,5.915,0
2023-09-21 20:00:00,23.2,office,0,0.87,1.51,1,4.326,0
2023-09-21 21:00:00,22.1,office,0,0.4,0.87,0,3.22,0
2023-09-21 22:00:00,21.2,office,0,0.45,1.18,0,4.244,0
2023-09-21 23:00:00,20.4,office,0,0.07,0.78,0,3.41,0
2023-09-22 00:00:00,20.3,office,0,0.11,1.02,0,4.23,0
2023-09-22 01:00:00,18.1,office,0,0.05,0.79,0,3.849,0
2023-09-22 02:00:00,18.8,office,0,0.07,0.99,0,3.057,0
2023-09-22 03:00:00,18.7,office,0,0.26,1.27,0,3.823,0
2023-09-22 04:00:00,17.9,office,0,0.16,0.43,0,3.542,0
2023-09-22 05:00:00,19.9,office,0,0.21,1.1,0,4.313,0
2023-09-22 06:00:00,20.9,office,0,0.49,1.22,0,4.383,0
2023-09-22 07:00:00,22.1,office,18,0.49,1.68,0,4.028,0
2023-09-22 08:00:00,23.7,office,74,2.6,5.32,1,9.81,0
2023-09-22 09:00:00,25.0,office,43,2.41,3.37,1,8.912,0
2023-09-22 10:00:00,25.5,office,56,3.03,5.04,1,11.072,0
2023-09-22 11:00:00,29.1,office,62,5.05,3.73,0,12.008,0
2023-09-22 12:00:00,26.2,office,79,4.15,4.61,0,11.508,0
2023-09-22 13:00:00,27.4,office,69,4.28,4.09,0,10.639,0
2023-09-22 14:00:00,32.8,office,60,6.63,3.85,0,12.792,0
2023-09-22 15:00:00,26.9,office,77,4.18,4.96,0,12.607,0
2023-09-22 16:00:00,25.9,office,76,3.54,5.0,0,10.538,0
2023-09-22 17:00:00,28.2,office,33,3.87,3.36,1,9.564,0
2023-09-22 18:00:00,23.0,office,9,0.99,2.51,1,6.581,0
2023-09-22 19:00:00,24.5,office,11,1.5,2.69,1,6.146,0
2023-09-22 20:00:00,26.8,office,0,2.63,1.59,1,6.705,0
2023-09-22 21:00:00,20.0,office,0,0.3,0.33,0,2.584,0
2023-09-22 22:00:00,18.1,office,0,0.21,1.36,0,3.738,0
2023-09-22 23:00:00,17.8,office,0,0.01,1.08,0,3.331,0
2023-09-23 00:00:00,20.4,office,0,0.49,1.04,0,3.909,0
2023-09-23 01:00:00,20.2,office,0,0.18,0.28,0,2.629,0
2023-09-23 02:00:00,17.6,office,0,0.39,1.26,0,3.817,0
2023-09-23 03:00:00,19.6,office,0,0.16,0.94,0,3.955,0
2023-09-23 04:00:00,21.1,office,0,0.24,1.3,0,3.695,0
2023-09-23 05:00:00,22.5,office,0,0.44,1.47,0,4.218,0
2023-09-23 06:00:00,20.5,office,0,0.17,1.44,0,3.738,0
2023-09-23 07:00:00,18.6,office,0,0.01,1.31,0,3.791,0
2023-09-23 08:00:00,22.1,office,0,0.23,1.21,1,4.775,0
2023-09-23 09:00:00,24.0,office,0,1.44,2.35,1,7.07,0
2023-09-23 10:00:00,25.5,office,0,2.1,1.3,1,6.991,0
2023-09-23 11:00:00,26.6,office,0,2.37,1.31,0,6.405,0
2023-09-23 12:00:00,29.4,office,0,4.0,0.56,0,7.084,0
2023-09-23 13:00:00,30.1,office,0,4.5,0.99,0,6.47,0
2023-09-23 14:00:00,28.1,office,0,3.4,0.25,0,6.317,0
2023-09-23 15:00:00,29.8,office,0,3.97,1.2,0,6.486,0
2023-09-23 16:00:00,28.2,office,0,3.53,0.35,0,6.782,0
2023-09-23 17:00:00,27.0,office,0,2.65,1.73,1,7.559,0
2023-09-23 18:00:00,27.2,office,0,2.83,2.26,1,7.911,0
2023-09-23 19:00:00,24.8,office,0,1.66,2.1,1,7.159,0
2023-09-23 20:00:00,26.5,office,0,2.68,1.21,1,6.196,0
2023-09-23 21:00:00,19.9,office,0,0.47,0.72,0,2.862,0
2023-09-23 22:00:00,20.1,office,0,0.46,0.25,0,3.063,0
2023-09-23 23:00:00,19.6,office,0,0.0,1.08,0,3.066,0
2023-09-24 00:00:00,19.5,office,0,0.46,1.46,0,5.037,0
2023-09-24 01:00:00,20.2,office,0,0.03,1.05,0,3.276,0
2023-09-24 02:00:00,18.1,office,0,0.13,0.49,0,1.871,0
2023-09-24 03:00:00,16.2,office,0,0.26,0.66,0,3.601,0
2023-09-24 04:00:00,20.1,office,0,0.24,1.47,0,3.091,0
2023-09-24 05:00:00,20.7,office,0,0.3,0.49,0,2.077,0
2023-09-24 06:00:00,17.7,office,0,0.24,0.93,0,3.215,0
2023-09-24 07:00:00,21.8,office,0,0.47,0.72,0,4.012,0
2023-09-24 08:00:00,20.7,office,0,0.12,2.2,1,5.338,0
2023-09-24 09:00:00,23.4,office,0,0.84,2.33,1,6.252,0
2023-09-24 10:00:00,24.3,office,0,1.61,1.64,1,5.165,0
2023-09-24 11:00:00,27.9,office,0,2.99,1.06,0,6.148,0
2023-09-24 12:00:00,27.6,office,0,3.1,0.91,0,5.634,0
2023-09-24 13:00:00,26.0,office,0,2.34,0.56,0,6.269,0
2023-09-24 14:00:00,29.4,office,0,3.95,0.55,0,6.734,0
2023-09-24 15:00:00,25.8,office,0,2.25,0.9,0,5.264,0
2023-09-24 16:00:00,27.9,office,0,3.04,0.4,0,6.572,0
2023-09-24 17:00:00,25.4,office,0,2.13,2.25,1,7.808,0
2023-09-24 18:00:00,25.1,office,0,1.62,1.29,1,5.662,0
2023-09-24 19:00:00,25.2,office,0,1.8,1.32,1,4.981,0
2023-09-24 20:00:00,23.9,office,0,0.99,1.64,1,5.332,0
2023-09-24 21:00:00,23.8,office,0,1.17,0.35,0,3.505,0
2023-09-24 22:00:00,20.5,office,0,0.33,0.82,0,3.675,0
2023-09-24 23:00:00,20.0,office,0,0.47,0.72,0,2.787,0
2023-09-25 00:00:00,17.9,office,0,0.37,1.14,0,3.051,0
2023-09-25 01:00:00,18.3,office,0,0.27,1.44,0,4.594,0
2023-09-25 02:00:00,18.5,office,0,0.47,1.18,0,2.977,0
2023-09-25 03:00:00,17.9,office,0,0.24,0.43,0,3.475,0
2023-09-25 04:00:00,15.8,office,0,0.28,1.42,0,4.353,0
2023-09-25 05:00:00,19.8,office,0,0.3,0.71,0,3.706,0
2023-09-25 06:00:00,20.9,office,0,0.2,0.82,0,3.333,0
2023-09-25 07:00:00,20.6,office,15,0.72,1.5,0,5.085,0
2023-09-25 08:00:00,21.0,office,72,1.53,5.16,1,8.557,0
2023-09-25 09:00:00,26.4,office,60,3.68,5.36,1,11.331,0
2023-09-25 10:00:00,26.1,office,63,3.67,4.78,1,11.235,0
2023-09-25 11:00:00,26.1,office,54,3.58,3.65,0,8.854,0
2023-09-25 12:00:00,25.5,office,50,3.19,3.01,0,7.537,0
2023-09-25 13:00:00,26.5,office,41,3.32,3.29,0,9.094,0
2023-09-25 14:00:00,29.8,office,59,5.4,4.16,0,11.728,0
2023-09-25 15:00:00,27.9,office,64,4.43,3.79,0,11.008,0
2023-09-25 16:00:00,26.4,office,51,3.45,3.64,0,9.013,0
2023-09-25 17:00:00,27.2,office,64,4.33,5.32,1,11.918,0
2023-09-25 18:00:00,24.2,office,16,1.89,2.73,1,7.192,0
2023-09-25 19:00:00,26.4,office,13,2.91,2.63,1,7.684,0
2023-09-25 20:00:00,24.9,office,0,1.52,1.95,1,6.491,0
2023-09-25 21:00:00,20.9,office,0,0.43,0.31,0,2.425,0
2023-09-25 22:00:00,19.4,office,0,0.47,1.07,0,4.165,0
2023-09-25 23:00:00,15.4,office,0,0.18,0.81,0,2.93,0
2023-09-26 00:00:00,16.1,office,0,0.26,0.77,0,2.953,0
2023-09-26 01:00:00,15.8,office,0,0.39,1.32,0,4.67,0
2023-09-26 02:00:00,17.8,office,0,0.65,0.43,0,9.418,1
2023-09-26 03:00:00,17.3,office,0,0.5,0.53,0,3.309,0
2023-09-26 04:00:00,16.3,office,0,0.23,0.36,0,2.219,0
2023-09-26 05:00:00,18.7,office,0,0.36,0.25,0,3.074,0
2023-09-26 06:00:00,20.9,office,0,0.4,0.56,0,3.048,0
2023-09-26 07:00:00,22.1,office,20,0.7,2.49,0,5.411,0
2023-09-26 08:00:00,19.8,office,42,1.27,3.65,1,8.1,0
2023-09-26 09:00:00,23.7,office,45,2.02,4.31,1,9.247,0
2023-09-26 10:00:00,23.1,office,47,1.7,3.7,1,8.106,0
2023-09-26 11:00:00,27.5,office,65,4.1,4.23,0,10.494,0
2023-09-26 12:00:00,28.1,office,49,4.23,3.93,0,10.758,0
2023-09-26 13:00:00,26.1,office,44,3.3,2.78,0,8.315,0
2023-09-26 14:00:00,26.5,office,49,3.69,3.75,0,10.2,0
2023-09-26 15:00:00,26.8,office,79,4.11,5.45,0,11.004,0
2023-09-26 16:00:00,23.6,office,48,1.94,3.37,0,6.651,0
2023-09-26 17:00:00,26.7,office,75,3.93,5.35,1,11.728,0
2023-09-26 18:00:00,24.7,office,11,1.92,2.63,1,6.86,0
2023-09-26 19:00:00,25.4,office,20,2.58,3.3,1,7.724,0
2023-09-26 20:00:00,21.0,office,0,0.32,1.42,1,4.74,0
2023-09-26 21:00:00,20.4,office,0,0.31,0.79,0,3.053,0
2023-09-26 22:00:00,17.9,office,0,0.28,0.61,0,3.811,0
2023-09-26 23:00:00,17.6,office,0,0.04,0.57,0,3.452,0
2023-09-27 00:00:00,16.3,office,0,0.36,1.32,0,3.956,0
2023-09-27 01:00:00,19.1,office,0,0.3,0.75,0,3.935,0
2023-09-27 02:00:00,16.3,office,0,0.33,0.64,0,4.134,0
2023-09-27 03:00:00,17.7,office,0,0.45,0.98,0,3.36,0
2023-09-27 04:00:00,17.5,office,0,0.39,0.49,0,4.113,0
2023-09-27 05:00:00,16.9,office,0,0.39,0.5,0,2.635,0
2023-09-27 06:00:00,19.6,office,0,0.46,0.88,0,3.582,0
2023-09-27 07:00:00,22.0,office,15,0.79,1.48,0,3.29,0
2023-09-27 08:00:00,20.6,office,60,1.49,4.58,1,9.391,0
2023-09-27 09:00:00,24.9,office,52,2.54,3.87,1,8.905,0
2023-09-27 10:00:00,23.6,office,65,2.33,5.13,1,11.448,0
2023-09-27 11:00:00,25.2,office,80,3.59,5.26,0,11.408,0
2023-09-27 12:00:00,27.5,office,76,4.28,5.11,0,11.708,0
2023-09-27 13:00:00,26.2,office,47,3.07,2.86,0,7.705,0
2023-09-27 14:00:00,27.4,office,48,3.69,3.38,0,8.636,0
2023-09-27 15:00:00,26.7,office,37,3.46,3.16,0,7.987,0
2023-09-27 16:00:00,26.9,office,66,4.02,4.03,0,10.466,0
2023-09-27 17:00:00,22.4,office,73,1.84,6.06,1,9.432,0
2023-09-27 18:00:00,22.1,office,17,0.44,3.22,1,6.401,0
2023-09-27 19:00:00,24.6,office,17,2.01,2.32,1,6.704,0
2023-09-27 20:00:00,23.9,office,0,1.11,1.54,1,6.528,0
2023-09-27 21:00:00,19.7,office,0,0.13,0.43,0,2.403,0
2023-09-27 22:00:00,19.5,office,0,0.33,0.45,0,4.218,0
2023-09-27 23:00:00,19.3,office,0,0.28,1.38,0,4.737,0
2023-09-28 00:00:00,18.9,office,0,0.18,1.41,0,4.749,0
2023-09-28 01:00:00,14.3,office,0,0.32,0.27,0,2.308,0
2023-09-28 02:00:00,15.8,office,0,0.14,0.97,0,2.888,0
2023-09-28 03:00:00,16.8,office,0,0.4,0.93,0,3.416,0
2023-09-28 04:00:00,18.9,office,0,0.11,0.71,0,2.778,0
2023-09-28 05:00:00,22.4,office,0,0.28,1.02,0,3.959,0
2023-09-28 06:00:00,19.3,office,0,0.39,1.43,0,3.56,0
2023-09-28 07:00:00,18.7,office,16,0.67,1.22,0,3.318,0
2023-09-28 08:00:00,22.7,office,79,2.02,5.31,1,10.335,0
2023-09-28 09:00:00,25.4,office,39,2.54,3.19,1,8.298,0
2023-09-28 10:00:00,24.8,office,48,2.78,4.07,1,9.29,0
2023-09-28 11:00:00,24.3,office,32,2.18,2.24,0,6.135,0
2023-09-28 12:00:00,27.9,office,48,4.07,3.16,0,9.082,0
2023-09-28 13:00:00,28.0,office,75,4.83,4.6,0,11.427,0
2023-09-28 14:00:00,25.6,office,35,2.56,2.94,0,7.834,0
2023-09-28 15:00:00,27.5,office,52,4.04,3.31,0,9.37,0
2023-09-28 16:00:00,28.0,office,58,4.17,3.53,0,9.879,0
2023-09-28 17:00:00,27.4,office,71,4.32,5.82,1,13.367,0
2023-09-28 18:00:00,24.5,office,13,1.55,2.95,1,7.748,0
2023-09-28 19:00:00,22.9,office,20,1.09,2.5,1,6.411,0
2023-09-28 20:00:00,24.0,office,0,1.21,1.61,1,5.884,0
2023-09-28 21:00:00,19.0,office,0,0.22,1.27,0,3.237,0
2023-09-28 22:00:00,20.3,office,0,0.02,0.3,0,2.952,0
2023-09-28 23:00:00,16.6,office,0,0.18,0.62,0,3.348,0
2023-09-29 00:00:00,19.2,office,0,0.38,0.78,0,3.726,0
2023-09-29 01:00:00,16.7,office,0,0.18,0.44,0,4.042,0
2023-09-29 02:00:00,18.8,office,0,0.36,0.43,0,2.905,0
2023-09-29 03:00:00,17.8,office,0,0.18,0.75,0,3.121,0
2023-09-29 04:00:00,15.7,office,0,0.21,1.18,0,3.997,0
2023-09-29 05:00:00,20.5,office,0,0.28,1.29,0,3.374,0
2023-09-29 06:00:00,21.7,office,0,0.48,1.47,0,3.503,0
2023-09-29 07:00:00,21.9,office,11,0.27,0.85,0,3.737,0
2023-09-29 08:00:00,20.8,office,42,0.86,3.58,1,6.823,0
2023-09-29 09:00:00,22.7,office,64,1.93,5.38,1,11.007,0
2023-09-29 10:00:00,24.6,office,47,2.71,4.25,1,9.046,0
2023-09-29 11:00:00,24.4,office,65,2.99,3.88,0,9.281,0
2023-09-29 12:00:00,28.8,office,74,5.12,4.17,0,11.511,0
2023-09-29 13:00:00,26.9,office,47,3.62,2.91,0,8.654,0
2023-09-29 14:00:00,22.8,office,38,1.48,2.66,0,7.153,0
2023-09-29 15:00:00,27.2,office,36,3.6,2.23,0,8.32,0
2023-09-29 16:00:00,25.7,office,69,3.55,4.9,0,10.277,0
2023-09-29 17:00:00,25.3,office,77,3.63,5.19,1,10.913,0
2023-09-29 18:00:00,23.8,office,12,1.51,3.08,1,7.752,0
2023-09-29 19:00:00,24.4,office,12,1.69,2.89,1,8.022,0
2023-09-29 20:00:00,23.6,office,0,1.03,1.75,1,6.074,0
2023-09-29 21:00:00,21.0,office,0,0.32,1.16,0,4.286,0
2023-09-29 22:00:00,18.9,office,0,0.23,1.07,0,3.586,0
2023-09-29 23:00:00,18.3,office,0,0.23,0.48,0,3.077,0
2023-09-30 00:00:00,17.3,office,0,0.01,0.64,0,3.396,0
2023-09-30 01:00:00,15.6,office,0,0.09,0.87,0,3.368,0
2023-09-30 02:00:00,17.5,office,0,0.24,1.03,0,3.515,0
2023-09-30 03:00:00,17.5,office,0,0.41,0.91,0,3.425,0
2023-09-30 04:00:00,19.6,office,0,0.14,0.81,0,4.126,0
2023-09-30 05:00:00,20.0,office,0,0.26,0.78,0,3.477,0
2023-09-30 06:00:00,18.1,office,0,0.17,0.85,0,3.147,0
2023-09-30 07:00:00,21.6,office,0,0.05,0.76,0,3.077,0
2023-09-30 08:00:00,20.2,office,0,0.48,1.9,1,5.246,0
2023-09-30 09:00:00,24.0,office,0,1.43,2.35,1,7.619,0
2023-09-30 10:00:00,23.4,office,0,0.74,2.02,1,5.255,0
2023-09-30 11:00:00,23.6,office,0,1.16,1.14,0,4.374,0
2023-09-30 12:00:00,26.4,office,0,2.37,0.98,0,5.722,0
2023-09-30 13:00:00,22.5,office,0,0.75,1.04,0,4.6,0
2023-09-30 14:00:00,24.0,office,0,1.15,0.95,0,4.289,0
2023-09-30 15:00:00,26.2,office,0,2.22,0.23,0,4.472,0
2023-09-30 16:00:00,26.1,office,0,2.33,1.5,0,5.26,0
2023-09-30 17:00:00,24.6,office,0,1.72,1.24,1,5.377,0
2023-09-30 18:00:00,21.8,office,0,0.1,1.71,1,4.226,0
2023-09-30 19:00:00,21.7,office,0,0.35,1.34,1,4.243,0
2023-09-30 20:00:00,22.2,office,0,0.13,1.33,1,4.254,0
2023-09-30 21:00:00,21.2,office,0,0.46,1.23,0,4.324,0
2023-09-30 22:00:00,19.1,office,0,0.04,0.75,0,2.411,0
2023-09-30 23:00:00,19.8,office,0,0.46,1.24,0,4.87,0
2023-10-01 00:00:00,17.7,office,0,0.25,0.55,0,3.251,0
2023-10-01 01:00:00,15.4,office,0,0.22,0.53,0,2.436,0
2023-10-01 02:00:00,16.0,office,0,0.49,0.53,0,2.337,0
2023-10-01 03:00:00,14.5,office,0,0.5,1.0,0,4.552,0
2023-10-01 04:00:00,16.9,office,0,0.33,1.26,0,4.286,0
2023-10-01 05:00:00,19.5,office,0,0.06,0.79,0,3.08,0
2023-10-01 06:00:00,19.9,office,0,0.25,0.69,0,2.39,0
2023-10-01 07:00:00,22.2,office,0,0.36,1.47,0,5.015,0
2023-10-01 08:00:00,20.9,office,0,0.26,1.35,1,3.752,0
2023-10-01 09:00:00,24.7,office,0,1.63,1.83,1,6.507,0
2023-10-01 10:00:00,23.6,office,0,0.81,1.73,1,5.682,0
2023-10-01 11:00:00,27.1,office,0,2.91,0.33,0,5.571,0
2023-10-01 12:00:00,25.7,office,0,5.52,1.07,0,19.635,1
2023-10-01 13:00:00,27.3,office,0,2.71,0.24,0,4.426,0
2023-10-01 14:00:00,28.6,office,0,3.59,1.34,0,6.761,0
2023-10-01 15:00:00,25.9,office,0,6.51,2.45,0,19.944,1
2023-10-01 16:00:00,26.0,office,0,2.34,1.26,0,6.364,0
2023-10-01 17:00:00,26.9,office,0,2.49,1.88,1,6.856,0
2023-10-01 18:00:00,23.7,office,0,1.16,1.98,1,6.054,0
2023-10-01 19:00:00,20.7,office,0,0.14,2.11,1,4.783,0
2023-10-01 20:00:00,24.6,office,0,1.55,2.38,1,7.417,0
2023-10-01 21:00:00,19.4,office,0,0.39,0.32,0,3.707,0
2023-10-01 22:00:00,19.1,office,0,0.35,0.63,0,2.549,0
2023-10-01 23:00:00,19.6,office,0,0.06,1.12,0,4.022,0
2023-10-02 00:00:00,15.9,office,0,0.3,1.45,0,3.468,0
2023-10-02 01:00:00,14.8,office,0,0.48,1.48,0,3.708,0
2023-10-02 02:00:00,16.5,office,0,0.08,1.03,0,3.538,0
2023-10-02 03:00:00,13.6,office,0,0.43,0.45,0,3.107,0
2023-10-02 04:00:00,16.4,office,0,0.35,0.35,0,3.223,0
2023-10-02 05:00:00,18.0,office,0,0.39,1.43,0,3.736,0
2023-10-02 06:00:00,18.2,office,0,0.14,0.76,0,2.96,0
2023-10-02 07:00:00,17.5,office,6,0.26,0.75,0,3.67,0
2023-10-02 08:00:00,23.5,office,72,2.64,6.01,1,10.616,0
2023-10-02 09:00:00,22.6,office,63,1.74,4.49,1,8.475,0
2023-10-02 10:00:00,25.8,office,44,2.81,4.35,1,10.003,0
2023-10-02 11:00:00,24.3,office,70,2.85,4.51,0,10.692,0
2023-10-02 12:00:00,24.1,office,44,1.99,2.51,0,6.507,0
2023-10-02 13:00:00,26.4,office,33,3.26,2.29,0,8.171,0
2023-10-02 14:00:00,25.8,office,36,2.94,2.19,0,7.817,0
2023-10-02 15:00:00,24.2,office,56,2.66,3.79,0,8.652,0
2023-10-02 16:00:00,27.7,office,51,4.26,3.37,0,10.249,0
2023-10-02 17:00:00,23.7,office,75,2.41,4.96,1,10.512,0
2023-10-02 18:00:00,20.9,office,20,0.59,3.47,1,8.143,0
2023-10-02 19:00:00,24.4,office,8,1.75,2.05,1,7.091,0
2023-10-02 20:00:00,20.4,office,0,0.21,1.54,1,4.182,0
2023-10-02 21:00:00,18.9,office,0,0.49,0.49,0,3.014,0
2023-10-02 22:00:00,16.0,office,0,0.37,0.41,0,3.446,0
2023-10-02 23:00:00,20.2,office,0,0.01,1.5,0,3.852,0
2023-10-03 00:00:00,14.6,office,0,0.44,0.58,0,3.238,0
2023-10-03 01:00:00,16.1,office,0,0.12,1.72,0,11.314,1
2023-10-03 02:00:00,17.3,office,0,0.07,1.33,0,3.777,0
2023-10-03 03:00:00,16.7,office,0,0.37,1.03,0,3.094,0
2023-10-03 04:00:00,16.5,office,0,0.43,0.68,0,3.022,0
2023-10-03 05:00:00,14.8,office,0,0.27,1.37,0,4.205,0
2023-10-03 06:00:00,17.2,office,0,0.14,1.17,0,2.768,0
2023-10-03 07:00:00,19.9,office,9,0.36,0.95,0,3.417,0
2023-10-03 08:00:00,19.7,office,30,0.77,3.54,1,7.391,0
2023-10-03 09:00:00,22.5,office,65,1.71,5.65,1,10.069,0
2023-10-03 10:00:00,24.4,office,40,2.12,3.85,1,7.919,0
2023-10-03 11:00:00,25.9,office,56,3.37,3.95,0,10.253,0
2023-10-03 12:00:00,23.4,office,71,2.57,5.01,0,9.781,0
2023-10-03 13:00:00,29.0,office,60,4.85,4.1,0,10.82,0
2023-10-03 14:00:00,27.0,office,60,3.79,3.33,0,9.993,0
2023-10-03 15:00:00,25.7,office,71,3.69,4.07,0,10.572,0
2023-10-03 16:00:00,26.9,office,42,3.66,3.07,0,8.616,0
2023-10-03 17:00:00,28.0,office,78,5.03,5.46,1,12.72,0
2023-10-03 18:00:00,21.2,office,14,0.36,3.14,1,5.499,0
2023-10-03 19:00:00,21.8,office,15,0.37,2.48,1,6.392,0
2023-10-03 20:00:00,17.3,office,0,0.27,1.79,1,5.448,0
2023-10-03 21:00:00,19.9,office,0,0.31,1.11,0,4.006,0
2023-10-03 22:00:00,18.9,office,0,0.24,0.88,0,3.567,0
2023-10-03 23:00:00,17.3,office,0,0.3,0.7,0,2.764,0
2023-10-04 00:00:00,15.3,office,0,0.09,0.3,0,1.707,0
2023-10-04 01:00:00,12.7,office,0,0.24,0.98,0,2.858,0
2023-10-04 02:00:00,16.2,office,0,0.33,1.33,0,3.261,0
2023-10-04 03:00:00,18.0,office,0,0.22,1.09,0,3.904,0
2023-10-04 04:00:00,15.4,office,0,0.34,0.7,0,3.51,0
2023-10-04 05:00:00,17.8,office,0,0.23,0.37,0,2.236,0
2023-10-04 06:00:00,15.8,office,0,0.17,1.26,0,3.472,0
2023-10-04 07:00:00,20.0,office,14,0.43,2.12,0,4.11,0
2023-10-04 08:00:00,20.0,office,71,1.63,5.25,1,10.686,0
2023-10-04 09:00:00,20.8,office,33,0.67,3.8,1,7.102,0
2023-10-04 10:00:00,22.0,office,79,1.91,5.68,1,10.533,0
2023-10-04 11:00:00,23.6,office,35,1.92,2.6,0,6.136,0
2023-10-04 12:00:00,25.5,office,71,3.35,4.84,0,10.089,0
2023-10-04 13:00:00,23.5,office,66,2.09,3.61,0,7.18,0
2023-10-04 14:00:00,25.0,office,44,2.87,3.09,0,9.413,0
2023-10-04 15:00:00,25.4,office,64,3.11,3.68,0,9.815,0
2023-10-04 16:00:00,23.3,office,77,2.25,4.49,0,9.434,0
2023-10-04 17:00:00,26.9,office,76,4.15,5.84,1,12.882,0
2023-10-04 18:00:00,21.9,office,6,0.49,1.54,1,4.843,0
2023-10-04 19:00:00,20.9,office,10,0.35,2.47,1,5.586,0
2023-10-04 20:00:00,19.2,office,0,0.29,1.57,1,4.41,0
2023-10-04 21:00:00,22.0,office,0,0.21,1.07,0,3.61,0
2023-10-04 22:00:00,19.0,office,0,0.06,0.38,0,2.491,0
2023-10-04 23:00:00,15.7,office,0,0.17,1.16,0,3.186,0
2023-10-05 00:00:00,17.7,office,0,0.36,1.04,0,3.814,0
2023-10-05 01:00:00,15.8,office,0,0.31,1.46,0,4.512,0
2023-10-05 02:00:00,15.8,office,0,0.06,1.38,0,4.147,0
2023-10-05 03:00:00,15.0,office,0,0.08,0.57,0,2.065,0
2023-10-05 04:00:00,14.9,office,0,0.32,0.24,0,2.358,0
2023-10-05 05:00:00,17.3,office,0,0.41,1.05,0,4.085,0
2023-10-05 06:00:00,17.1,office,0,0.17,0.98,0,3.489,0
2023-10-05 07:00:00,21.8,office,18,0.66,1.14,0,4.148,0
2023-10-05 08:00:00,18.5,office,41,1.45,5.49,1,24.987,1
2023-10-05 09:00:00,24.0,office,32,1.8,3.56,1,8.254,0
2023-10-05 10:00:00,22.7,office,55,1.46,5.14,1,9.26,0
2023-10-05 11:00:00,24.4,office,80,3.18,5.38,0,10.085,0
2023-10-05 12:00:00,26.0,office,61,3.42,3.45,0,8.518,0
2023-10-05 13:00:00,24.3,office,41,2.38,2.75,0,7.673,0
2023-10-05 14:00:00,26.7,office,77,4.24,4.11,0,9.597,0
2023-10-05 15:00:00,21.1,office,48,1.37,3.21,0,7.627,0
2023-10-05 16:00:00,23.6,office,32,1.58,2.78,0,6.729,0
2023-10-05 17:00:00,22.5,office,30,0.94,3.73,1,7.257,0
2023-10-05 18:00:00,21.0,office,14,0.77,2.55,1,6.642,0
2023-10-05 19:00:00,21.4,office,8,0.52,1.72,1,4.922,0
2023-10-05 20:00:00,21.0,office,0,0.42,1.7,1,5.143,0
2023-10-05 21:00:00,20.1,office,0,0.01,1.41,0,4.332,0
2023-10-05 22:00:00,18.2,office,0,0.18,0.5,0,3.152,0
2023-10-05 23:00:00,15.8,office,0,0.37,0.62,0,3.185,0
2023-10-06 00:00:00,16.3,office,0,0.04,1.17,0,2.993,0
2023-10-06 01:00:00,15.5,office,0,0.28,1.15,0,3.892,0
2023-10-06 02:00:00,16.5,office,0,0.21,1.39,0,4.034,0
2023-10-06 03:00:00,16.5,office,0,0.01,0.7,0,3.65,0
2023-10-06 04:00:00,15.8,office,0,0.12,0.87,0,2.783,0
2023-10-06 05:00:00,15.2,office,0,0.14,0.81,0,3.631,0
2023-10-06 06:00:00,16.6,office,0,0.06,1.41,0,3.909,0
2023-10-06 07:00:00,18.0,office,15,0.62,1.95,0,5.038,0
2023-10-06 08:00:00,19.7,office,48,1.08,4.68,1,7.504,0
2023-10-06 09:00:00,21.8,office,59,1.32,4.32,1,8.531,0
2023-10-06 10:00:00,23.7,office,71,2.72,5.78,1,10.553,0
2023-10-06 11:00:00,23.6,office,64,2.31,3.96,0,7.619,0
2023-10-06 12:00:00,24.5,office,63,2.71,3.38,0,7.692,0
2023-10-06 13:00:00,25.2,office,61,3.18,3.33,0,8.744,0
2023-10-06 14:00:00,24.3,office,38,2.36,2.98,0,7.82,0
2023-10-06 15:00:00,23.6,office,62,2.05,3.78,0,7.703,0
2023-10-06 16:00:00,21.8,office,59,1.4,4.28,0,8.739,0
2023-10-06 17:00:00,22.6,office,47,1.55,4.5,1,8.245,0
2023-10-06 18:00:00,23.3,office,11,1.03,1.78,1,4.222,0
2023-10-06 19:00:00,20.4,office,8,0.55,2.49,1,5.5,0
2023-10-06 20:00:00,19.8,office,0,0.49,1.45,1,4.763,0
2023-10-06 21:00:00,19.5,office,0,0.47,0.75,0,3.747,0
2023-10-06 22:00:00,18.4,office,0,0.13,1.01,0,3.752,0
2023-10-06 23:00:00,15.0,office,0,0.11,1.33,0,4.088,0
2023-10-07 00:00:00,17.0,office,0,0.48,0.79,0,3.287,0
2023-10-07 01:00:00,16.7,office,0,0.23,1.25,0,2.629,0
2023-10-07 02:00:00,13.2,office,0,0.1,1.22,0,2.853,0
2023-10-07 03:00:00,13.8,office,0,0.35,0.74,0,3.604,0
2023-10-07 04:00:00,17.3,office,0,0.25,1.41,0,11.707,1
2023-10-07 05:00:00,16.1,office,0,0.13,1.11,0,3.974,0
2023-10-07 06:00:00,14.0,office,0,0.75,0.39,0,7.617,1
2023-10-07 07:00:00,16.5,office,0,0.08,1.36,0,2.996,0
2023-10-07 08:00:00,19.5,office,0,0.03,2.2,1,4.311,0
2023-10-07 09:00:00,19.4,office,0,0.13,1.52,1,5.386,0
2023-10-07 10:00:00,21.7,office,0,0.3,2.48,1,5.744,0
2023-10-07 11:00:00,23.5,office,0,0.81,0.43,0,3.57,0
2023-10-07 12:00:00,26.4,office,0,2.44,1.39,0,6.205,0
2023-10-07 13:00:00,24.3,office,0,1.46,0.62,0,4.144,0
2023-10-07 14:00:00,26.5,office,0,2.67,1.19,0,5.883,0
2023-10-07 15:00:00,26.8,office,0,2.51,0.79,0,5.61,0
2023-10-07 16:00:00,26.3,office,0,2.56,1.16,0,5.071,0
2023-10-07 17:00:00,23.8,office,0,1.02,1.4,1,6.511,0
2023-10-07 18:00:00,19.4,office,0,0.34,1.55,1,3.523,0
2023-10-07 19:00:00,21.9,office,0,0.22,1.33,1,2.889,0
2023-10-07 20:00:00,21.4,office,0,0.06,2.32,1,5.087,0
2023-10-07 21:00:00,18.5,office,0,0.36,0.59,0,3.587,0
2023-10-07 22:00:00,20.0,office,0,0.11,1.1,0,2.902,0
2023-10-07 23:00:00,17.6,office,0,0.09,1.27,0,4.387,0
2023-10-08 00:00:00,16.1,office,0,0.18,1.37,0,3.296,0
2023-10-08 01:00:00,16.4,office,0,0.33,0.34,0,2.271,0
2023-10-08 02:00:00,15.1,office,0,0.12,1.36,0,3.68,0
2023-10-08 03:00:00,11.0,office,0,0.09,0.46,0,2.475,0
2023-10-08 04:00:00,14.5,office,0,0.0,1.16,0,3.182,0
2023-10-08 05:00:00,17.9,office,0,0.24,1.15,0,3.913,0
2023-10-08 06:00:00,15.9,office,0,0.21,0.21,0,3.184,0
2023-10-08 07:00:00,18.0,office,0,0.12,0.49,0,2.375,0
2023-10-08 08:00:00,18.0,office,0,0.03,1.84,1,4.511,0
2023-10-08 09:00:00,23.6,office,0,2.13,2.74,1,21.854,1
2023-10-08 10:00:00,24.6,office,0,1.69,2.39,1,7.514,0
2023-10-08 11:00:00,21.8,office,0,0.36,0.67,0,2.21,0
2023-10-08 12:00:00,24.2,office,0,1.53,1.42,0,5.12,0
2023-10-08 13:00:00,23.4,office,0,0.7,0.8,0,4.228,0
2023-10-08 14:00:00,25.5,office,0,2.23,1.45,0,6.144,0
2023-10-08 15:00:00,25.2,office,0,1.77,1.16,0,5.548,0
2023-10-08 16:00:00,25.2,office,0,2.1,1.28,0,5.755,0
2023-10-08 17:00:00,23.6,office,0,0.93,1.34,1,4.53,0
2023-10-08 18:00:00,26.5,office,0,2.49,1.96,1,6.121,0
2023-10-08 19:00:00,19.4,office,0,0.18,1.39,1,3.62,0
2023-10-08 20:00:00,17.0,office,0,0.18,1.59,1,3.54,0
2023-10-08 21:00:00,17.7,office,0,0.42,1.01,0,4.376,0
2023-10-08 22:00:00,14.8,office,0,0.37,1.14,0,3.766,0
2023-10-08 23:00:00,13.8,office,0,0.5,0.25,0,3.714,0
2023-10-09 00:00:00,13.5,office,0,0.31,0.89,0,3.578,0
2023-10-09 01:00:00,13.1,office,0,0.23,0.93,0,3.009,0
2023-10-09 02:00:00,12.9,office,0,0.05,0.3,0,2.535,0
2023-10-09 03:00:00,15.3,office,0,0.5,0.85,0,3.977,0
2023-10-09 04:00:00,14.3,office,0,0.28,1.13,0,3.951,0
2023-10-09 05:00:00,15.5,office,0,0.35,0.27,0,2.982,0
2023-10-09 06:00:00,18.2,office,0,0.2,1.19,0,4.275,0
2023-10-09 07:00:00,16.9,office,15,0.57,1.7,0,3.945,0
2023-10-09 08:00:00,19.0,office,40,1.27,4.28,1,9.204,0
2023-10-09 09:00:00,21.2,office,76,1.6,5.28,1,10.324,0
2023-10-09 10:00:00,18.9,office,59,1.33,5.23,1,8.677,0
2023-10-09 11:00:00,19.3,office,71,1.5,3.87,0,7.086,0
2023-10-09 12:00:00,24.2,office,46,2.42,3.02,0,8.705,0
2023-10-09 13:00:00,24.9,office,75,2.98,4.21,0,9.362,0
2023-10-09 14:00:00,27.5,office,41,3.61,3.39,0,8.575,0
2023-10-09 15:00:00,24.4,office,30,1.95,2.62,0,7.128,0
2023-10-09 16:00:00,24.9,office,77,3.25,4.08,0,10.22,0
2023-10-09 17:00:00,22.6,office,51,1.52,3.76,1,8.408,0
2023-10-09 18:00:00,22.3,office,14,0.45,2.28,1,5.743,0
2023-10-09 19:00:00,23.1,office,11,2.56,4.01,1,27.428,1
2023-10-09 20:00:00,16.2,office,0,0.48,2.02,1,5.703,0
2023-10-09 21:00:00,18.7,office,0,0.14,1.06,0,2.468,0
2023-10-09 22:00:00,20.1,office,0,0.37,1.42,0,3.853,0
2023-10-09 23:00:00,16.2,office,0,0.29,1.44,0,4.123,0
2023-10-10 00:00:00,17.2,office,0,0.12,1.06,0,3.12,0
2023-10-10 01:00:00,13.3,office,0,0.13,0.21,0,2.883,0
2023-10-10 02:00:00,14.0,office,0,0.25,0.67,0,3.036,0
2023-10-10 03:00:00,14.3,office,0,0.21,0.87,0,3.419,0
2023-10-10 04:00:00,11.4,office,0,0.24,1.78,0,12.083,1
2023-10-10 05:00:00,13.8,office,0,0.4,0.98,0,3.498,0
2023-10-10 06:00:00,15.0,office,0,0.24,1.45,0,3.548,0
2023-10-10 07:00:00,19.0,office,10,0.53,1.85,0,3.593,0
2023-10-10 08:00:00,20.4,office,69,1.47,4.79,1,8.852,0
2023-10-10 09:00:00,20.9,office,70,1.67,5.05,1,9.686,0
2023-10-10 10:00:00,22.8,office,55,1.66,5.03,1,8.929,0
2023-10-10 11:00:00,22.4,office,57,1.6,4.12,0,8.585,0
2023-10-10 12:00:00,25.2,office,62,3.23,3.66,0,9.564,0
2023-10-10 13:00:00,23.9,office,50,2.33,3.65,0,8.055,0
2023-10-10 14:00:00,24.2,office,35,1.98,2.82,0,6.58,0
2023-10-10 15:00:00,23.5,office,55,2.2,3.57,0,8.049,0
2023-10-10 16:00:00,24.5,office,72,3.16,4.06,0,9.214,0
2023-10-10 17:00:00,22.0,office,36,1.03,4.16,1,8.672,0
2023-10-10 18:00:00,23.1,office,10,0.82,2.58,1,5.316,0
2023-10-10 19:00:00,18.7,office,9,0.52,1.87,1,5.89,0
2023-10-10 20:00:00,17.4,office,0,0.05,2.12,1,4.375,0
2023-10-10 21:00:00,18.8,office,0,1.14,2.27,0,20.063,1
2023-10-10 22:00:00,16.5,office,0,0.26,1.35,0,4.284,0
2023-10-10 23:00:00,14.9,office,0,0.19,0.49,0,2.657,0
2023-10-11 00:00:00,15.8,office,0,0.03,1.49,0,4.016,0
2023-10-11 01:00:00,13.1,office,0,0.19,0.4,0,2.927,0
2023-10-11 02:00:00,13.5,office,0,0.45,0.98,0,3.463,0
2023-10-11 03:00:00,16.1,office,0,0.01,1.05,0,3.217,0
2023-10-11 04:00:00,16.8,office,0,0.24,0.74,0,3.941,0
2023-10-11 05:00:00,17.7,office,0,0.47,0.82,0,4.013,0
2023-10-11 06:00:00,15.9,office,0,0.2,1.36,0,3.75,0
2023-10-11 07:00:00,19.4,office,20,0.61,2.04,0,3.981,0
2023-10-11 08:00:00,17.4,office,50,1.29,4.35,1,7.578,0
2023-10-11 09:00:00,18.8,office,45,1.13,3.62,1,6.799,0
2023-10-11 10:00:00,17.8,office,30,0.68,2.71,1,6.486,0
2023-10-11 11:00:00,24.9,office,46,2.38,2.66,0,6.899,0
2023-10-11 12:00:00,21.9,office,54,2.25,7.22,0,29.043,1
2023-10-11 13:00:00,23.5,office,45,2.11,3.44,0,7.73,0
2023-10-11 14:00:00,22.5,office,58,1.46,4.36,0,7.672,0
2023-10-11 15:00:00,24.7,office,78,3.02,4.15,0,9.772,0
2023-10-11 16:00:00,22.6,office,47,1.43,3.43,0,6.317,0
2023-10-11 17:00:00,20.4,office,51,1.42,3.81,1,8.222,0
2023-10-11 18:00:00,22.0,office,14,0.41,2.92,1,7.076,0
2023-10-11 19:00:00,18.0,office,5,0.54,1.95,1,5.889,0
2023-10-11 20:00:00,17.6,office,0,0.03,1.32,1,4.185,0
2023-10-11 21:00:00,14.4,office,0,0.47,0.94,0,3.824,0
2023-10-11 22:00:00,14.2,office,0,0.28,0.56,0,3.375,0
2023-10-11 23:00:00,15.6,office,0,0.33,1.06,0,3.519,0
2023-10-12 00:00:00,11.3,office,0,0.18,1.06,0,4.381,0
2023-10-12 01:00:00,11.5,office,0,0.39,1.12,0,4.123,0
2023-10-12 02:00:00,13.6,office,0,0.08,1.49,0,3.901,0
2023-10-12 03:00:00,12.9,office,0,0.02,0.7,0,2.302,0
2023-10-12 04:00:00,17.2,office,0,0.2,0.8,0,3.091,0
2023-10-12 05:00:00,17.8,office,0,0.43,1.25,0,3.921,0
2023-10-12 06:00:00,14.8,office,0,0.38,0.95,0,3.042,0
2023-10-12 07:00:00,18.1,office,13,0.52,0.9,0,3.734,0
2023-10-12 08:00:00,19.7,office,71,1.71,5.85,1,11.185,0
2023-10-12 09:00:00,19.0,office,53,1.12,3.92,1,7.821,0
2023-10-12 10:00:00,18.8,office,74,1.9,5.12,1,9.775,0
2023-10-12 11:00:00,22.1,office,45,1.34,2.58,0,5.455,0
2023-10-12 12:00:00,22.7,office,33,1.34,1.95,0,6.395,0
2023-10-12 13:00:00,22.8,office,72,2.07,3.83,0,8.381,0
2023-10-12 14:00:00,24.2,office,37,2.32,2.12,0,6.698,0
2023-10-12 15:00:00,22.3,office,59,1.77,3.73,0,7.267,0
2023-10-12 16:00:00,21.2,office,49,1.3,2.98,0,6.594,0
2023-10-12 17:00:00,22.3,office,40,1.14,3.36,1,7.335,0
2023-10-12 18:00:00,21.7,office,17,0.98,5.58,1,23.872,1
2023-10-12 19:00:00,18.1,office,14,0.57,2.19,1,5.581,0
2023-10-12 20:00:00,20.0,office,0,0.2,1.22,1,4.626,0
2023-10-12 21:00:00,14.6,office,0,0.15,0.74,0,3.052,0
2023-10-12 22:00:00,15.2,office,0,0.2,0.6,0,3.35,0
2023-10-12 23:00:00,14.7,office,0,0.29,0.61,0,2.637,0
2023-10-13 00:00:00,13.0,office,0,0.21,0.78,0,2.995,0
2023-10-13 01:00:00,12.6,office,0,0.13,1.07,0,3.526,0
2023-10-13 02:00:00,16.1,office,0,0.38,1.0,0,4.382,0
2023-10-13 03:00:00,12.2,office,0,0.27,1.42,0,3.304,0
2023-10-13 04:00:00,17.7,office,0,0.03,0.87,0,3.104,0
2023-10-13 05:00:00,15.4,office,0,0.18,0.81,0,3.169,0
2023-10-13 06:00:00,16.0,office,0,0.44,0.48,0,3.448,0
2023-10-13 07:00:00,17.7,office,8,0.54,1.58,0,3.673,0
2023-10-13 08:00:00,22.1,office,70,1.61,4.88,1,9.202,0
2023-10-13 09:00:00,18.1,office,48,4.01,6.67,1,39.125,1
2023-10-13 10:00:00,19.1,office,53,1.1,4.4,1,8.286,0
2023-10-13 11:00:00,20.7,office,69,1.86,4.51,0,7.647,0
2023-10-13 12:00:00,22.7,office,44,1.35,3.59,0,6.657,0
2023-10-13 13:00:00,20.6,office,44,0.88,3.63,0,6.858,0
2023-10-13 14:00:00,23.4,office,38,4.15,5.03,0,32.463,1
2023-10-13 15:00:00,25.7,office,60,3.23,3.54,0,9.705,0
2023-10-13 16:00:00,22.9,office,39,1.5,3.21,0,6.516,0
2023-10-13 17:00:00,21.4,office,59,1.58,4.82,1,9.735,0
2023-10-13 18:00:00,19.9,office,16,0.74,2.59,1,5.126,0
2023-10-13 19:00:00,21.0,office,18,0.56,3.02,1,5.862,0
2023-10-13 20:00:00,17.1,office,0,0.21,1.98,1,5.422,0
2023-10-13 21:00:00,19.8,office,0,0.07,1.46,0,3.184,0
2023-10-13 22:00:00,18.7,office,0,0.02,0.96,0,3.743,0
2023-10-13 23:00:00,15.2,office,0,0.32,0.81,0,3.592,0
2023-10-14 00:00:00,13.7,office,0,0.03,0.91,0,3.182,0
2023-10-14 01:00:00,14.8,office,0,0.37,1.25,0,4.376,0
2023-10-14 02:00:00,14.7,office,0,0.27,1.0,0,3.973,0
2023-10-14 03:00:00,12.0,office,0,0.19,2.58,0,22.536,1
2023-10-14 04:00:00,12.9,office,0,0.27,1.46,0,4.287,0
2023-10-14 05:00:00,12.5,office,0,0.09,1.0,0,3.253,0
2023-10-14 06:00:00,16.2,office,0,0.22,0.69,0,2.541,0
2023-10-14 07:00:00,17.8,office,0,0.4,1.1,0,4.029,0
2023-10-14 08:00:00,16.0,office,0,0.23,2.06,1,4.543,0
2023-10-14 09:00:00,18.7,office,0,0.07,1.22,1,3.094,0
2023-10-14 10:00:00,18.5,office,0,0.36,1.81,1,5.754,0
2023-10-14 11:00:00,20.3,office,0,0.09,1.17,0,2.695,0
2023-10-14 12:00:00,23.2,office,0,0.97,0.85,0,3.573,0
2023-10-14 13:00:00,21.8,office,0,0.24,1.21,0,3.701,0
2023-10-14 14:00:00,22.6,office,0,0.53,0.79,0,4.028,0
2023-10-14 15:00:00,20.5,office,0,0.43,1.48,0,3.563,0
2023-10-14 16:00:00,22.7,office,0,0.7,0.58,0,2.832,0
2023-10-14 17:00:00,21.5,office,0,0.02,1.32,1,2.983,0
2023-10-14 18:00:00,19.5,office,0,0.15,1.76,1,3.624,0
2023-10-14 19:00:00,19.1,office,0,0.44,1.9,1,5.467,0
2023-10-14 20:00:00,18.3,office,0,0.01,1.65,1,4.375,0
2023-10-14 21:00:00,15.5,office,0,0.27,0.51,0,3.442,0
2023-10-14 22:00:00,13.4,office,0,0.36,1.07,0,3.691,0
2023-10-14 23:00:00,17.2,office,0,0.88,1.46,0,16.759,1
2023-10-15 00:00:00,12.5,office,0,0.38,1.02,0,3.824,0
2023-10-15 01:00:00,12.8,office,0,0.36,1.21,0,4.246,0
2023-10-15 02:00:00,14.3,office,0,0.35,1.19,0,3.889,0
2023-10-15 03:00:00,18.3,office,0,0.41,0.69,0,3.66,0
2023-10-15 04:00:00,11.6,office,0,0.32,0.94,0,4.132,0
2023-10-15 05:00:00,14.9,office,0,0.2,0.78,0,2.793,0
2023-10-15 06:00:00,14.2,office,0,0.24,1.33,0,4.236,0
2023-10-15 07:00:00,15.7,office,0,0.36,1.34,0,3.266,0
2023-10-15 08:00:00,16.7,office,0,0.44,1.65,1,4.532,0
2023-10-15 09:00:00,17.4,office,0,0.14,1.32,1,4.767,0
2023-10-15 10:00:00,20.2,office,0,0.17,1.42,1,4.587,0
2023-10-15 11:00:00,19.1,office,0,0.96,1.37,0,14.095,1
2023-10-15 12:00:00,23.6,office,0,1.09,0.93,0,4.401,0
2023-10-15 13:00:00,22.7,office,0,0.44,1.05,0,3.19,0
2023-10-15 14:00:00,23.4,office,0,1.03,0.63,0,4.493,0
2023-10-15 15:00:00,21.9,office,0,0.5,1.07,0,3.828,0
2023-10-15 16:00:00,21.6,office,0,0.41,1.42,0,4.419,0
2023-10-15 17:00:00,21.8,office,0,0.37,2.05,1,4.356,0
2023-10-15 18:00:00,18.6,office,0,0.1,1.41,1,4.598,0
2023-10-15 19:00:00,18.6,office,0,0.44,1.95,1,4.262,0
2023-10-15 20:00:00,16.5,office,0,0.26,1.9,1,4.782,0
2023-10-15 21:00:00,15.2,office,0,0.44,1.33,0,3.421,0
2023-10-15 22:00:00,12.1,office,0,0.16,0.66,0,2.919,0
2023-10-15 23:00:00,16.3,office,0,0.03,0.75,0,2.347,0
2023-10-16 00:00:00,12.2,office,0,0.24,0.98,0,3.181,0
2023-10-16 01:00:00,14.5,office,0,0.13,0.88,0,2.632,0
2023-10-16 02:00:00,14.2,office,0,0.36,1.13,0,3.477,0
2023-10-16 03:00:00,10.8,office,0,0.48,0.25,0,3.38,0
2023-10-16 04:00:00,11.6,office,0,0.35,0.93,0,3.474,0
2023-10-16 05:00:00,17.9,office,0,0.44,0.36,0,3.294,0
2023-10-16 06:00:00,17.7,office,0,0.65,1.24,0,13.24,1
2023-10-16 07:00:00,16.2,office,20,1.3,4.28,0,15.134,1
2023-10-16 08:00:00,17.9,office,78,1.98,5.3,1,10.765,0
2023-10-16 09:00:00,17.9,office,64,1.64,4.8,1,9.614,0
2023-10-16 10:00:00,20.7,office,72,1.69,5.71,1,10.17,0
2023-10-16 11:00:00,20.0,office,43,1.17,3.2,0,6.51,0
2023-10-16 12:00:00,18.8,office,78,1.91,4.22,0,8.038,0
2023-10-16 13:00:00,20.4,office,45,1.03,3.2,0,6.824,0
2023-10-16 14:00:00,22.6,office,73,2.16,4.04,0,8.334,0
2023-10-16 15:00:00,20.7,office,78,2.04,4.43,0,9.254,0
2023-10-16 16:00:00,21.8,office,68,1.59,4.2,0,8.069,0
2023-10-16 17:00:00,19.5,office,80,1.95,5.34,1,10.15,0
2023-10-16 18:00:00,18.9,office,7,0.51,2.84,1,6.494,0
2023-10-16 19:00:00,20.1,office,19,0.71,2.36,1,6.639,0
2023-10-16 20:00:00,17.9,office,0,0.27,2.22,1,4.886,0
2023-10-16 21:00:00,16.2,office,0,0.44,1.28,0,3.237,0
2023-10-16 22:00:00,16.4,office,0,0.22,1.49,0,4.61,0
2023-10-16 23:00:00,14.7,office,0,0.03,0.76,0,3.715,0
2023-10-17 00:00:00,15.1,office,0,0.42,1.34,0,3.36,0
2023-10-17 01:00:00,11.8,office,0,0.34,1.44,0,4.826,0
2023-10-17 02:00:00,11.6,office,0,0.42,0.42,0,2.725,0
2023-10-17 03:00:00,10.5,office,0,0.07,0.82,0,3.868,0
2023-10-17 04:00:00,12.3,office,0,0.02,0.28,0,2.797,0
2023-10-17 05:00:00,15.2,office,0,0.47,1.01,0,4.605,0
2023-10-17 06:00:00,16.7,office,0,0.07,0.96,0,3.525,0
2023-10-17 07:00:00,17.4,office,16,0.72,1.27,0,2.932,0
2023-10-17 08:00:00,14.6,office,34,1.09,3.94,1,7.035,0
2023-10-17 09:00:00,20.2,office,66,1.67,4.55,1,9.128,0
2023-10-17 10:00:00,17.0,office,37,0.81,4.1,1,7.394,0
2023-10-17 11:00:00,22.2,office,33,1.09,1.88,0,4.954,0
2023-10-17 12:00:00,21.1,office,65,1.74,4.3,0,9.135,0
2023-10-17 13:00:00,23.2,office,62,2.05,3.4,0,7.733,0
2023-10-17 14:00:00,20.3,office,42,1.05,2.63,0,6.139,0
2023-10-17 15:00:00,23.9,office,66,2.49,4.44,0,8.769,0
2023-10-17 16:00:00,19.4,office,64,1.32,3.76,0,7.32,0
2023-10-17 17:00:00,19.8,office,39,1.23,3.81,1,7.461,0
2023-10-17 18:00:00,18.3,office,10,0.63,2.89,1,6.398,0
2023-10-17 19:00:00,16.0,office,15,0.8,2.01,1,6.102,0
2023-10-17 20:00:00,17.4,office,0,0.29,2.25,1,5.707,0
2023-10-17 21:00:00,18.7,office,0,0.38,0.28,0,2.933,0
2023-10-17 22:00:00,18.8,office,0,0.1,0.36,0,3.007,0
2023-10-17 23:00:00,13.9,office,0,0.33,0.36,0,2.665,0
2023-10-18 00:00:00,14.4,office,0,0.32,1.49,0,4.411,0
2023-10-18 01:00:00,12.6,office,0,0.45,0.43,0,2.507,0
2023-10-18 02:00:00,12.8,office,0,0.42,1.37,0,3.342,0
2023-10-18 03:00:00,11.7,office,0,0.47,1.49,0,3.747,0
2023-10-18 04:00:00,13.0,office,0,0.43,0.7,0,3.15,0
2023-10-18 05:00:00,14.3,office,0,0.43,1.02,0,3.279,0
2023-10-18 06:00:00,13.7,office,0,0.03,1.21,0,3.014,0
2023-10-18 07:00:00,15.6,office,19,0.8,1.66,0,4.943,0
2023-10-18 08:00:00,16.9,office,37,1.04,3.26,1,6.706,0
2023-10-18 09:00:00,19.6,office,73,1.65,5.41,1,10.826,0
2023-10-18 10:00:00,17.9,office,43,0.89,4.35,1,8.287,0
2023-10-18 11:00:00,20.5,office,75,1.84,4.96,0,9.684,0
2023-10-18 12:00:00,24.2,office,67,2.6,3.85,0,8.197,0
2023-10-18 13:00:00,23.6,office,61,2.25,3.48,0,7.555,0
2023-10-18 14:00:00,24.1,office,35,3.9,5.96,0,35.73,1
2023-10-18 15:00:00,21.9,office,62,1.7,3.36,0,8.14,0
2023-10-18 16:00:00,21.8,office,58,1.57,4.06,0,7.665,0
2023-10-18 17:00:00,22.1,office,33,0.94,2.91,1,6.478,0
2023-10-18 18:00:00,21.9,office,19,0.57,3.24,1,6.275,0
2023-10-18 19:00:00,15.4,office,9,0.3,2.83,1,5.403,0
2023-10-18 20:00:00,15.1,office,0,0.19,1.59,1,4.647,0
2023-10-18 21:00:00,17.7,office,0,0.06,0.3,0,3.431,0
2023-10-18 22:00:00,14.1,office,0,0.49,0.82,0,3.373,0
2023-10-18 23:00:00,12.5,office,0,0.29,0.59,0,2.541,0
2023-10-19 00:00:00,10.6,office,0,0.06,0.74,0,2.797,0
2023-10-19 01:00:00,11.1,office,0,0.18,1.06,0,3.306,0
2023-10-19 02:00:00,9.7,office,0,0.27,0.47,0,3.865,0
2023-10-19 03:00:00,15.1,office,0,0.27,0.66,0,3.39,0
2023-10-19 04:00:00,12.4,office,0,0.02,1.22,0,3.379,0
2023-10-19 05:00:00,13.2,office,0,0.48,1.04,0,3.527,0
2023-10-19 06:00:00,15.2,office,0,0.14,0.62,0,3.967,0
2023-10-19 07:00:00,16.9,office,18,0.37,1.96,0,3.843,0
2023-10-19 08:00:00,18.2,office,59,1.22,5.14,1,9.15,0
2023-10-19 09:00:00,19.7,office,66,1.61,5.27,1,9.844,0
2023-10-19 10:00:00,18.3,office,33,0.73,3.16,1,6.444,0
2023-10-19 11:00:00,19.9,office,65,3.43,6.24,0,24.422,1
2023-10-19 12:00:00,22.3,office,59,1.52,4.19,0,7.598,0
2023-10-19 13:00:00,20.8,office,73,1.77,4.92,0,9.544,0
2023-10-19 14:00:00,21.8,office,49,1.04,3.56,0,6.514,0
2023-10-19 15:00:00,22.2,office,76,1.78,4.1,0,8.299,0
2023-10-19 16:00:00,22.3,office,31,0.98,2.51,0,5.954,0
2023-10-19 17:00:00,17.6,office,55,2.93,7.59,1,34.959,1
2023-10-19 18:00:00,20.3,office,13,0.51,2.36,1,5.089,0
2023-10-19 19:00:00,17.7,office,5,0.32,4.01,1,12.283,1
2023-10-19 20:00:00,17.8,office,0,0.02,1.96,1,4.982,0
2023-10-19 21:00:00,16.6,office,0,0.26,1.27,0,3.771,0
2023-10-19 22:00:00,16.7,office,0,0.12,0.26,0,2.377,0
2023-10-19 23:00:00,15.3,office,0,0.05,0.98,0,3.668,0
2023-10-20 00:00:00,14.2,office,0,0.21,1.04,0,2.932,0
2023-10-20 01:00:00,13.9,office,0,0.46,0.98,0,3.756,0
2023-10-20 02:00:00,12.0,office,0,0.36,1.05,0,3.44,0
2023-10-20 03:00:00,11.7,office,0,0.41,1.02,0,3.846,0
2023-10-20 04:00:00,13.5,office,0,0.44,0.37,0,2.761,0
2023-10-20 05:00:00,14.1,office,0,1.01,0.93,0,16.97,1
2023-10-20 06:00:00,13.6,office,0,0.38,1.0,0,4.031,0
2023-10-20 07:00:00,15.8,office,11,0.52,0.77,0,3.245,0
2023-10-20 08:00:00,16.5,office,67,1.52,5.38,1,10.063,0
2023-10-20 09:00:00,16.5,office,34,0.77,3.77,1,6.73,0
2023-10-20 10:00:00,21.0,office,32,0.98,3.11,1,6.353,0
2023-10-20 11:00:00,20.1,office,57,1.64,3.83,0,7.676,0
2023-10-20 12:00:00,23.9,office,52,2.22,3.49,0,7.767,0
2023-10-20 13:00:00,18.9,office,74,1.84,4.24,0,8.123,0
2023-10-20 14:00:00,20.7,office,34,0.93,2.5,0,5.266,0
2023-10-20 15:00:00,21.4,office,64,1.5,4.58,0,8.613,0
2023-10-20 16:00:00,22.6,office,33,1.17,2.4,0,6.049,0
2023-10-20 17:00:00,20.7,office,34,0.93,3.72,1,7.613,0
2023-10-20 18:00:00,19.5,office,20,0.58,2.25,1,5.828,0
2023-10-20 19:00:00,16.1,office,6,0.49,1.6,1,5.748,0
2023-10-20 20:00:00,14.8,office,0,0.44,1.31,1,4.576,0
2023-10-20 21:00:00,15.7,office,0,0.44,1.21,0,3.736,0
2023-10-20 22:00:00,12.0,office,0,0.11,0.66,0,1.921,0
2023-10-20 23:00:00,12.2,office,0,0.45,0.5,0,2.408,0
2023-10-21 00:00:00,12.7,office,0,0.17,1.17,0,3.943,0
2023-10-21 01:00:00,10.0,office,0,0.15,0.42,0,2.46,0
2023-10-21 02:00:00,13.7,office,0,0.36,0.52,0,2.674,0
2023-10-21 03:00:00,13.3,office,0,0.15,0.76,0,3.211,0
2023-10-21 04:00:00,9.6,office,0,0.03,0.63,0,2.798,0
2023-10-21 05:00:00,11.3,office,0,0.19,0.96,0,3.346,0
2023-10-21 06:00:00,10.3,office,0,0.36,0.64,0,2.941,0
2023-10-21 07:00:00,13.8,office,0,0.16,0.71,0,2.399,0
2023-10-21 08:00:00,17.4,office,0,0.31,2.32,1,6.485,0
2023-10-21 09:00:00,16.9,office,0,0.33,2.35,1,5.278,0
2023-10-21 10:00:00,19.5,office,0,0.37,2.28,1,5.107,0
2023-10-21 11:00:00,17.5,office,0,0.45,1.32,0,4.345,0
2023-10-21 12:00:00,21.8,office,0,0.22,0.94,0,3.884,0
2023-10-21 13:00:00,20.3,office,0,0.13,2.49,0,20.804,1
2023-10-21 14:00:00,21.3,office,0,0.16,0.92,0,3.074,0
2023-10-21 15:00:00,21.0,office,0,0.22,1.22,0,3.367,0
2023-10-21 16:00:00,18.7,office,0,0.36,0.92,0,3.616,0
2023-10-21 17:00:00,18.1,office,0,0.01,1.34,1,3.98,0
2023-10-21 18:00:00,20.2,office,0,0.16,2.25,1,4.23,0
2023-10-21 19:00:00,18.2,office,0,0.39,2.19,1,5.13,0
2023-10-21 20:00:00,17.8,office,0,0.97,4.83,1,19.962,1
2023-10-21 21:00:00,15.5,office,0,0.37,0.45,0,3.108,0
2023-10-21 22:00:00,14.0,office,0,0.41,0.55,0,3.015,0
2023-10-21 23:00:00,10.1,office,0,0.39,0.58,0,3.268,0
2023-10-22 00:00:00,11.3,office,0,0.34,0.86,0,3.679,0
2023-10-22 01:00:00,11.1,office,0,0.22,0.37,0,2.917,0
2023-10-22 02:00:00,13.9,office,0,0.49,0.7,0,2.93,0
2023-10-22 03:00:00,12.2,office,0,0.28,0.44,0,1.998,0
2023-10-22 04:00:00,14.0,office,0,0.1,0.54,0,3.238,0
2023-10-22 05:00:00,13.4,office,0,0.15,1.12,0,3.283,0
2023-10-22 06:00:00,12.4,office,0,0.35,1.31,0,4.108,0
2023-10-22 07:00:00,14.9,office,0,0.46,0.23,0,2.931,0
2023-10-22 08:00:00,16.4,office,0,0.09,1.94,1,4.579,0
2023-10-22 09:00:00,15.9,office,0,0.04,1.25,1,4.168,0
2023-10-22 10:00:00,17.9,office,0,0.44,1.31,1,4.544,0
2023-10-22 11:00:00,19.2,office,0,0.46,1.12,0,3.176,0
2023-10-22 12:00:00,22.7,office,0,0.49,1.16,0,3.941,0
2023-10-22 13:00:00,17.7,office,0,0.19,1.26,0,4.187,0
2023-10-22 14:00:00,22.8,office,0,0.73,0.82,0,4.036,0
2023-10-22 15:00:00,19.4,office,0,0.16,1.32,0,4.055,0
2023-10-22 16:00:00,18.3,office,0,0.44,0.42,0,2.13,0
2023-10-22 17:00:00,21.3,office,0,0.05,1.52,1,4.021,0
2023-10-22 18:00:00,19.6,office,0,0.02,1.37,1,3.937,0
2023-10-22 19:00:00,19.2,office,0,0.1,2.24,1,4.867,0
2023-10-22 20:00:00,17.2,office,0,0.14,1.5,1,3.513,0
2023-10-22 21:00:00,17.8,office,0,0.06,0.4,0,2.169,0
2023-10-22 22:00:00,14.3,office,0,0.03,1.01,0,2.849,0
2023-10-22 23:00:00,12.2,office,0,0.38,0.3,0,3.204,0
2023-10-23 00:00:00,11.9,office,0,0.08,0.26,0,3.241,0
2023-10-23 01:00:00,12.8,office,0,0.46,0.34,0,2.851,0
2023-10-23 02:00:00,9.6,office,0,0.18,0.2,0,2.125,0
2023-10-23 03:00:00,9.9,office,0,0.34,1.11,0,2.716,0
2023-10-23 04:00:00,11.0,office,0,0.11,0.93,0,4.184,0
2023-10-23 05:00:00,9.1,office,0,0.12,0.47,0,3.088,0
2023-10-23 06:00:00,13.5,office,0,0.29,0.5,0,2.091,0
2023-10-23 07:00:00,11.6,office,14,0.56,1.95,0,4.186,0
2023-10-23 08:00:00,15.8,office,56,1.5,4.65,1,9.209,0
2023-10-23 09:00:00,18.3,office,41,1.2,4.16,1,7.997,0
2023-10-23 10:00:00,17.5,office,79,1.92,5.74,1,10.928,0
2023-10-23 11:00:00,21.8,office,38,0.98,2.41,0,6.487,0
2023-10-23 12:00:00,17.9,office,79,2.03,5.41,0,8.947,0
2023-10-23 13:00:00,22.4,office,71,1.93,4.49,0,9.392,0
2023-10-23 14:00:00,21.8,office,76,2.02,4.17,0,7.577,0
2023-10-23 15:00:00,18.0,office,71,1.83,4.28,0,8.006,0
2023-10-23 16:00:00,24.1,office,56,2.19,3.43,0,7.721,0
2023-10-23 17:00:00,19.2,office,53,1.22,4.13,1,8.166,0
2023-10-23 18:00:00,16.9,office,17,0.63,3.26,1,6.6,0
2023-10-23 19:00:00,14.9,office,19,0.74,3.3,1,6.743,0
2023-10-23 20:00:00,15.4,office,0,0.28,1.46,1,3.691,0
2023-10-23 21:00:00,14.3,office,0,0.39,0.66,0,3.917,0
2023-10-23 22:00:00,13.4,office,0,0.14,1.19,0,3.163,0
2023-10-23 23:00:00,11.8,office,0,0.09,0.47,0,2.808,0
2023-10-24 00:00:00,12.1,office,0,0.03,0.97,0,3.674,0
2023-10-24 01:00:00,10.1,office,0,0.29,1.11,0,4.07,0
2023-10-24 02:00:00,7.6,office,0,0.34,1.05,0,4.293,0
2023-10-24 03:00:00,10.4,office,0,0.16,1.12,0,2.859,0
2023-10-24 04:00:00,7.6,office,0,0.31,1.12,0,4.589,0
2023-10-24 05:00:00,12.5,office,0,0.03,1.45,0,3.648,0
2023-10-24 06:00:00,11.5,office,0,0.05,0.65,0,2.659,0
2023-10-24 07:00:00,14.4,office,17,0.69,2.19,0,5.874,0
2023-10-24 08:00:00,17.5,office,54,1.26,3.93,1,8.314,0
2023-10-24 09:00:00,15.4,office,35,1.04,3.32,1,6.949,0
2023-10-24 10:00:00,19.6,office,73,1.88,4.91,1,9.92,0
2023-10-24 11:00:00,18.4,office,72,1.87,4.65,0,9.533,0
2023-10-24 12:00:00,22.5,office,64,1.62,3.53,0,6.203,0
2023-10-24 13:00:00,19.8,office,38,1.0,3.2,0,6.677,0
2023-10-24 14:00:00,19.2,office,71,1.79,4.59,0,8.32,0
2023-10-24 15:00:00,21.4,office,52,1.43,2.84,0,6.536,0
2023-10-24 16:00:00,19.2,office,37,1.13,2.98,0,5.755,0
2023-10-24 17:00:00,17.8,office,41,0.93,4.37,1,7.93,0
2023-10-24 18:00:00,17.3,office,17,0.44,2.91,1,6.651,0
2023-10-24 19:00:00,16.7,office,9,0.48,1.69,1,4.809,0
2023-10-24 20:00:00,17.5,office,0,0.37,2.32,1,5.55,0
2023-10-24 21:00:00,11.3,office,0,0.16,1.15,0,4.039,0
2023-10-24 22:00:00,13.0,office,0,0.05,0.69,0,2.602,0
2023-10-24 23:00:00,12.9,office,0,1.0,1.12,0,12.91,1
2023-10-25 00:00:00,11.2,office,0,0.15,0.82,0,3.727,0
2023-10-25 01:00:00,12.4,office,0,0.08,1.33,0,4.212,0
2023-10-25 02:00:00,10.1,office,0,0.07,0.53,0,2.864,0
2023-10-25 03:00:00,10.1,office,0,0.28,0.6,0,7.22,1
2023-10-25 04:00:00,11.8,office,0,0.3,1.32,0,3.56,0
2023-10-25 05:00:00,11.9,office,0,0.18,0.23,0,2.831,0
2023-10-25 06:00:00,12.2,office,0,0.01,1.38,0,2.982,0
2023-10-25 07:00:00,14.7,office,12,0.29,1.2,0,4.247,0
2023-10-25 08:00:00,14.3,office,30,0.75,3.36,1,6.164,0
2023-10-25 09:00:00,15.6,office,78,1.89,5.27,1,10.606,0
2023-10-25 10:00:00,16.9,office,31,0.67,3.92,1,7.553,0
2023-10-25 11:00:00,20.8,office,49,1.26,3.62,0,6.487,0
2023-10-25 12:00:00,14.7,office,59,1.24,4.35,0,7.584,0
2023-10-25 13:00:00,20.7,office,73,1.57,4.74,0,9.122,0
2023-10-25 14:00:00,20.3,office,76,1.61,4.24,0,8.645,0
2023-10-25 15:00:00,17.5,office,64,1.31,3.8,0,8.328,0
2023-10-25 16:00:00,20.0,office,57,1.48,3.68,0,7.191,0
2023-10-25 17:00:00,19.5,office,64,1.51,5.19,1,9.107,0
2023-10-25 18:00:00,18.6,office,17,0.76,3.25,1,7.184,0
2023-10-25 19:00:00,12.6,office,12,0.29,2.3,1,5.391,0
2023-10-25 20:00:00,17.3,office,0,0.07,2.11,1,5.649,0
2023-10-25 21:00:00,12.8,office,0,0.15,1.45,0,3.305,0
2023-10-25 22:00:00,13.8,office,0,0.38,0.4,0,3.334,0
2023-10-25 23:00:00,12.8,office,0,0.15,1.32,0,2.793,0
2023-10-26 00:00:00,9.3,office,0,0.2,0.75,0,3.562,0
2023-10-26 01:00:00,11.1,office,0,0.15,1.15,0,4.104,0
2023-10-26 02:00:00,9.4,office,0,0.04,0.58,0,3.205,0
2023-10-26 03:00:00,7.0,office,0,0.47,0.63,0,2.961,0
2023-10-26 04:00:00,12.4,office,0,0.27,0.24,0,2.307,0
2023-10-26 05:00:00,10.3,office,0,0.39,1.46,0,3.338,0
2023-10-26 06:00:00,11.2,office,0,0.33,1.26,0,4.056,0
2023-10-26 07:00:00,13.1,office,12,0.5,0.92,0,3.585,0
2023-10-26 08:00:00,15.4,office,59,1.22,5.45,1,9.666,0
2023-10-26 09:00:00,16.2,office,52,1.36,4.59,1,8.379,0
2023-10-26 10:00:00,18.3,office,39,0.86,4.26,1,7.924,0
2023-10-26 11:00:00,16.5,office,47,1.15,2.64,0,5.738,0
2023-10-26 12:00:00,18.2,office,42,1.15,2.81,0,5.603,0
2023-10-26 13:00:00,19.6,office,76,1.91,4.87,0,9.457,0
2023-10-26 14:00:00,22.8,office,78,2.3,4.24,0,8.022,0
2023-10-26 15:00:00,19.6,office,37,1.08,2.69,0,6.303,0
2023-10-26 16:00:00,20.9,office,32,0.71,2.38,0,5.728,0
2023-10-26 17:00:00,18.6,office,72,1.61,5.08,1,9.962,0
2023-10-26 18:00:00,16.8,office,18,0.93,3.78,1,17.724,1
2023-10-26 19:00:00,15.9,office,5,0.46,2.71,1,5.699,0
2023-10-26 20:00:00,14.7,office,0,0.48,1.58,1,5.328,0
2023-10-26 21:00:00,14.6,office,0,0.13,0.48,0,2.221,0
2023-10-26 22:00:00,14.5,office,0,0.04,0.9,0,2.779,0
2023-10-26 23:00:00,12.0,office,0,0.24,1.07,0,4.309,0
2023-10-27 00:00:00,12.2,office,0,0.43,1.14,0,4.518,0
2023-10-27 01:00:00,8.5,office,0,0.28,1.18,0,3.41,0
2023-10-27 02:00:00,9.1,office,0,0.02,0.25,0,1.743,0
2023-10-27 03:00:00,8.8,office,0,0.49,0.71,0,3.332,0
2023-10-27 04:00:00,10.9,office,0,0.41,1.21,0,3.4,0
2023-10-27 05:00:00,10.7,office,0,0.07,1.38,0,3.852,0
2023-10-27 06:00:00,13.3,office,0,0.46,0.98,0,3.583,0
2023-10-27 07:00:00,12.0,office,12,0.47,0.87,0,2.796,0
2023-10-27 08:00:00,14.8,office,43,1.05,3.87,1,7.712,0
2023-10-27 09:00:00,17.1,office,34,0.91,3.0,1,7.526,0
2023-10-27 10:00:00,14.1,office,36,1.14,3.97,1,8.202,0
2023-10-27 11:00:00,21.5,office,68,1.69,3.68,0,8.095,0
2023-10-27 12:00:00,18.6,office,32,0.67,2.04,0,4.681,0
2023-10-27 13:00:00,16.5,office,58,1.64,3.64,0,7.771,0
2023-10-27 14:00:00,20.0,office,68,1.43,4.2,0,7.352,0
2023-10-27 15:00:00,19.6,office,73,1.83,4.38,0,8.512,0
2023-10-27 16:00:00,18.9,office,75,1.82,4.55,0,8.639,0
2023-10-27 17:00:00,19.8,office,33,0.75,3.78,1,7.207,0
2023-10-27 18:00:00,18.4,office,12,0.33,2.28,1,5.23,0
2023-10-27 19:00:00,16.5,office,6,0.56,2.21,1,5.965,0
2023-10-27 20:00:00,15.4,office,0,0.21,1.59,1,4.355,0
2023-10-27 21:00:00,13.3,office,0,0.33,0.66,0,3.928,0
2023-10-27 22:00:00,14.9,office,0,0.25,1.0,0,3.138,0
2023-10-27 23:00:00,9.0,office,0,0.36,0.84,0,3.646,0
2023-10-28 00:00:00,10.4,office,0,0.24,1.14,0,3.02,0
2023-10-28 01:00:00,9.8,office,0,0.14,0.93,0,2.221,0
2023-10-28 02:00:00,10.7,office,0,0.18,1.24,0,3.857,0
2023-10-28 03:00:00,8.4,office,0,0.43,0.78,0,3.459,0
2023-10-28 04:00:00,7.5,office,0,0.23,0.84,0,3.799,0
2023-10-28 05:00:00,11.2,office,0,0.11,1.07,0,2.487,0
2023-10-28 06:00:00,12.4,office,0,0.47,0.49,0,3.964,0
2023-10-28 07:00:00,15.4,office,0,0.4,0.7,0,2.926,0
2023-10-28 08:00:00,12.6,office,0,0.03,2.01,1,5.778,0
2023-10-28 09:00:00,17.5,office,0,0.5,1.24,1,3.542,0
2023-10-28 10:00:00,20.5,office,0,0.35,1.77,1,5.194,0
2023-10-28 11:00:00,17.5,office,0,0.08,0.98,0,3.329,0
2023-10-28 12:00:00,16.9,office,0,0.12,1.46,0,3.687,0
2023-10-28 13:00:00,18.7,office,0,0.35,1.34,0,3.587,0
2023-10-28 14:00:00,19.5,office,0,0.39,0.56,0,3.437,0
2023-10-28 15:00:00,20.2,office,0,0.12,0.86,0,2.481,0
2023-10-28 16:00:00,17.9,office,0,0.13,0.27,0,2.859,0
2023-10-28 17:00:00,20.4,office,0,0.15,1.51,1,4.819,0
2023-10-28 18:00:00,15.3,office,0,0.3,2.21,1,5.69,0
2023-10-28 19:00:00,13.2,office,0,0.09,1.36,1,5.053,0
2023-10-28 20:00:00,16.1,office,0,0.05,1.53,1,4.164,0
2023-10-28 21:00:00,9.8,office,0,0.34,1.43,0,3.26,0
2023-10-28 22:00:00,11.7,office,0,0.39,1.27,0,3.566,0
2023-10-28 23:00:00,15.6,office,0,0.25,1.22,0,4.18,0
2023-10-29 00:00:00,9.9,office,0,0.18,1.32,0,4.31,0
2023-10-29 01:00:00,7.7,office,0,0.22,1.17,0,4.265,0
2023-10-29 02:00:00,9.1,office,0,0.19,0.36,0,3.581,0
2023-10-29 03:00:00,9.3,office,0,0.48,0.87,0,4.288,0
2023-10-29 04:00:00,10.1,office,0,0.38,0.78,0,4.287,0
2023-10-29 05:00:00,11.7,office,0,0.1,0.6,0,2.526,0
2023-10-29 06:00:00,10.2,office,0,0.37,2.49,0,15.826,1
2023-10-29 07:00:00,15.5,office,0,0.27,0.8,0,3.953,0
2023-10-29 08:00:00,14.6,office,0,0.31,1.28,1,3.62,0
2023-10-29 09:00:00,16.6,office,0,0.23,1.56,1,3.615,0
2023-10-29 10:00:00,15.8,office,0,0.41,1.5,1,3.961,0
2023-10-29 11:00:00,19.7,office,0,0.38,1.35,0,4.743,0
2023-10-29 12:00:00,18.2,office,0,0.25,1.04,0,3.801,0
2023-10-29 13:00:00,19.5,office,0,0.43,0.93,0,3.299,0
2023-10-29 14:00:00,17.8,office,0,0.38,0.86,0,4.06,0
2023-10-29 15:00:00,17.6,office,0,0.39,1.05,0,3.139,0
2023-10-29 16:00:00,19.6,office,0,0.48,1.18,0,4.697,0
2023-10-29 17:00:00,17.1,office,0,0.13,1.92,1,4.882,0
2023-10-29 18:00:00,15.5,office,0,0.13,2.42,1,5.683,0
2023-10-29 19:00:00,14.6,office,0,0.44,2.47,1,4.793,0
2023-10-29 20:00:00,15.3,office,0,0.39,2.49,1,6.366,0
2023-10-29 21:00:00,12.0,office,0,0.94,2.65,0,10.861,1
2023-10-29 22:00:00,11.6,office,0,0.03,1.41,0,3.422,0
2023-10-29 23:00:00,10.7,office,0,0.31,0.73,0,3.173,0
2023-10-30 00:00:00,6.8,office,0,0.07,1.32,0,4.211,0
2023-10-30 01:00:00,6.9,office,0,0.25,1.38,0,4.414,0
2023-10-30 02:00:00,9.5,office,0,0.22,2.45,0,15.289,1
2023-10-30 03:00:00,8.0,office,0,0.06,1.28,0,4.024,0
2023-10-30 04:00:00,11.2,office,0,0.01,0.73,0,2.951,0
2023-10-30 05:00:00,11.9,office,0,0.32,0.41,0,3.016,0
2023-10-30 06:00:00,12.6,office,0,0.18,0.63,0,2.647,0
2023-10-30 07:00:00,15.4,office,17,0.39,2.05,0,4.346,0
2023-10-30 08:00:00,13.9,office,58,1.32,4.4,1,8.562,0
2023-10-30 09:00:00,16.3,office,44,0.96,4.02,1,8.339,0
2023-10-30 10:00:00,15.6,office,64,1.75,5.14,1,10.223,0
2023-10-30 11:00:00,21.2,office,43,1.02,3.14,0,6.133,0
2023-10-30 12:00:00,21.3,office,78,1.73,5.32,0,8.823,0
2023-10-30 13:00:00,18.8,office,79,2.0,5.01,0,8.586,0
2023-10-30 14:00:00,19.6,office,33,0.98,2.87,0,6.159,0
2023-10-30 15:00:00,20.9,office,38,1.12,2.86,0,6.295,0
2023-10-30 16:00:00,18.1,office,62,1.56,4.38,0,8.391,0
2023-10-30 17:00:00,16.5,office,48,1.43,3.94,1,7.528,0
2023-10-30 18:00:00,17.8,office,12,0.34,2.07,1,5.444,0
2023-10-30 19:00:00,15.4,office,15,0.79,3.15,1,6.941,0
2023-10-30 20:00:00,14.3,office,0,0.42,2.1,1,5.136,0
2023-10-30 21:00:00,11.4,office,0,0.29,1.07,0,3.386,0
2023-10-30 22:00:00,8.9,office,0,0.33,0.81,0,2.984,0
2023-10-30 23:00:00,10.8,office,0,0.32,0.69,0,3.811,0
2023-10-31 00:00:00,10.8,office,0,0.03,0.92,0,3.015,0
2023-10-31 01:00:00,8.6,office,0,0.11,0.36,0,2.531,0
2023-10-31 02:00:00,10.9,office,0,0.48,0.79,0,3.722,0
2023-10-31 03:00:00,7.8,office,0,0.61,1.83,0,13.556,1
2023-10-31 04:00:00,7.8,office,0,0.19,0.9,0,4.125,0
2023-10-31 05:00:00,10.1,office,0,0.38,1.03,0,3.015,0
2023-10-31 06:00:00,11.1,office,0,0.26,1.44,0,3.019,0
2023-10-31 07:00:00,13.6,office,15,0.31,1.8,0,4.139,0
2023-10-31 08:00:00,12.6,office,45,1.27,4.6,1,9.396,0
2023-10-31 09:00:00,17.1,office,49,1.35,4.37,1,8.883,0
2023-10-31 10:00:00,19.2,office,39,0.86,3.97,1,7.116,0
2023-10-31 11:00:00,17.2,office,72,1.92,3.89,0,7.942,0
2023-10-31 12:00:00,19.9,office,63,1.37,3.52,0,7.74,0
2023-10-31 13:00:00,17.0,office,44,1.11,3.15,0,6.623,0
2023-10-31 14:00:00,20.3,office,56,1.18,3.51,0,6.67,0
2023-10-31 15:00:00,20.1,office,49,1.28,3.69,0,6.989,0
2023-10-31 16:00:00,19.4,office,47,1.13,3.26,0,6.158,0
2023-10-31 17:00:00,17.2,office,33,0.84,4.0,1,6.389,0
2023-10-31 18:00:00,11.8,office,10,0.61,2.96,1,5.984,0
2023-10-31 19:00:00,14.1,office,18,0.36,2.29,1,4.769,0
2023-10-31 20:00:00,12.8,office,0,0.4,1.71,1,4.649,0
2023-10-31 21:00:00,11.0,office,0,0.29,1.06,0,3.225,0
2023-10-31 22:00:00,11.4,office,0,1.14,0.92,0,12.039,1
2023-10-31 23:00:00,9.6,office,0,0.29,0.55,0,2.468,0
2023-11-01 00:00:00,7.9,office,0,0.03,1.26,0,3.923,0
2023-11-01 01:00:00,7.1,office,0,0.03,1.47,0,4.839,0
2023-11-01 02:00:00,7.4,office,0,0.44,1.21,0,2.959,0
2023-11-01 03:00:00,10.3,office,0,0.42,0.88,0,4.012,0
2023-11-01 04:00:00,8.2,office,0,0.17,0.78,0,3.856,0
2023-11-01 05:00:00,9.2,office,0,0.31,0.9,0,3.93,0
2023-11-01 06:00:00,10.3,office,0,0.24,0.8,0,2.498,0
2023-11-01 07:00:00,12.7,office,20,0.88,1.85,0,4.26,0
2023-11-01 08:00:00,14.2,office,33,1.13,3.11,1,6.896,0
2023-11-01 09:00:00,10.2,office,52,1.53,4.97,1,9.036,0
2023-11-01 10:00:00,17.5,office,71,1.85,5.73,1,10.04,0
2023-11-01 11:00:00,19.2,office,72,1.89,4.69,0,9.389,0
2023-11-01 12:00:00,16.2,office,54,1.19,4.13,0,8.086,0
2023-11-01 13:00:00,16.9,office,80,2.02,4.57,0,8.661,0
2023-11-01 14:00:00,17.8,office,63,1.61,3.46,0,7.629,0
2023-11-01 15:00:00,17.2,office,50,1.48,3.77,0,7.045,0
2023-11-01 16:00:00,18.2,office,74,1.77,5.2,0,9.192,0
2023-11-01 17:00:00,14.1,office,56,1.16,4.75,1,7.877,0
2023-11-01 18:00:00,14.3,office,18,0.66,2.18,1,5.861,0
2023-11-01 19:00:00,17.1,office,9,0.52,2.66,1,5.597,0
2023-11-01 20:00:00,12.1,office,0,0.11,1.3,1,4.482,0
2023-11-01 21:00:00,14.1,office,0,0.2,0.9,0,3.041,0
2023-11-01 22:00:00,11.5,office,0,0.3,0.56,0,3.916,0
2023-11-01 23:00:00,7.2,office,0,0.19,1.39,0,2.88,0
2023-11-02 00:00:00,9.9,office,0,0.19,0.79,0,2.658,0
2023-11-02 01:00:00,8.2,office,0,0.07,1.37,0,2.951,0
2023-11-02 02:00:00,7.6,office,0,0.47,0.59,0,3.005,0
2023-11-02 03:00:00,8.8,office,0,0.95,1.33,0,15.535,1
2023-11-02 04:00:00,9.6,office,0,0.0,1.43,0,4.748,0
2023-11-02 05:00:00,10.8,office,0,0.38,0.46,0,3.943,0
2023-11-02 06:00:00,12.5,office,0,0.37,0.95,0,4.235,0
2023-11-02 07:00:00,12.6,office,14,0.28,1.41,0,3.287,0
2023-11-02 08:00:00,11.2,office,54,3.05,9.81,1,40.953,1
2023-11-02 09:00:00,13.8,office,41,1.12,3.42,1,7.283,0
2023-11-02 10:00:00,20.2,office,78,1.79,5.67,1,10.796,0
2023-11-02 11:00:00,17.9,office,64,1.67,4.31,0,8.427,0
2023-11-02 12:00:00,21.1,office,60,1.41,3.73,0,7.749,0
2023-11-02 13:00:00,20.2,office,45,0.98,2.53,0,4.917,0
2023-11-02 14:00:00,18.6,office,44,1.37,3.32,0,6.481,0
2023-11-02 15:00:00,18.5,office,49,1.1,3.3,0,6.658,0
2023-11-02 16:00:00,17.5,office,75,1.86,3.96,0,8.305,0
2023-11-02 17:00:00,14.2,office,39,0.85,3.95,1,6.973,0
2023-11-02 18:00:00,15.8,office,19,0.54,3.35,1,6.717,0
2023-11-02 19:00:00,16.4,office,6,0.34,1.64,1,5.79,0
2023-11-02 20:00:00,12.3,office,0,0.23,3.89,1,26.196,1
2023-11-02 21:00:00,12.6,office,0,0.22,1.15,0,4.21,0
2023-11-02 22:00:00,12.0,office,0,0.08,0.29,0,1.629,0
2023-11-02 23:00:00,8.3,office,0,0.28,0.23,0,3.715,0
2023-11-03 00:00:00,8.0,office,0,0.33,0.8,0,2.835,0
2023-11-03 01:00:00,6.6,office,0,0.03,1.23,0,3.763,0
2023-11-03 02:00:00,6.8,office,0,0.44,0.41,0,2.614,0
2023-11-03 03:00:00,6.2,office,0,0.09,1.29,0,4.005,0
2023-11-03 04:00:00,7.3,office,0,0.11,1.05,0,2.918,0
2023-11-03 05:00:00,11.6,office,0,0.33,0.63,0,2.326,0
2023-11-03 06:00:00,9.1,office,0,0.23,0.87,0,3.51,0
2023-11-03 07:00:00,11.9,office,18,0.61,2.36,0,5.698,0
2023-11-03 08:00:00,12.2,office,56,1.18,4.28,1,8.33,0
2023-11-03 09:00:00,16.1,office,65,1.7,5.1,1,9.566,0
2023-11-03 10:00:00,17.5,office,63,1.57,5.16,1,10.395,0
2023-11-03 11:00:00,17.8,office,38,0.83,2.28,0,5.083,0
2023-11-03 12:00:00,17.8,office,54,1.27,2.96,0,6.188,0
2023-11-03 13:00:00,17.5,office,45,1.31,2.47,0,5.885,0
2023-11-03 14:00:00,16.2,office,46,1.2,2.92,0,6.713,0
2023-11-03 15:00:00,20.7,office,43,0.91,2.45,0,6.423,0
2023-11-03 16:00:00,16.2,office,51,1.21,3.79,0,7.154,0
2023-11-03 17:00:00,17.5,office,71,1.54,6.05,1,10.115,0
2023-11-03 18:00:00,17.1,office,7,0.4,1.63,1,4.789,0
2023-11-03 19:00:00,13.5,office,19,0.8,2.71,1,6.89,0
2023-11-03 20:00:00,14.6,office,0,0.22,1.23,1,4.837,0
2023-11-03 21:00:00,12.9,office,0,0.22,0.37,0,2.991,0
2023-11-03 22:00:00,13.1,office,0,0.45,0.62,0,3.234,0
2023-11-03 23:00:00,8.8,office,0,0.29,0.71,0,3.233,0
2023-11-04 00:00:00,6.5,office,0,0.28,1.42,0,2.964,0
2023-11-04 01:00:00,7.2,office,0,0.13,0.71,0,3.042,0
2023-11-04 02:00:00,8.1,office,0,0.3,0.85,0,2.828,0
2023-11-04 03:00:00,8.0,office,0,0.29,0.52,0,2.999,0
2023-11-04 04:00:00,7.8,office,0,0.2,0.2,0,3.027,0
2023-11-04 05:00:00,6.4,office,0,1.14,2.93,0,16.589,1
2023-11-04 06:00:00,11.0,office,0,0.44,0.31,0,2.301,0
2023-11-04 07:00:00,14.4,office,0,0.37,1.45,0,4.387,0
2023-11-04 08:00:00,13.5,office,0,0.27,1.37,1,4.895,0
2023-11-04 09:00:00,15.0,office,0,0.23,1.99,1,4.673,0
2023-11-04 10:00:00,16.1,office,0,0.09,2.5,1,5.559,0
2023-11-04 11:00:00,16.9,office,0,0.15,0.38,0,3.617,0
2023-11-04 12:00:00,18.5,office,0,0.39,0.75,0,2.964,0
2023-11-04 13:00:00,18.2,office,0,0.23,1.21,0,3.646,0
2023-11-04 14:00:00,17.3,office,0,0.44,0.24,0,2.756,0
2023-11-04 15:00:00,16.4,office,0,0.07,1.1,0,3.37,0
2023-11-04 16:00:00,16.7,office,0,0.25,0.3,0,3.017,0
2023-11-04 17:00:00,16.8,office,0,0.32,1.51,1,4.816,0
2023-11-04 18:00:00,14.8,office,0,0.26,1.41,1,4.778,0
2023-11-04 19:00:00,14.5,office,0,0.44,2.38,1,5.22,0
2023-11-04 20:00:00,13.4,office,0,0.49,1.43,1,5.215,0
2023-11-04 21:00:00,12.7,office,0,0.06,0.25,0,3.409,0
2023-11-04 22:00:00,12.2,office,0,0.06,0.96,0,4.155,0
2023-11-04 23:00:00,9.3,office,0,0.07,0.65,0,2.199,0
2023-11-05 00:00:00,6.2,office,0,0.34,0.73,0,2.805,0
2023-11-05 01:00:00,7.2,office,0,0.19,0.35,0,1.916,0
2023-11-05 02:00:00,7.6,office,0,0.37,1.17,0,3.535,0
2023-11-05 03:00:00,4.9,office,0,0.2,0.98,0,2.714,0
2023-11-05 04:00:00,10.3,office,0,0.31,0.67,0,3.809,0
2023-11-05 05:00:00,9.2,office,0,0.38,0.42,0,2.338,0
2023-11-05 06:00:00,10.6,office,0,0.27,0.97,0,4.177,0
2023-11-05 07:00:00,13.3,office,0,0.27,1.21,0,4.365,0
2023-11-05 08:00:00,11.6,office,0,0.04,1.61,1,3.874,0
2023-11-05 09:00:00,14.7,office,0,0.21,1.23,1,4.026,0
2023-11-05 10:00:00,14.8,office,0,0.27,1.48,1,5.234,0
2023-11-05 11:00:00,15.8,office,0,0.23,1.09,0,3.648,0
2023-11-05 12:00:00,15.7,office,0,0.45,1.49,0,4.1,0
2023-11-05 13:00:00,19.8,office,0,0.45,0.22,0,3.47,0
2023-11-05 14:00:00,17.0,office,0,0.41,0.6,0,2.501,0
2023-11-05 15:00:00,18.4,office,0,0.19,0.28,0,3.009,0
2023-11-05 16:00:00,14.0,office,0,0.36,0.61,0,3.301,0
2023-11-05 17:00:00,17.8,office,0,0.2,1.73,1,4.587,0
2023-11-05 18:00:00,16.6,office,0,0.12,2.4,1,5.171,0
2023-11-05 19:00:00,14.0,office,0,0.17,1.3,1,5.45,0
2023-11-05 20:00:00,12.2,office,0,0.04,2.21,1,5.439,0
2023-11-05 21:00:00,11.8,office,0,0.17,0.71,0,2.944,0
2023-11-05 22:00:00,13.4,office,0,0.23,1.25,0,2.812,0
2023-11-05 23:00:00,6.3,office,0,0.48,0.87,0,3.202,0
2023-11-06 00:00:00,9.1,office,0,0.16,0.25,0,1.879,0
2023-11-06 01:00:00,6.1,office,0,0.45,1.43,0,4.431,0
2023-11-06 02:00:00,7.2,office,0,0.11,0.31,0,2.234,0
2023-11-06 03:00:00,7.1,office,0,0.1,0.98,0,3.161,0
2023-11-06 04:00:00,7.3,office,0,0.26,1.34,0,3.353,0
2023-11-06 05:00:00,8.7,office,0,0.34,0.3,0,3.566,0
2023-11-06 06:00:00,8.1,office,0,0.02,0.92,0,4.049,0
2023-11-06 07:00:00,12.5,office,16,0.43,2.07,0,5.036,0
2023-11-06 08:00:00,9.6,office,35,0.93,4.23,1,7.91,0
2023-11-06 09:00:00,14.4,office,64,1.45,5.34,1,9.495,0
2023-11-06 10:00:00,14.3,office,76,1.88,5.36,1,10.022,0
2023-11-06 11:00:00,14.1,office,42,1.1,3.21,0,6.355,0
2023-11-06 12:00:00,16.9,office,33,0.74,2.77,0,6.569,0
2023-11-06 13:00:00,14.8,office,47,1.39,3.46,0,6.883,0
2023-11-06 14:00:00,17.3,office,54,1.23,4.01,0,8.0,0
2023-11-06 15:00:00,15.0,office,73,1.83,3.96,0,8.655,0
2023-11-06 16:00:00,17.3,office,68,1.75,3.74,0,8.233,0
2023-11-06 17:00:00,14.4,office,68,1.84,5.43,1,9.976,0
2023-11-06 18:00:00,14.1,office,6,0.37,2.74,1,6.351,0
2023-11-06 19:00:00,14.0,office,7,0.45,2.16,1,4.826,0
2023-11-06 20:00:00,11.1,office,0,0.17,2.45,1,5.307,0
2023-11-06 21:00:00,10.9,office,0,0.34,1.42,0,4.438,0
2023-11-06 22:00:00,7.5,office,0,0.23,1.37,0,2.722,0
2023-11-06 23:00:00,9.7,office,0,0.22,1.38,0,3.289,0
2023-11-07 00:00:00,10.4,office,0,0.43,1.37,0,4.412,0
2023-11-07 01:00:00,11.4,office,0,0.03,1.27,0,2.713,0
2023-11-07 02:00:00,7.2,office,0,0.44,1.1,0,3.517,0
2023-11-07 03:00:00,8.4,office,0,0.43,0.23,0,1.963,0
2023-11-07 04:00:00,5.0,office,0,0.25,0.37,0,3.052,0
2023-11-07 05:00:00,10.8,office,0,0.25,0.37,0,2.756,0
2023-11-07 06:00:00,10.7,office,0,0.18,0.23,0,2.904,0
2023-11-07 07:00:00,10.0,office,11,0.72,0.9,0,3.915,0
2023-11-07 08:00:00,13.9,office,78,1.62,6.3,1,10.348,0
2023-11-07 09:00:00,12.9,office,67,1.64,5.41,1,9.638,0
2023-11-07 10:00:00,13.8,office,76,1.86,5.41,1,9.789,0
2023-11-07 11:00:00,16.3,office,72,1.91,4.83,0,8.383,0
2023-11-07 12:00:00,14.8,office,65,1.69,4.08,0,8.658,0
2023-11-07 13:00:00,18.4,office,43,1.18,2.53,0,6.548,0
2023-11-07 14:00:00,15.5,office,60,1.26,4.35,0,7.725,0
2023-11-07 15:00:00,15.3,office,43,1.05,2.79,0,5.345,0
2023-11-07 16:00:00,15.0,office,51,1.09,3.66,0,6.133,0
2023-11-07 17:00:00,16.7,office,49,1.42,4.03,1,8.066,0
2023-11-07 18:00:00,13.6,office,5,0.47,2.1,1,5.118,0
2023-11-07 19:00:00,11.3,office,11,0.6,2.81,1,4.84,0
2023-11-07 20:00:00,11.1,office,0,0.33,1.4,1,3.607,0
2023-11-07 21:00:00,10.7,office,0,0.25,1.47,0,4.062,0
2023-11-07 22:00:00,7.8,office,0,0.07,0.29,0,2.252,0
2023-11-07 23:00:00,6.8,office,0,0.16,0.89,0,4.244,0
2023-11-08 00:00:00,10.6,office,0,0.07,1.39,0,3.413,0
2023-11-08 01:00:00,5.7,office,0,0.36,1.43,0,3.04,0
2023-11-08 02:00:00,6.3,office,0,0.08,0.5,0,2.066,0
2023-11-08 03:00:00,6.4,office,0,0.35,0.39,0,4.113,0
2023-11-08 04:00:00,6.8,office,0,0.35,1.14,0,3.59,0
2023-11-08 05:00:00,9.2,office,0,0.23,0.25,0,3.304,0
2023-11-08 06:00:00,10.7,office,0,0.07,0.83,0,2.958,0
2023-11-08 07:00:00,10.0,office,11,0.38,1.79,0,4.569,0
2023-11-08 08:00:00,9.9,office,77,1.7,5.78,1,9.621,0
2023-11-08 09:00:00,15.0,office,37,1.09,3.29,1,7.19,0
2023-11-08 10:00:00,14.2,office,77,1.6,5.68,1,11.054,0
2023-11-08 11:00:00,17.9,office,78,1.97,5.3,0,9.466,0
2023-11-08 12:00:00,12.8,office,60,1.58,4.0,0,7.799,0
2023-11-08 13:00:00,16.9,office,45,0.99,3.39,0,7.011,0
2023-11-08 14:00:00,19.7,office,74,1.84,4.34,0,9.043,0
2023-11-08 15:00:00,16.1,office,68,1.69,3.85,0,7.406,0
2023-11-08 16:00:00,15.8,office,75,1.87,4.28,0,7.676,0
2023-11-08 17:00:00,15.8,office,43,0.95,4.04,1,8.045,0
2023-11-08 18:00:00,13.5,office,17,0.42,2.41,1,5.595,0
2023-11-08 19:00:00,12.6,office,12,0.36,2.5,1,5.996,0
2023-11-08 20:00:00,11.3,office,0,0.18,2.12,1,4.896,0
2023-11-08 21:00:00,9.6,office,0,0.68,2.02,0,15.843,1
2023-11-08 22:00:00,11.1,office,0,0.37,0.41,0,2.371,0
2023-11-08 23:00:00,9.0,office,0,0.46,1.18,0,4.645,0
2023-11-09 00:00:00,7.6,office,0,0.03,1.07,0,3.281,0
2023-11-09 01:00:00,7.9,office,0,0.01,0.22,0,2.758,0
2023-11-09 02:00:00,6.2,office,0,0.35,0.28,0,2.449,0
2023-11-09 03:00:00,5.6,office,0,0.14,1.04,0,4.032,0
2023-11-09 04:00:00,6.3,office,0,0.17,0.7,0,3.314,0
2023-11-09 05:00:00,8.0,office,0,0.27,0.39,0,2.413,0
2023-11-09 06:00:00,7.5,office,0,0.05,0.26,0,3.017,0
2023-11-09 07:00:00,9.5,office,15,0.62,1.16,0,4.666,0
2023-11-09 08:00:00,10.8,office,79,1.74,6.39,1,10.997,0
2023-11-09 09:00:00,16.0,office,48,1.28,4.55,1,8.934,0
2023-11-09 10:00:00,9.9,office,54,1.5,4.59,1,7.869,0
2023-11-09 11:00:00,14.8,office,59,1.27,4.37,0,7.395,0
2023-11-09 12:00:00,18.5,office,64,1.75,4.2,0,8.464,0
2023-11-09 13:00:00,16.6,office,71,1.69,4.69,0,8.006,0
2023-11-09 14:00:00,17.7,office,52,1.5,3.17,0,7.863,0
2023-11-09 15:00:00,16.5,office,49,1.08,3.42,0,7.083,0
2023-11-09 16:00:00,14.9,office,46,2.53,5.92,0,17.125,1
2023-11-09 17:00:00,11.7,office,53,1.26,4.38,1,9.326,0
2023-11-09 18:00:00,14.4,office,20,0.79,2.24,1,4.993,0
2023-11-09 19:00:00,11.7,office,19,0.68,2.43,1,5.384,0
2023-11-09 20:00:00,10.4,office,0,0.25,1.3,1,4.832,0
2023-11-09 21:00:00,9.5,office,0,0.46,0.7,0,4.0,0
2023-11-09 22:00:00,11.7,office,0,0.19,1.3,0,3.825,0
2023-11-09 23:00:00,11.6,office,0,0.11,0.69,0,2.418,0
2023-11-10 00:00:00,7.3,office,0,0.3,1.28,0,3.913,0
2023-11-10 01:00:00,5.8,office,0,0.31,1.05,0,3.242,0
2023-11-10 02:00:00,4.6,office,0,0.22,0.86,0,3.524,0
2023-11-10 03:00:00,7.2,office,0,0.24,0.51,0,2.227,0
2023-11-10 04:00:00,9.7,office,0,0.48,1.4,0,4.404,0
2023-11-10 05:00:00,7.4,office,0,0.37,0.27,0,2.943,0
2023-11-10 06:00:00,5.3,office,0,0.06,1.1,0,3.454,0
2023-11-10 07:00:00,11.0,office,8,0.27,1.41,0,3.36,0
2023-11-10 08:00:00,12.8,office,76,2.01,5.57,1,11.471,0
2023-11-10 09:00:00,10.2,office,60,1.56,4.51,1,8.221,0
2023-11-10 10:00:00,14.1,office,78,2.02,5.66,1,11.002,0
2023-11-10 11:00:00,15.5,office,50,1.15,3.83,0,6.519,0
2023-11-10 12:00:00,15.6,office,43,1.23,3.44,0,6.861,0
2023-11-10 13:00:00,15.0,office,53,1.42,4.07,0,7.615,0
2023-11-10 14:00:00,17.9,office,50,1.15,3.1,0,6.385,0
2023-11-10 15:00:00,15.6,office,56,1.4,3.5,0,6.578,0
2023-11-10 16:00:00,13.4,office,32,0.95,1.82,0,4.732,0
2023-11-10 17:00:00,11.8,office,66,1.56,5.73,1,9.739,0
2023-11-10 18:00:00,15.7,office,12,0.65,2.23,1,5.268,0
2023-11-10 19:00:00,13.6,office,9,0.6,2.18,1,4.626,0
2023-11-10 20:00:00,11.5,office,0,0.43,2.38,1,5.975,0
2023-11-10 21:00:00,9.4,office,0,0.4,0.88,0,4.228,0
2023-11-10 22:00:00,8.0,office,0,0.24,0.94,0,4.147,0
2023-11-10 23:00:00,6.2,office,0,0.19,0.43,0,3.347,0
2023-11-11 00:00:00,6.1,office,0,0.42,0.85,0,2.702,0
2023-11-11 01:00:00,3.1,office,0,0.25,1.39,0,4.057,0
2023-11-11 02:00:00,5.0,office,0,0.12,0.93,0,3.598,0
2023-11-11 03:00:00,5.8,office,0,0.25,0.53,0,2.625,0
2023-11-11 04:00:00,7.7,office,0,0.07,0.24,0,2.682,0
2023-11-11 05:00:00,7.5,office,0,0.35,0.64,0,2.887,0
2023-11-11 06:00:00,9.8,office,0,0.17,0.94,0,3.24,0
2023-11-11 07:00:00,11.8,office,0,0.13,0.26,0,2.61,0
2023-11-11 08:00:00,12.7,office,0,0.48,1.99,1,5.529,0
2023-11-11 09:00:00,13.1,office,0,0.39,1.88,1,4.853,0
2023-11-11 10:00:00,13.6,office,0,0.39,2.22,1,4.655,0
2023-11-11 11:00:00,13.2,office,0,0.31,0.24,0,3.453,0
2023-11-11 12:00:00,16.5,office,0,0.42,1.22,0,3.205,0
2023-11-11 13:00:00,18.5,office,0,0.38,0.88,0,4.239,0
2023-11-11 14:00:00,16.6,office,0,0.3,0.68,0,3.504,0
2023-11-11 15:00:00,18.8,office,0,0.48,1.45,0,3.913,0
2023-11-11 16:00:00,13.1,office,0,0.1,0.41,0,3.374,0
2023-11-11 17:00:00,12.9,office,0,0.47,1.9,1,5.328,0
2023-11-11 18:00:00,14.9,office,0,0.2,1.62,1,4.773,0
2023-11-11 19:00:00,12.8,office,0,0.26,1.89,1,5.395,0
2023-11-11 20:00:00,13.1,office,0,0.06,1.92,1,4.958,0
2023-11-11 21:00:00,9.8,office,0,0.27,0.32,0,3.329,0
2023-11-11 22:00:00,7.3,office,0,0.31,1.06,0,4.408,0
2023-11-11 23:00:00,7.2,office,0,0.5,1.02,0,4.14,0
2023-11-12 00:00:00,4.2,office,0,0.49,1.2,0,4.384,0
2023-11-12 01:00:00,4.4,office,0,0.48,0.32,0,3.886,0
2023-11-12 02:00:00,7.3,office,0,0.17,0.59,0,2.799,0
2023-11-12 03:00:00,7.4,office,0,0.5,1.05,0,3.051,0
2023-11-12 04:00:00,7.1,office,0,0.23,0.38,0,3.224,0
2023-11-12 05:00:00,4.8,office,0,0.43,1.08,0,3.948,0
2023-11-12 06:00:00,7.8,office,0,0.11,0.28,0,3.047,0
2023-11-12 07:00:00,7.7,office,0,0.25,0.64,0,2.466,0
2023-11-12 08:00:00,12.6,office,0,0.48,2.3,1,5.128,0
2023-11-12 09:00:00,11.3,office,0,0.47,2.21,1,5.409,0
2023-11-12 10:00:00,11.7,office,0,0.34,2.04,1,4.348,0
2023-11-12 11:00:00,14.5,office,0,0.4,1.33,0,3.462,0
2023-11-12 12:00:00,14.2,office,0,0.09,1.12,0,3.189,0
2023-11-12 13:00:00,17.9,office,0,0.36,0.88,0,3.708,0
2023-11-12 14:00:00,14.8,office,0,0.31,1.47,0,4.319,0
2023-11-12 15:00:00,13.6,office,0,0.05,1.1,0,3.839,0
2023-11-12 16:00:00,12.0,office,0,0.06,0.98,0,3.155,0
2023-11-12 17:00:00,14.4,office,0,0.05,1.73,1,5.273,0
2023-11-12 18:00:00,12.5,office,0,0.36,2.37,1,5.562,0
2023-11-12 19:00:00,10.0,office,0,0.07,1.58,1,4.538,0
2023-11-12 20:00:00,12.7,office,0,0.23,1.21,1,4.71,0
2023-11-12 21:00:00,10.6,office,0,0.18,0.46,0,1.891,0
2023-11-12 22:00:00,8.3,office,0,0.28,0.34,0,2.8,0
2023-11-12 23:00:00,9.4,office,0,0.35,0.61,0,2.778,0
2023-11-13 00:00:00,7.3,office,0,0.34,1.27,0,4.334,0
2023-11-13 01:00:00,4.6,office,0,0.26,1.05,0,4.285,0
2023-11-13 02:00:00,4.1,office,0,0.23,0.42,0,3.154,0
2023-11-13 03:00:00,7.0,office,0,0.2,1.23,0,4.533,0
2023-11-13 04:00:00,6.9,office,0,0.43,0.86,0,3.349,0
2023-11-13 05:00:00,7.4,office,0,0.17,0.87,0,2.597,0
2023-11-13 06:00:00,6.9,office,0,0.13,0.67,0,2.852,0
2023-11-13 07:00:00,10.3,office,5,0.47,1.57,0,4.326,0
2023-11-13 08:00:00,9.5,office,46,1.1,3.91,1,8.346,0
2023-11-13 09:00:00,11.8,office,65,1.72,4.57,1,9.769,0
2023-11-13 10:00:00,15.3,office,67,1.5,4.94,1,8.588,0
2023-11-13 11:00:00,13.2,office,67,1.69,4.48,0,7.652,0
2023-11-13 12:00:00,12.6,office,76,1.54,4.85,0,8.466,0
2023-11-13 13:00:00,13.9,office,56,1.31,3.24,0,7.792,0
2023-11-13 14:00:00,17.1,office,48,1.13,2.75,0,6.629,0
2023-11-13 15:00:00,15.9,office,39,1.19,3.01,0,6.95,0
2023-11-13 16:00:00,14.8,office,42,1.32,3.18,0,7.078,0
2023-11-13 17:00:00,13.4,office,51,1.25,4.23,1,7.04,0
2023-11-13 18:00:00,13.9,office,12,0.65,2.9,1,7.2,0
2023-11-13 19:00:00,10.7,office,17,0.69,3.32,1,7.268,0
2023-11-13 20:00:00,11.1,office,0,0.48,1.47,1,3.898,0
2023-11-13 21:00:00,8.3,office,0,0.41,0.95,0,3.423,0
2023-11-13 22:00:00,6.8,office,0,0.04,0.21,0,2.641,0
2023-11-13 23:00:00,6.2,office,0,0.36,1.13,0,3.926,0
2023-11-14 00:00:00,5.5,office,0,0.27,0.74,0,2.902,0
2023-11-14 01:00:00,5.5,office,0,0.01,0.45,0,2.274,0
2023-11-14 02:00:00,5.8,office,0,0.13,1.18,0,3.662,0
2023-11-14 03:00:00,0.1,office,0,0.46,1.25,0,3.725,0
2023-11-14 04:00:00,4.9,office,0,0.46,0.34,0,2.467,0
2023-11-14 05:00:00,6.3,office,0,0.4,0.25,0,2.801,0
2023-11-14 06:00:00,10.2,office,0,0.49,0.63,0,3.724,0
2023-11-14 07:00:00,7.5,office,12,0.64,1.61,0,4.529,0
2023-11-14 08:00:00,10.7,office,61,1.23,5.28,1,9.529,0
2023-11-14 09:00:00,14.0,office,65,1.44,5.16,1,9.542,0
2023-11-14 10:00:00,11.0,office,71,1.44,5.5,1,9.732,0
2023-11-14 11:00:00,14.6,office,73,1.51,4.89,0,8.931,0
2023-11-14 12:00:00,13.6,office,51,1.13,3.44,0,6.891,0
2023-11-14 13:00:00,14.5,office,46,1.17,3.29,0,6.79,0
2023-11-14 14:00:00,14.2,office,78,1.98,4.77,0,9.766,0
2023-11-14 15:00:00,14.2,office,61,1.65,4.39,0,8.802,0
2023-11-14 16:00:00,18.8,office,76,1.83,4.31,0,8.632,0
2023-11-14 17:00:00,15.2,office,71,1.88,5.09,1,10.406,0
2023-11-14 18:00:00,14.6,office,20,0.65,2.37,1,6.592,0
2023-11-14 19:00:00,12.5,office,19,0.82,3.22,1,7.139,0
2023-11-14 20:00:00,8.0,office,0,0.23,1.74,1,4.52,0
2023-11-14 21:00:00,9.7,office,0,0.14,0.65,0,3.416,0
2023-11-14 22:00:00,9.5,office,0,0.46,1.48,0,3.812,0
2023-11-14 23:00:00,5.6,office,0,0.19,1.4,0,4.216,0
2023-11-15 00:00:00,7.3,office,0,0.25,1.46,0,3.213,0
2023-11-15 01:00:00,6.4,office,0,0.16,0.38,0,2.922,0
2023-11-15 02:00:00,8.0,office,0,0.33,1.36,0,3.757,0
2023-11-15 03:00:00,4.7,office,0,0.5,0.63,0,3.429,0
2023-11-15 04:00:00,4.2,office,0,0.01,0.22,0,2.907,0
2023-11-15 05:00:00,6.1,office,0,0.45,0.71,0,2.998,0
2023-11-15 06:00:00,9.9,office,0,0.0,0.86,0,2.862,0
2023-11-15 07:00:00,6.2,office,10,0.38,0.84,0,3.66,0
2023-11-15 08:00:00,7.1,office,76,1.6,5.7,1,10.208,0
2023-11-15 09:00:00,11.6,office,80,1.98,6.27,1,11.057,0
2023-11-15 10:00:00,12.0,office,52,1.07,4.29,1,8.363,0
2023-11-15 11:00:00,13.8,office,40,1.08,2.66,0,6.021,0
2023-11-15 12:00:00,16.0,office,38,0.91,2.54,0,5.275,0
2023-11-15 13:00:00,14.2,office,76,1.59,5.2,0,9.347,0
2023-11-15 14:00:00,12.4,office,64,1.67,3.46,0,7.593,0
2023-11-15 15:00:00,18.1,office,61,1.33,3.83,0,7.904,0
2023-11-15 16:00:00,13.0,office,41,0.93,2.59,0,5.43,0
2023-11-15 17:00:00,12.2,office,64,1.42,5.56,1,9.467,0
2023-11-15 18:00:00,14.4,office,6,0.41,1.62,1,4.388,0
2023-11-15 19:00:00,10.9,office,6,0.45,2.03,1,5.985,0
2023-11-15 20:00:00,10.1,office,0,0.01,1.73,1,4.431,0
2023-11-15 21:00:00,9.6,office,0,0.12,1.35,0,3.45,0
2023-11-15 22:00:00,9.3,office,0,0.22,0.48,0,1.879,0
2023-11-15 23:00:00,6.2,office,0,0.17,1.04,0,2.701,0
2023-11-16 00:00:00,7.9,office,0,0.44,0.37,0,3.431,0
2023-11-16 01:00:00,2.0,office,0,0.39,1.44,0,4.252,0
2023-11-16 02:00:00,6.1,office,0,0.31,0.97,0,4.087,0
2023-11-16 03:00:00,3.9,office,0,0.17,1.01,0,3.129,0
2023-11-16 04:00:00,7.7,office,0,0.35,0.76,0,3.51,0
2023-11-16 05:00:00,6.7,office,0,0.42,0.64,0,3.169,0
2023-11-16 06:00:00,6.5,office,0,0.3,0.48,0,3.016,0
2023-11-16 07:00:00,9.7,office,7,0.53,1.34,0,4.774,0
2023-11-16 08:00:00,11.3,office,72,1.81,6.04,1,10.155,0
2023-11-16 09:00:00,12.2,office,33,0.95,3.32,1,6.793,0
2023-11-16 10:00:00,10.9,office,78,1.72,6.25,1,10.693,0
2023-11-16 11:00:00,12.8,office,30,0.97,1.89,0,5.457,0
2023-11-16 12:00:00,14.3,office,56,1.22,4.22,0,7.869,0
2023-11-16 13:00:00,14.8,office,38,1.15,2.56,0,5.967,0
2023-11-16 14:00:00,16.1,office,70,1.8,4.19,0,8.077,0
2023-11-16 15:00:00,11.8,office,44,3.03,7.49,0,22.476,1
2023-11-16 16:00:00,14.8,office,34,0.92,2.83,0,5.506,0
2023-11-16 17:00:00,13.1,office,75,1.6,5.89,1,10.886,0
2023-11-16 18:00:00,11.2,office,9,0.23,2.27,1,4.748,0
2023-11-16 19:00:00,10.2,office,5,0.47,2.13,1,6.047,0
2023-11-16 20:00:00,9.7,office,0,0.44,1.24,1,5.265,0
2023-11-16 21:00:00,3.3,office,0,0.33,0.6,0,2.352,0
2023-11-16 22:00:00,6.4,office,0,0.07,0.65,0,2.603,0
2023-11-16 23:00:00,5.1,office,0,0.47,0.93,0,3.119,0
2023-11-17 00:00:00,6.2,office,0,0.49,0.93,0,3.137,0
2023-11-17 01:00:00,3.7,office,0,0.22,1.12,0,2.864,0
2023-11-17 02:00:00,4.4,office,0,0.3,1.13,0,3.574,0
2023-11-17 03:00:00,7.3,office,0,0.39,0.51,0,3.607,0
2023-11-17 04:00:00,6.9,office,0,0.37,1.2,0,3.949,0
2023-11-17 05:00:00,7.6,office,0,0.48,0.23,0,3.311,0
2023-11-17 06:00:00,6.5,office,0,0.06,1.13,0,3.054,0
2023-11-17 07:00:00,9.3,office,11,0.51,0.88,0,3.624,0
2023-11-17 08:00:00,9.4,office,62,1.59,5.25,1,9.283,0
2023-11-17 09:00:00,10.8,office,59,1.63,4.84,1,9.353,0
2023-11-17 10:00:00,12.9,office,53,1.5,4.42,1,8.798,0
2023-11-17 11:00:00,12.4,office,33,1.15,2.75,0,6.279,0
2023-11-17 12:00:00,16.3,office,69,1.64,3.7,0,7.951,0
2023-11-17 13:00:00,14.4,office,70,1.82,3.99,0,8.822,0
2023-11-17 14:00:00,15.7,office,72,1.65,4.6,0,7.577,0
2023-11-17 15:00:00,16.8,office,69,1.59,4.75,0,8.813,0
2023-11-17 16:00:00,15.6,office,60,1.33,3.7,0,7.262,0
2023-11-17 17:00:00,11.2,office,72,1.85,5.14,1,9.385,0
2023-11-17 18:00:00,12.9,office,20,0.89,2.87,1,5.555,0
2023-11-17 19:00:00,12.3,office,5,0.23,2.26,1,6.162,0
2023-11-17 20:00:00,11.1,office,0,0.03,1.75,1,4.539,0
2023-11-17 21:00:00,6.8,office,0,0.41,1.34,0,4.806,0
2023-11-17 22:00:00,6.3,office,0,0.31,0.88,0,3.64,0
2023-11-17 23:00:00,7.7,office,0,0.48,0.25,0,3.174,0
2023-11-18 00:00:00,4.1,office,0,0.13,0.49,0,2.385,0
2023-11-18 01:00:00,4.3,office,0,0.04,0.79,0,3.899,0
2023-11-18 02:00:00,6.9,office,0,0.25,1.11,0,3.343,0
2023-11-18 03:00:00,4.7,office,0,0.04,0.49,0,2.447,0
2023-11-18 04:00:00,4.1,office,0,0.13,1.47,0,4.104,0
2023-11-18 05:00:00,4.7,office,0,0.06,0.61,0,3.127,0
2023-11-18 06:00:00,7.6,office,0,0.11,0.89,0,2.393,0
2023-11-18 07:00:00,6.3,office,0,0.05,0.22,0,2.523,0
2023-11-18 08:00:00,9.2,office,0,0.48,2.35,1,5.686,0
2023-11-18 09:00:00,11.3,office,0,0.14,2.23,1,5.148,0
2023-11-18 10:00:00,14.0,office,0,0.22,1.45,1,3.667,0
2023-11-18 11:00:00,14.1,office,0,0.45,1.41,0,4.101,0
2023-11-18 12:00:00,12.8,office,0,0.34,0.61,0,2.87,0
2023-11-18 13:00:00,16.1,office,0,0.31,1.1,0,2.637,0
2023-11-18 14:00:00,14.1,office,0,0.35,1.26,0,4.423,0
2023-11-18 15:00:00,12.5,office,0,0.73,2.0,0,12.391,1
2023-11-18 16:00:00,13.6,office,0,0.44,1.39,0,3.428,0
2023-11-18 17:00:00,15.2,office,0,0.32,2.32,1,5.657,0
2023-11-18 18:00:00,12.3,office,0,0.45,2.49,1,5.147,0
2023-11-18 19:00:00,10.9,office,0,0.27,1.44,1,4.125,0
2023-11-18 20:00:00,12.0,office,0,0.14,1.6,1,4.658,0
2023-11-18 21:00:00,6.1,office,0,0.99,2.41,0,19.551,1
2023-11-18 22:00:00,5.1,office,0,0.27,1.15,0,4.077,0
2023-11-18 23:00:00,3.6,office,0,0.45,0.89,0,2.991,0
2023-11-19 00:00:00,5.6,office,0,0.02,0.3,0,2.084,0
2023-11-19 01:00:00,4.8,office,0,0.2,1.29,0,3.846,0
2023-11-19 02:00:00,6.7,office,0,0.47,1.45,0,3.847,0
2023-11-19 03:00:00,4.9,office,0,0.12,0.73,0,2.745,0
2023-11-19 04:00:00,4.4,office,0,0.47,0.49,0,3.958,0
2023-11-19 05:00:00,5.8,office,0,0.48,0.23,0,2.52,0
2023-11-19 06:00:00,7.0,office,0,0.44,0.51,0,3.908,0
2023-11-19 07:00:00,5.5,office,0,0.28,1.11,0,2.694,0
2023-11-19 08:00:00,13.4,office,0,0.32,2.39,1,5.203,0
2023-11-19 09:00:00,11.4,office,0,0.43,1.32,1,5.169,0
2023-11-19 10:00:00,12.2,office,0,0.39,1.92,1,5.015,0
2023-11-19 11:00:00,13.8,office,0,0.32,1.1,0,3.714,0
2023-11-19 12:00:00,14.7,office,0,0.49,0.56,0,2.745,0
2023-11-19 13:00:00,14.0,office,0,0.34,0.94,0,2.678,0
2023-11-19 14:00:00,13.4,office,0,0.49,1.13,0,3.433,0
2023-11-19 15:00:00,15.1,office,0,0.03,1.29,0,3.531,0
2023-11-19 16:00:00,14.2,office,0,0.07,0.79,0,3.952,0
2023-11-19 17:00:00,11.7,office,0,0.23,2.17,1,5.627,0
2023-11-19 18:00:00,14.0,office,0,0.19,1.59,1,4.631,0
2023-11-19 19:00:00,11.1,office,0,0.39,1.48,1,5.319,0
2023-11-19 20:00:00,10.4,office,0,0.08,1.44,1,4.888,0
2023-11-19 21:00:00,10.1,office,0,0.49,0.67,0,2.795,0
2023-11-19 22:00:00,6.9,office,0,0.16,0.25,0,1.737,0
2023-11-19 23:00:00,6.3,office,0,0.21,0.57,0,3.339,0
2023-11-20 00:00:00,6.0,office,0,0.14,1.05,0,2.88,0
2023-11-20 01:00:00,3.2,office,0,0.29,1.04,0,3.493,0
2023-11-20 02:00:00,4.2,office,0,0.03,0.3,0,3.062,0
2023-11-20 03:00:00,4.5,office,0,0.07,0.57,0,2.52,0
2023-11-20 04:00:00,3.4,office,0,0.37,0.94,0,2.918,0
2023-11-20 05:00:00,9.1,office,0,0.09,0.61,0,2.174,0
2023-11-20 06:00:00,4.5,office,0,0.12,0.74,0,2.951,0
2023-11-20 07:00:00,5.9,office,5,0.5,1.38,0,3.709,0
2023-11-20 08:00:00,11.1,office,64,1.33,4.41,1,8.118,0
2023-11-20 09:00:00,11.5,office,65,1.52,4.81,1,8.772,0
2023-11-20 10:00:00,10.1,office,56,1.13,4.19,1,8.098,0
2023-11-20 11:00:00,13.6,office,30,0.77,1.87,0,4.449,0
2023-11-20 12:00:00,15.7,office,31,0.97,3.0,0,7.003,0
2023-11-20 13:00:00,13.9,office,63,1.31,3.84,0,6.905,0
2023-11-20 14:00:00,18.0,office,76,1.96,4.69,0,8.98,0
2023-11-20 15:00:00,11.4,office,47,3.59,6.84,0,34.65,1
2023-11-20 16:00:00,14.5,office,64,1.33,3.46,0,7.29,0
2023-11-20 17:00:00,14.4,office,48,1.46,3.91,1,8.42,0
2023-11-20 18:00:00,13.0,office,5,0.25,2.53,1,5.282,0
2023-11-20 19:00:00,10.1,office,18,0.4,3.22,1,6.571,0
2023-11-20 20:00:00,8.7,office,0,0.0,3.89,1,20.538,1
2023-11-20 21:00:00,8.5,office,0,0.2,0.69,0,2.579,0
2023-11-20 22:00:00,7.9,office,0,0.31,1.18,0,2.834,0
2023-11-20 23:00:00,6.5,office,0,0.17,0.58,0,2.827,0
2023-11-21 00:00:00,6.2,office,0,0.42,0.35,0,2.695,0
2023-11-21 01:00:00,2.6,office,0,0.36,0.53,0,3.382,0
2023-11-21 02:00:00,3.6,office,0,0.18,0.7,0,2.725,0
2023-11-21 03:00:00,2.7,office,0,0.37,0.27,0,2.193,0
2023-11-21 04:00:00,4.0,office,0,0.47,0.82,0,3.781,0
2023-11-21 05:00:00,6.9,office,0,0.05,1.16,0,3.836,0
2023-11-21 06:00:00,6.6,office,0,0.15,0.87,0,3.168,0
2023-11-21 07:00:00,11.5,office,10,0.43,0.79,0,2.898,0
2023-11-21 08:00:00,9.2,office,36,0.97,3.57,1,6.798,0
2023-11-21 09:00:00,10.3,office,36,0.99,3.92,1,7.459,0
2023-11-21 10:00:00,11.6,office,63,1.41,4.43,1,8.458,0
2023-11-21 11:00:00,11.5,office,39,1.11,2.23,0,5.443,0
2023-11-21 12:00:00,13.2,office,45,1.22,2.93,0,5.882,0
2023-11-21 13:00:00,15.4,office,42,1.13,2.55,0,6.378,0
2023-11-21 14:00:00,14.1,office,69,1.44,4.87,0,8.179,0
2023-11-21 15:00:00,12.6,office,63,1.5,4.11,0,8.228,0
2023-11-21 16:00:00,11.9,office,46,1.1,2.87,0,6.554,0
2023-11-21 17:00:00,11.8,office,52,1.29,4.72,1,9.049,0
2023-11-21 18:00:00,11.5,office,13,0.72,2.34,1,5.453,0
2023-11-21 19:00:00,12.0,office,17,0.58,2.22,1,5.297,0
2023-11-21 20:00:00,6.9,office,0,0.01,1.51,1,4.962,0
2023-11-21 21:00:00,7.2,office,0,0.22,1.04,0,2.797,0
2023-11-21 22:00:00,6.6,office,0,0.41,0.27,0,3.351,0
2023-11-21 23:00:00,2.6,office,0,0.39,0.55,0,3.671,0
2023-11-22 00:00:00,3.1,office,0,0.26,0.47,0,2.771,0
2023-11-22 01:00:00,2.9,office,0,0.12,0.46,0,3.321,0
2023-11-22 02:00:00,2.5,office,0,0.23,1.09,0,4.598,0
2023-11-22 03:00:00,4.2,office,0,0.28,1.27,0,3.943,0
2023-11-22 04:00:00,4.1,office,0,0.5,1.13,0,3.715,0
2023-11-22 05:00:00,4.4,office,0,0.32,1.04,0,4.415,0
2023-11-22 06:00:00,6.9,office,0,0.35,1.39,0,4.285,0
2023-11-22 07:00:00,10.0,office,7,0.39,0.63,0,3.27,0
2023-11-22 08:00:00,11.2,office,53,1.24,4.07,1,8.23,0
2023-11-22 09:00:00,7.1,office,55,1.51,4.49,1,8.2,0
2023-11-22 10:00:00,12.1,office,59,1.43,4.63,1,8.341,0
2023-11-22 11:00:00,12.0,office,66,1.82,4.04,0,7.592,0
2023-11-22 12:00:00,13.3,office,45,1.13,2.72,0,5.484,0
2023-11-22 13:00:00,13.0,office,74,1.51,4.09,0,6.449,0
2023-11-22 14:00:00,13.9,office,44,1.22,3.06,0,6.018,0
2023-11-22 15:00:00,13.8,office,49,1.0,3.86,0,6.92,0
2023-11-22 16:00:00,12.2,office,73,1.59,4.36,0,8.66,0
2023-11-22 17:00:00,10.9,office,35,0.88,3.01,1,7.072,0
2023-11-22 18:00:00,10.5,office,6,0.49,2.42,1,5.769,0
2023-11-22 19:00:00,10.4,office,7,0.39,1.93,1,4.806,0
2023-11-22 20:00:00,9.6,office,0,0.01,1.52,1,3.774,0
2023-11-22 21:00:00,8.7,office,0,0.31,0.62,0,3.241,0
2023-11-22 22:00:00,5.5,office,0,0.21,1.14,0,3.941,0
2023-11-22 23:00:00,5.6,office,0,0.46,1.26,0,5.05,0
2023-11-23 00:00:00,5.6,office,0,0.25,0.96,0,2.689,0
2023-11-23 01:00:00,5.4,office,0,0.35,0.62,0,4.034,0
2023-11-23 02:00:00,3.4,office,0,0.11,0.6,0,3.066,0
2023-11-23 03:00:00,3.4,office,0,0.38,0.36,0,3.225,0
2023-11-23 04:00:00,4.5,office,0,0.36,1.41,0,3.645,0
2023-11-23 05:00:00,3.3,office,0,0.45,1.03,0,3.751,0
2023-11-23 06:00:00,5.7,office,0,0.02,0.24,0,2.512,0
2023-11-23 07:00:00,8.3,office,17,0.56,1.91,0,4.497,0
2023-11-23 08:00:00,9.5,office,54,1.42,4.48,1,8.862,0
2023-11-23 09:00:00,9.4,office,54,1.13,5.16,1,8.203,0
2023-11-23 10:00:00,11.3,office,65,1.51,5.51,1,9.39,0
2023-11-23 11:00:00,10.8,office,60,1.67,3.42,0,6.963,0
2023-11-23 12:00:00,13.9,office,33,0.88,2.79,0,5.949,0
2023-11-23 13:00:00,13.2,office,70,1.89,4.33,0,8.407,0
2023-11-23 14:00:00,13.1,office,30,0.63,1.94,0,4.609,0
2023-11-23 15:00:00,12.8,office,74,1.84,4.81,0,8.275,0
2023-11-23 16:00:00,12.8,office,40,1.09,2.91,0,6.367,0
2023-11-23 17:00:00,11.4,office,35,1.84,6.84,1,25.662,1
2023-11-23 18:00:00,12.0,office,20,0.89,3.04,1,6.05,0
2023-11-23 19:00:00,9.2,office,18,0.42,2.93,1,5.807,0
2023-11-23 20:00:00,10.9,office,0,0.45,1.39,1,4.888,0
2023-11-23 21:00:00,9.4,office,0,0.35,0.65,0,3.796,0
2023-11-23 22:00:00,4.7,office,0,0.13,0.96,0,2.856,0
2023-11-23 23:00:00,5.1,office,0,0.45,0.38,0,3.429,0
2023-11-24 00:00:00,3.0,office,0,0.21,1.31,0,3.457,0
2023-11-24 01:00:00,3.0,office,0,0.41,0.24,0,2.609,0
2023-11-24 02:00:00,6.3,office,0,0.19,0.33,0,3.836,0
2023-11-24 03:00:00,3.0,office,0,0.43,0.35,0,2.941,0
2023-11-24 04:00:00,4.5,office,0,0.32,0.89,0,4.349,0
2023-11-24 05:00:00,5.6,office,0,0.07,1.01,0,3.239,0
2023-11-24 06:00:00,4.3,office,0,0.32,0.72,0,3.123,0
2023-11-24 07:00:00,5.7,office,15,0.4,1.33,0,3.698,0
2023-11-24 08:00:00,6.5,office,66,1.53,5.55,1,10.39,0
2023-11-24 09:00:00,8.3,office,36,0.81,3.09,1,6.455,0
2023-11-24 10:00:00,6.5,office,63,1.27,4.71,1,9.036,0
2023-11-24 11:00:00,12.7,office,32,0.75,1.85,0,5.535,0
2023-11-24 12:00:00,15.7,office,44,1.15,2.42,0,5.62,0
2023-11-24 13:00:00,13.4,office,43,1.1,2.81,0,5.897,0
2023-11-24 14:00:00,11.2,office,74,1.73,4.15,0,7.621,0
2023-11-24 15:00:00,12.2,office,66,1.44,3.85,0,7.882,0
2023-11-24 16:00:00,12.0,office,60,1.54,4.27,0,8.543,0
2023-11-24 17:00:00,10.3,office,47,1.29,3.76,1,7.949,0
2023-11-24 18:00:00,12.1,office,6,0.3,2.51,1,5.921,0
2023-11-24 19:00:00,10.8,office,7,0.58,2.43,1,4.91,0
2023-11-24 20:00:00,6.6,office,0,0.32,1.62,1,4.956,0
2023-11-24 21:00:00,8.1,office,0,0.36,0.91,0,3.988,0
2023-11-24 22:00:00,8.1,office,0,0.14,0.78,0,3.297,0
2023-11-24 23:00:00,7.6,office,0,0.0,0.75,0,13.53,1
2023-11-25 00:00:00,8.1,office,0,0.43,1.38,0,4.902,0
2023-11-25 01:00:00,1.9,office,0,0.41,0.94,0,3.158,0
2023-11-25 02:00:00,7.4,office,0,0.06,1.34,0,3.765,0
2023-11-25 03:00:00,2.8,office,0,0.19,1.27,0,3.629,0
2023-11-25 04:00:00,2.9,office,0,0.33,0.3,0,2.094,0
2023-11-25 05:00:00,5.1,office,0,0.33,0.47,0,2.322,0
2023-11-25 06:00:00,4.8,office,0,0.43,0.39,0,2.949,0
2023-11-25 07:00:00,7.4,office,0,0.07,1.28,0,3.382,0
2023-11-25 08:00:00,6.1,office,0,0.21,2.32,1,5.167,0
2023-11-25 09:00:00,9.1,office,0,0.05,1.89,1,5.225,0
2023-11-25 10:00:00,12.6,office,0,0.19,1.34,1,4.138,0
2023-11-25 11:00:00,11.6,office,0,0.01,0.38,0,2.644,0
2023-11-25 12:00:00,12.7,office,0,0.45,1.26,0,3.2,0
2023-11-25 13:00:00,13.7,office,0,0.46,2.84,0,10.714,1
2023-11-25 14:00:00,14.9,office,0,0.82,1.09,0,17.349,1
2023-11-25 15:00:00,10.5,office,0,0.03,0.21,0,2.256,0
2023-11-25 16:00:00,13.3,office,0,0.29,1.41,0,12.795,1
2023-11-25 17:00:00,11.3,office,0,0.27,3.03,1,15.304,1
2023-11-25 18:00:00,10.9,office,0,0.19,2.28,1,4.568,0
2023-11-25 19:00:00,11.0,office,0,0.4,1.84,1,4.595,0
2023-11-25 20:00:00,6.3,office,0,0.19,2.03,1,5.502,0
2023-11-25 21:00:00,5.3,office,0,0.1,0.73,0,2.086,0
2023-11-25 22:00:00,2.7,office,0,0.03,0.65,0,4.043,0
2023-11-25 23:00:00,3.8,office,0,0.04,0.49,0,3.083,0
2023-11-26 00:00:00,5.6,office,0,0.38,1.2,0,3.538,0
2023-11-26 01:00:00,2.9,office,0,0.22,1.1,0,3.674,0
2023-11-26 02:00:00,0.9,office,0,0.36,0.67,0,2.412,0
2023-11-26 03:00:00,2.4,office,0,0.34,0.62,0,2.89,0
2023-11-26 04:00:00,1.4,office,0,0.07,0.2,0,3.258,0
2023-11-26 05:00:00,2.7,office,0,0.07,0.28,0,2.243,0
2023-11-26 06:00:00,6.0,office,0,0.64,2.02,0,16.923,1
2023-11-26 07:00:00,4.9,office,0,0.36,0.87,0,3.132,0
2023-11-26 08:00:00,9.6,office,0,0.19,1.77,1,3.7,0
2023-11-26 09:00:00,9.1,office,0,0.04,2.28,1,4.684,0
2023-11-26 10:00:00,10.6,office,0,0.01,1.86,1,4.317,0
2023-11-26 11:00:00,11.0,office,0,0.14,0.7,0,3.186,0
2023-11-26 12:00:00,13.4,office,0,0.0,0.41,0,2.446,0
2023-11-26 13:00:00,13.9,office,0,0.12,1.27,0,4.336,0
2023-11-26 14:00:00,13.4,office,0,0.21,0.95,0,2.307,0
2023-11-26 15:00:00,13.6,office,0,0.06,0.32,0,2.106,0
2023-11-26 16:00:00,11.9,office,0,0.05,1.04,0,2.906,0
2023-11-26 17:00:00,12.3,office,0,0.45,1.75,1,5.649,0
2023-11-26 18:00:00,9.9,office,0,0.29,2.25,1,5.756,0
2023-11-26 19:00:00,9.2,office,0,0.47,2.39,1,4.958,0
2023-11-26 20:00:00,7.5,office,0,0.17,1.98,1,3.952,0
2023-11-26 21:00:00,6.0,office,0,0.34,1.15,0,4.315,0
2023-11-26 22:00:00,4.4,office,0,0.1,0.27,0,3.302,0
2023-11-26 23:00:00,5.1,office,0,0.31,0.93,0,3.723,0
2023-11-27 00:00:00,5.4,office,0,0.06,1.18,0,3.317,0
2023-11-27 01:00:00,4.7,office,0,0.0,0.85,0,3.092,0
2023-11-27 02:00:00,0.9,office,0,0.47,0.97,0,4.076,0
2023-11-27 03:00:00,4.8,office,0,0.28,1.37,0,3.352,0
2023-11-27 04:00:00,2.9,office,0,0.46,0.46,0,3.372,0
2023-11-27 05:00:00,5.1,office,0,0.17,0.33,0,2.173,0
2023-11-27 06:00:00,3.9,office,0,0.16,1.1,0,3.009,0
2023-11-27 07:00:00,6.7,office,13,0.46,1.92,0,5.138,0
2023-11-27 08:00:00,8.2,office,64,1.63,5.51,1,10.588,0
2023-11-27 09:00:00,6.8,office,66,1.6,5.33,1,9.715,0
2023-11-27 10:00:00,11.2,office,72,1.9,5.88,1,9.654,0
2023-11-27 11:00:00,13.3,office,32,0.65,2.71,0,6.074,0
2023-11-27 12:00:00,11.8,office,41,1.17,2.36,0,4.971,0
2023-11-27 13:00:00,14.6,office,50,1.17,3.69,0,7.27,0
2023-11-27 14:00:00,12.5,office,31,0.71,1.98,0,4.609,0
2023-11-27 15:00:00,13.8,office,43,1.12,2.66,0,6.39,0
2023-11-27 16:00:00,8.7,office,67,1.59,4.06,0,7.357,0
2023-11-27 17:00:00,14.9,office,39,0.85,3.56,1,7.34,0
2023-11-27 18:00:00,12.5,office,17,0.44,2.47,1,4.583,0
2023-11-27 19:00:00,8.6,office,7,0.34,1.77,1,5.701,0
2023-11-27 20:00:00,4.8,office,0,0.2,1.58,1,5.176,0
2023-11-27 21:00:00,6.9,office,0,0.16,0.23,0,3.131,0
2023-11-27 22:00:00,3.1,office,0,0.07,0.81,0,3.053,0
2023-11-27 23:00:00,4.9,office,0,0.0,1.2,0,3.121,0
2023-11-28 00:00:00,3.8,office,0,0.49,1.32,0,4.16,0
2023-11-28 01:00:00,1.3,office,0,0.47,1.27,0,4.592,0
2023-11-28 02:00:00,4.2,office,0,0.24,0.74,0,2.592,0
2023-11-28 03:00:00,3.9,office,0,0.5,1.15,0,3.637,0
2023-11-28 04:00:00,4.7,office,0,0.34,0.57,0,2.923,0
2023-11-28 05:00:00,4.0,office,0,0.03,0.27,0,2.444,0
2023-11-28 06:00:00,2.9,office,0,0.06,1.08,0,3.324,0
2023-11-28 07:00:00,7.7,office,14,0.74,1.74,0,5.377,0
2023-11-28 08:00:00,7.1,office,40,1.12,4.24,1,7.871,0
2023-11-28 09:00:00,6.8,office,66,1.74,5.3,1,9.852,0
2023-11-28 10:00:00,12.1,office,45,2.13,6.12,1,37.751,1
2023-11-28 11:00:00,14.2,office,66,1.54,4.61,0,8.414,0
2023-11-28 12:00:00,11.8,office,54,1.1,3.72,0,7.97,0
2023-11-28 13:00:00,15.6,office,73,1.55,4.9,0,7.677,0
2023-11-28 14:00:00,12.7,office,64,1.31,4.41,0,8.554,0
2023-11-28 15:00:00,11.8,office,51,1.11,3.14,0,6.133,0
2023-11-28 16:00:00,10.9,office,54,1.29,3.0,0,6.785,0
2023-11-28 17:00:00,13.5,office,78,1.62,5.33,1,9.628,0
2023-11-28 18:00:00,8.9,office,9,0.26,1.77,1,4.773,0
2023-11-28 19:00:00,10.0,office,7,0.36,1.87,1,4.98,0
2023-11-28 20:00:00,6.7,office,0,0.17,1.8,1,4.956,0
2023-11-28 21:00:00,5.6,office,0,0.23,1.38,0,3.61,0
2023-11-28 22:00:00,6.6,office,0,0.21,1.33,0,3.818,0
2023-11-28 23:00:00,3.4,office,0,0.32,1.13,0,3.453,0
2023-11-29 00:00:00,2.4,office,0,0.47,0.23,0,3.243,0
2023-11-29 01:00:00,4.2,office,0,0.05,0.64,0,2.07,0
2023-11-29 02:00:00,4.8,office,0,0.05,1.09,0,3.34,0
2023-11-29 03:00:00,3.5,office,0,0.43,0.37,0,3.252,0
2023-11-29 04:00:00,2.1,office,0,0.25,1.24,0,4.084,0
2023-11-29 05:00:00,3.1,office,0,0.38,1.39,0,4.524,0
2023-11-29 06:00:00,5.0,office,0,0.11,0.66,0,2.642,0
2023-11-29 07:00:00,6.6,office,16,0.73,1.92,0,5.074,0
2023-11-29 08:00:00,5.9,office,33,1.12,3.04,1,7.275,0
2023-11-29 09:00:00,9.7,office,36,1.04,3.9,1,8.154,0
2023-11-29 10:00:00,10.0,office,57,1.19,4.08,1,8.454,0
2023-11-29 11:00:00,8.3,office,44,1.33,2.6,0,5.842,0
2023-11-29 12:00:00,10.3,office,34,1.08,2.82,0,5.659,0
2023-11-29 13:00:00,11.4,office,51,1.4,3.68,0,8.245,0
2023-11-29 14:00:00,12.3,office,68,1.38,4.43,0,7.672,0
2023-11-29 15:00:00,15.0,office,79,1.98,4.77,0,8.345,0
2023-11-29 16:00:00,12.1,office,69,1.45,4.53,0,8.432,0
2023-11-29 17:00:00,9.6,office,68,1.47,5.61,1,9.463,0
2023-11-29 18:00:00,10.2,office,17,0.63,3.31,1,7.013,0
2023-11-29 19:00:00,8.1,office,15,0.43,3.11,1,6.722,0
2023-11-29 20:00:00,7.9,office,0,0.33,2.23,1,5.879,0
2023-11-29 21:00:00,6.9,office,0,0.3,1.1,0,3.723,0
2023-11-29 22:00:00,6.7,office,0,0.05,0.95,0,4.262,0
2023-11-29 23:00:00,3.8,office,0,0.33,0.36,0,2.784,0
2023-11-30 00:00:00,5.3,office,0,0.46,0.42,0,2.655,0
2023-11-30 01:00:00,3.7,office,0,0.08,1.27,0,4.53,0
2023-11-30 02:00:00,1.1,office,0,0.3,1.24,0,4.198,0
2023-11-30 03:00:00,5.7,office,0,0.17,1.0,0,4.002,0
2023-11-30 04:00:00,3.4,office,0,0.23,0.77,0,3.032,0
2023-11-30 05:00:00,2.4,office,0,0.14,0.23,0,2.225,0
2023-11-30 06:00:00,7.2,office,0,0.18,0.63,0,3.136,0
2023-11-30 07:00:00,9.0,office,5,0.25,2.29,0,11.424,1
2023-11-30 08:00:00,7.1,office,70,1.89,5.33,1,10.46,0
2023-11-30 09:00:00,7.7,office,47,1.25,4.76,1,9.15,0
2023-11-30 10:00:00,9.4,office,80,1.85,5.34,1,9.402,0
2023-11-30 11:00:00,11.8,office,58,1.35,3.77,0,7.566,0
2023-11-30 12:00:00,13.4,office,61,1.49,3.73,0,8.387,0
2023-11-30 13:00:00,12.9,office,44,1.07,3.69,0,7.243,0
2023-11-30 14:00:00,12.3,office,52,1.22,3.92,0,7.406,0
2023-11-30 15:00:00,14.3,office,65,1.53,4.02,0,7.612,0
2023-11-30 16:00:00,11.1,office,54,1.22,4.2,0,8.197,0
2023-11-30 17:00:00,12.3,office,57,1.23,4.72,1,8.168,0
2023-11-30 18:00:00,9.3,office,10,0.48,1.92,1,5.747,0
2023-11-30 19:00:00,9.1,office,17,0.76,2.77,1,6.772,0
2023-11-30 20:00:00,7.0,office,0,0.08,1.49,1,4.685,0
2023-11-30 21:00:00,5.8,office,0,0.02,1.03,0,3.995,0
2023-11-30 22:00:00,4.1,office,0,0.25,3.25,0,10.163,1
2023-11-30 23:00:00,5.7,office,0,1.45,2.42,0,12.721,1
2023-12-01 00:00:00,1.6,office,0,0.41,0.56,0,3.048,0
2023-12-01 01:00:00,1.1,office,0,0.3,0.59,0,2.041,0
2023-12-01 02:00:00,5.2,office,0,1.02,0.7,0,8.603,1
2023-12-01 03:00:00,3.6,office,0,0.22,0.57,0,2.817,0
2023-12-01 04:00:00,-0.9,office,0,0.49,0.32,0,2.716,0
2023-12-01 05:00:00,2.6,office,0,0.15,0.85,0,2.686,0
2023-12-01 06:00:00,1.8,office,0,0.12,1.12,0,3.301,0
2023-12-01 07:00:00,4.3,office,7,0.46,1.53,0,4.961,0
2023-12-01 08:00:00,2.3,office,79,1.77,5.23,1,10.138,0
2023-12-01 09:00:00,8.1,office,69,1.69,5.09,1,10.111,0
2023-12-01 10:00:00,7.8,office,48,1.11,3.97,1,7.537,0
2023-12-01 11:00:00,10.6,office,45,1.21,2.59,0,5.949,0
2023-12-01 12:00:00,8.9,office,75,1.64,4.42,0,7.503,0
2023-12-01 13:00:00,12.0,office,34,0.71,2.29,0,4.962,0
2023-12-01 14:00:00,11.4,office,35,1.16,2.77,0,5.951,0
2023-12-01 15:00:00,14.1,office,47,1.38,3.7,0,6.153,0
2023-12-01 16:00:00,13.5,office,39,1.27,2.74,0,5.971,0
2023-12-01 17:00:00,11.7,office,54,1.44,4.87,1,9.315,0
2023-12-01 18:00:00,9.0,office,9,0.52,1.84,1,5.626,0
2023-12-01 19:00:00,11.3,office,17,0.62,3.21,1,6.84,0
2023-12-01 20:00:00,4.7,office,0,0.06,1.4,1,4.093,0
2023-12-01 21:00:00,3.6,office,0,0.09,0.45,0,2.77,0
2023-12-01 22:00:00,4.4,office,0,0.14,0.34,0,1.83,0
2023-12-01 23:00:00,6.9,office,0,0.45,0.6,0,4.154,0
2023-12-02 00:00:00,2.2,office,0,0.09,0.92,0,3.88,0
2023-12-02 01:00:00,1.7,office,0,0.46,1.48,0,4.195,0
2023-12-02 02:00:00,-0.3,office,0,0.26,1.23,0,3.242,0
2023-12-02 03:00:00,3.4,office,0,0.36,0.69,0,3.537,0
2023-12-02 04:00:00,3.9,office,0,0.06,0.95,0,2.83,0
2023-12-02 05:00:00,4.5,office,0,0.13,1.01,0,4.056,0
2023-12-02 06:00:00,3.4,office,0,0.48,1.27,0,4.378,0
2023-12-02 07:00:00,4.5,office,0,0.13,1.16,0,3.07,0
2023-12-02 08:00:00,4.9,office,0,0.15,1.94,1,4.152,0
2023-12-02 09:00:00,8.3,office,0,0.1,2.07,1,5.556,0
2023-12-02 10:00:00,7.7,office,0,0.06,2.17,1,4.74,0
2023-12-02 11:00:00,8.6,office,0,0.35,0.79,0,13.265,1
2023-12-02 12:00:00,10.5,office,0,0.32,0.46,0,2.925,0
2023-12-02 13:00:00,10.9,office,0,0.23,1.1,0,2.78,0
2023-12-02 14:00:00,11.0,office,0,0.28,1.31,0,3.814,0
2023-12-02 15:00:00,12.4,office,0,0.06,0.73,0,3.1,0
2023-12-02 16:00:00,11.3,office,0,0.4,1.47,0,3.546,0
2023-12-02 17:00:00,9.9,office,0,0.39,1.48,1,3.763,0
2023-12-02 18:00:00,9.6,office,0,0.01,1.74,1,5.136,0
2023-12-02 19:00:00,6.6,office,0,0.19,1.69,1,4.678,0
2023-12-02 20:00:00,7.0,office,0,0.03,2.41,1,4.409,0
2023-12-02 21:00:00,5.8,office,0,0.4,0.57,0,3.338,0
2023-12-02 22:00:00,2.1,office,0,0.37,0.81,0,3.024,0
2023-12-02 23:00:00,4.8,office,0,0.45,0.44,0,2.92,0
2023-12-03 00:00:00,1.0,office,0,0.12,0.88,0,4.183,0
2023-12-03 01:00:00,2.0,office,0,0.23,1.31,0,3.8,0
2023-12-03 02:00:00,3.4,office,0,0.09,0.6,0,2.667,0
2023-12-03 03:00:00,3.2,office,0,0.19,1.25,0,3.462,0
2023-12-03 04:00:00,2.4,office,0,0.26,1.38,0,3.006,0
2023-12-03 05:00:00,2.6,office,0,0.03,0.29,0,3.288,0
2023-12-03 06:00:00,5.6,office,0,0.36,1.18,0,2.603,0
2023-12-03 07:00:00,6.4,office,0,0.27,0.53,0,3.0,0
2023-12-03 08:00:00,5.7,office,0,0.41,1.43,1,4.495,0
2023-12-03 09:00:00,6.8,office,0,0.14,1.98,1,4.584,0
2023-12-03 10:00:00,6.1,office,0,0.45,2.12,1,6.004,0
2023-12-03 11:00:00,10.4,office,0,0.5,0.71,0,3.475,0
2023-12-03 12:00:00,10.9,office,0,0.46,0.25,0,2.639,0
2023-12-03 13:00:00,13.2,office,0,0.39,1.38,0,3.226,0
2023-12-03 14:00:00,12.2,office,0,0.41,1.15,0,4.161,0
2023-12-03 15:00:00,13.5,office,0,0.29,0.55,0,2.627,0
2023-12-03 16:00:00,10.0,office,0,0.1,0.85,0,2.898,0
2023-12-03 17:00:00,11.9,office,0,0.34,1.24,1,4.151,0
2023-12-03 18:00:00,8.4,office,0,0.36,1.64,1,5.409,0
2023-12-03 19:00:00,9.1,office,0,0.49,1.88,1,5.64,0
2023-12-03 20:00:00,4.5,office,0,0.27,1.87,1,4.794,0
2023-12-03 21:00:00,5.7,office,0,0.35,0.89,0,4.889,1
2023-12-03 22:00:00,1.2,office,0,1.0,2.65,0,16.367,1
2023-12-03 23:00:00,2.7,office,0,1.44,1.42,0,17.053,1
2023-12-04 00:00:00,2.8,office,0,0.09,0.95,0,3.472,0
2023-12-04 01:00:00,0.9,office,0,0.16,0.55,0,3.311,0
2023-12-04 02:00:00,-0.1,office,0,0.27,0.75,0,3.631,0
2023-12-04 03:00:00,2.9,office,0,0.09,0.47,0,2.644,0
2023-12-04 04:00:00,2.0,office,0,0.01,1.02,0,2.978,0
2023-12-04 05:00:00,2.2,office,0,0.46,1.76,0,10.533,1
2023-12-04 06:00:00,4.1,office,0,0.43,0.22,0,3.182,0
2023-12-04 07:00:00,9.2,office,15,0.32,0.99,0,3.379,0
2023-12-04 08:00:00,8.2,office,53,1.27,4.46,1,7.955,0
2023-12-04 09:00:00,9.5,office,36,1.1,3.24,1,6.409,0
2023-12-04 10:00:00,9.7,office,35,1.18,3.71,1,7.256,0
2023-12-04 11:00:00,10.3,office,30,1.09,2.23,0,6.144,0
2023-12-04 12:00:00,7.2,office,49,1.19,3.5,0,7.426,0
2023-12-04 13:00:00,10.3,office,58,1.64,4.34,0,8.495,0
2023-12-04 14:00:00,10.8,office,53,1.08,3.54,0,7.262,0
2023-12-04 15:00:00,8.5,office,78,1.93,5.12,0,8.302,0
2023-12-04 16:00:00,9.1,office,47,1.26,3.53,0,7.573,0
2023-12-04 17:00:00,7.1,office,36,0.84,4.2,1,7.77,0
2023-12-04 18:00:00,8.9,office,9,0.43,1.93,1,5.447,0
2023-12-04 19:00:00,9.0,office,7,0.2,2.63,1,5.166,0
2023-12-04 20:00:00,8.2,office,0,0.72,5.52,1,16.723,1
2023-12-04 21:00:00,5.8,office,0,0.18,0.71,0,2.829,0
2023-12-04 22:00:00,2.6,office,0,0.31,0.61,0,3.906,0
2023-12-04 23:00:00,0.1,office,0,0.08,1.44,0,4.374,0
2023-12-05 00:00:00,-0.6,office,0,0.1,1.02,0,2.834,0
2023-12-05 01:00:00,-0.4,office,0,0.5,0.69,0,4.272,0
2023-12-05 02:00:00,0.0,office,0,0.38,1.23,0,2.993,0
2023-12-05 03:00:00,1.3,office,0,0.48,0.6,0,2.854,0
2023-12-05 04:00:00,0.5,office,0,0.15,0.43,0,2.959,0
2023-12-05 05:00:00,3.3,office,0,0.08,0.91,0,2.506,0
2023-12-05 06:00:00,3.5,office,0,0.25,0.94,0,3.068,0
2023-12-05 07:00:00,5.1,office,10,0.45,1.77,0,5.281,0
2023-12-05 08:00:00,8.0,office,57,1.23,4.64,1,8.577,0
2023-12-05 09:00:00,5.9,office,58,1.53,5.16,1,9.621,0
2023-12-05 10:00:00,9.5,office,65,1.48,4.85,1,8.224,0
2023-12-05 11:00:00,9.9,office,65,1.39,4.2,0,7.49,0
2023-12-05 12:00:00,10.2,office,62,1.41,3.57,0,6.577,0
2023-12-05 13:00:00,12.5,office,56,1.4,3.5,0,7.541,0
2023-12-05 14:00:00,12.7,office,36,1.08,3.11,0,5.907,0
2023-12-05 15:00:00,9.7,office,31,0.86,2.03,0,4.916,0
2023-12-05 16:00:00,10.4,office,35,0.96,3.0,0,5.238,0
2023-12-05 17:00:00,10.3,office,52,1.11,4.17,1,8.617,0
2023-12-05 18:00:00,8.4,office,7,0.6,1.59,1,5.045,0
2023-12-05 19:00:00,8.5,office,15,1.95,4.49,1,21.335,1
2023-12-05 20:00:00,6.8,office,0,0.34,2.17,1,4.987,0
2023-12-05 21:00:00,7.8,office,0,0.01,0.54,0,2.838,0
2023-12-05 22:00:00,1.5,office,0,0.27,1.05,0,3.251,0
2023-12-05 23:00:00,2.6,office,0,0.83,2.58,0,11.806,1
2023-12-06 00:00:00,0.5,office,0,0.5,0.65,0,4.048,0
2023-12-06 01:00:00,2.3,office,0,0.5,0.82,0,3.127,0
2023-12-06 02:00:00,-1.3,office,0,0.43,0.72,0,3.064,0
2023-12-06 03:00:00,1.9,office,0,0.03,1.43,0,3.084,0
2023-12-06 04:00:00,0.9,office,0,0.48,0.62,0,4.254,0
2023-12-06 05:00:00,1.5,office,0,0.31,0.44,0,2.878,0
2023-12-06 06:00:00,1.5,office,0,0.4,0.68,0,4.069,0
2023-12-06 07:00:00,4.2,office,17,0.54,1.92,0,5.759,0
2023-12-06 08:00:00,7.8,office,30,0.76,3.61,1,6.162,0
2023-12-06 09:00:00,7.4,office,48,1.19,4.8,1,8.61,0
2023-12-06 10:00:00,9.6,office,56,1.19,5.15,1,9.435,0
2023-12-06 11:00:00,12.2,office,54,1.26,3.27,0,7.392,0
2023-12-06 12:00:00,10.9,office,79,2.01,4.74,0,9.082,0
2023-12-06 13:00:00,10.2,office,35,0.72,2.92,0,6.234,0
2023-12-06 14:00:00,11.9,office,76,1.6,5.19,0,8.963,0
2023-12-06 15:00:00,10.2,office,65,1.36,3.89,0,7.463,0
2023-12-06 16:00:00,9.7,office,45,1.1,3.03,0,5.905,0
2023-12-06 17:00:00,7.4,office,66,1.82,5.67,1,10.251,0
2023-12-06 18:00:00,10.1,office,10,0.29,2.17,1,5.321,0
2023-12-06 19:00:00,6.9,office,17,0.41,2.67,1,5.494,0
2023-12-06 20:00:00,6.4,office,0,0.46,2.38,1,4.62,0
2023-12-06 21:00:00,3.3,office,0,0.44,1.24,0,3.238,0
2023-12-06 22:00:00,4.3,office,0,0.02,0.52,0,2.629,0
2023-12-06 23:00:00,1.5,office,0,0.38,0.62,0,3.471,0
2023-12-07 00:00:00,1.5,office,0,0.33,0.66,0,3.657,0
2023-12-07 01:00:00,2.5,office,0,0.38,1.39,0,4.153,0
2023-12-07 02:00:00,2.2,office,0,0.25,1.5,0,3.747,0
2023-12-07 03:00:00,1.2,office,0,0.5,1.21,0,3.106,0
2023-12-07 04:00:00,-1.0,office,0,0.02,0.83,0,2.921,0
2023-12-07 05:00:00,7.0,office,0,0.12,0.21,0,1.818,0
2023-12-07 06:00:00,6.1,office,0,0.2,1.11,0,4.055,0
2023-12-07 07:00:00,5.8,office,10,0.42,1.21,0,4.792,0
2023-12-07 08:00:00,4.9,office,38,3.15,6.91,1,31.934,1
2023-12-07 09:00:00,7.1,office,47,1.22,4.34,1,8.091,0
2023-12-07 10:00:00,7.7,office,49,1.0,4.28,1,7.424,0
2023-12-07 11:00:00,11.4,office,47,1.14,3.78,0,6.012,0
2023-12-07 12:00:00,10.7,office,61,3.54,5.59,0,27.45,1
2023-12-07 13:00:00,9.7,office,39,1.26,3.08,0,6.646,0
2023-12-07 14:00:00,10.3,office,34,0.98,2.43,0,5.563,0
2023-12-07 15:00:00,12.5,office,40,1.12,3.13,0,5.846,0
2023-12-07 16:00:00,12.7,office,57,1.5,3.93,0,7.579,0
2023-12-07 17:00:00,11.8,office,47,1.33,3.56,1,8.218,0
2023-12-07 18:00:00,9.7,office,18,0.68,2.47,1,5.517,0
2023-12-07 19:00:00,6.9,office,14,0.4,2.15,1,5.067,0
2023-12-07 20:00:00,1.2,office,0,0.44,1.42,1,4.748,0
2023-12-07 21:00:00,5.2,office,0,0.37,1.15,0,3.707,0
2023-12-07 22:00:00,3.5,office,0,0.37,0.51,0,3.702,0
2023-12-07 23:00:00,2.7,office,0,0.5,0.82,0,2.704,0
2023-12-08 00:00:00,1.6,office,0,0.4,0.52,0,3.765,0
2023-12-08 01:00:00,-1.0,office,0,0.41,0.95,0,4.307,0
2023-12-08 02:00:00,1.7,office,0,0.48,1.14,0,3.2,0
2023-12-08 03:00:00,2.0,office,0,0.08,0.63,0,2.456,0
2023-12-08 04:00:00,2.6,office,0,0.25,0.98,0,3.288,0
2023-12-08 05:00:00,3.7,office,0,0.29,1.27,0,3.45,0
2023-12-08 06:00:00,4.3,office,0,0.38,0.65,0,6.876,1
2023-12-08 07:00:00,4.0,office,20,0.82,2.12,0,5.187,0
2023-12-08 08:00:00,5.8,office,80,1.98,5.62,1,9.477,0
2023-12-08 09:00:00,7.3,office,34,1.04,3.06,1,6.255,0
2023-12-08 10:00:00,8.5,office,53,1.56,4.56,1,9.048,0
2023-12-08 11:00:00,10.9,office,46,1.05,2.79,0,6.299,0
2023-12-08 12:00:00,11.2,office,45,1.27,3.52,0,6.493,0
2023-12-08 13:00:00,13.8,office,76,1.8,4.06,0,8.882,0
2023-12-08 14:00:00,14.2,office,70,1.56,3.83,0,8.547,0
2023-12-08 15:00:00,10.8,office,61,1.3,3.93,0,7.237,0
2023-12-08 16:00:00,4.4,office,68,1.81,4.37,0,8.159,0
2023-12-08 17:00:00,11.3,office,69,1.68,5.6,1,10.073,0
2023-12-08 18:00:00,7.6,office,11,0.63,2.09,1,5.962,0
2023-12-08 19:00:00,6.0,office,19,0.65,3.24,1,6.225,0
2023-12-08 20:00:00,5.3,office,0,0.11,2.44,1,5.014,0
2023-12-08 21:00:00,3.9,office,0,0.17,0.85,0,3.432,0
2023-12-08 22:00:00,4.3,office,0,0.19,1.19,0,4.509,0
2023-12-08 23:00:00,-0.0,office,0,0.49,0.88,0,3.969,0
2023-12-09 00:00:00,-0.2,office,0,0.0,0.29,0,3.097,0
2023-12-09 01:00:00,1.4,office,0,0.49,0.62,0,3.407,0
2023-12-09 02:00:00,1.6,office,0,0.49,0.31,0,3.841,0
2023-12-09 03:00:00,1.8,office,0,0.5,1.49,0,4.758,0
2023-12-09 04:00:00,0.2,office,0,0.24,0.5,0,3.493,0
2023-12-09 05:00:00,0.7,office,0,0.48,1.03,0,3.356,0
2023-12-09 06:00:00,2.5,office,0,0.2,0.57,0,3.596,0
2023-12-09 07:00:00,4.8,office,0,0.01,1.05,0,3.077,0
2023-12-09 08:00:00,7.9,office,0,0.11,1.47,1,3.917,0
2023-12-09 09:00:00,3.9,office,0,0.47,2.22,1,6.01,0
2023-12-09 10:00:00,7.9,office,0,0.01,1.34,1,3.688,0
2023-12-09 11:00:00,7.3,office,0,0.27,1.36,0,3.633,0
2023-12-09 12:00:00,7.6,office,0,0.04,1.29,0,4.336,0
2023-12-09 13:00:00,12.0,office,0,0.14,1.08,0,3.391,0
2023-12-09 14:00:00,11.5,office,0,0.04,0.29,0,2.988,0
2023-12-09 15:00:00,11.2,office,0,0.43,0.47,0,4.038,0
2023-12-09 16:00:00,11.4,office,0,0.3,1.32,0,3.925,0
2023-12-09 17:00:00,8.5,office,0,0.45,1.36,1,3.887,0
2023-12-09 18:00:00,7.6,office,0,0.34,1.4,1,3.787,0
2023-12-09 19:00:00,10.3,office,0,0.49,1.91,1,5.013,0
2023-12-09 20:00:00,5.3,office,0,0.25,1.56,1,4.46,0
2023-12-09 21:00:00,5.5,office,0,0.32,0.49,0,2.455,0
2023-12-09 22:00:00,3.2,office,0,0.29,0.95,0,2.655,0
2023-12-09 23:00:00,-0.6,office,0,0.24,0.68,0,2.558,0
2023-12-10 00:00:00,-1.8,office,0,0.42,0.38,0,3.038,0
2023-12-10 01:00:00,-0.1,office,0,0.32,0.9,0,3.045,0
2023-12-10 02:00:00,2.2,office,0,0.4,0.7,0,3.489,0
2023-12-10 03:00:00,1.9,office,0,0.39,1.15,0,2.707,0
2023-12-10 04:00:00,2.6,office,0,0.1,0.33,0,2.343,0
2023-12-10 05:00:00,0.6,office,0,0.33,1.01,0,2.991,0
2023-12-10 06:00:00,5.5,office,0,0.1,0.77,0,3.835,0
2023-12-10 07:00:00,2.8,office,0,0.29,0.73,0,3.204,0
2023-12-10 08:00:00,5.9,office,0,0.34,1.5,1,3.899,0
2023-12-10 09:00:00,6.8,office,0,0.5,1.24,1,4.645,0
2023-12-10 10:00:00,7.8,office,0,0.02,2.3,1,5.441,0
2023-12-10 11:00:00,11.1,office,0,0.05,0.62,0,3.555,0
2023-12-10 12:00:00,8.8,office,0,0.04,1.09,0,2.986,0
2023-12-10 13:00:00,8.4,office,0,0.2,1.43,0,4.631,0
2023-12-10 14:00:00,10.6,office,0,0.41,0.93,0,3.033,0
2023-12-10 15:00:00,9.8,office,0,0.42,0.72,0,2.607,0
2023-12-10 16:00:00,15.0,office,0,0.37,0.55,0,2.941,0
2023-12-10 17:00:00,10.1,office,0,0.45,2.41,1,5.103,0
2023-12-10 18:00:00,7.5,office,0,0.16,2.09,1,4.978,0
2023-12-10 19:00:00,5.3,office,0,0.04,2.06,1,5.428,0
2023-12-10 20:00:00,2.7,office,0,0.03,1.75,1,3.743,0
2023-12-10 21:00:00,2.7,office,0,0.43,1.3,0,3.719,0
2023-12-10 22:00:00,3.2,office,0,0.37,1.13,0,3.843,0
2023-12-10 23:00:00,4.2,office,0,0.35,0.57,0,3.294,0
2023-12-11 00:00:00,2.8,office,0,0.17,0.98,0,3.535,0
2023-12-11 01:00:00,0.9,office,0,0.19,0.76,0,3.422,0
2023-12-11 02:00:00,-0.1,office,0,0.48,0.21,0,2.964,0
2023-12-11 03:00:00,1.0,office,0,0.03,1.25,0,3.362,0
2023-12-11 04:00:00,0.3,office,0,0.39,0.36,0,3.61,0
2023-12-11 05:00:00,4.5,office,0,0.15,0.86,0,2.739,0
2023-12-11 06:00:00,2.6,office,0,0.02,0.64,0,4.316,0
2023-12-11 07:00:00,4.0,office,8,0.53,1.04,0,3.547,0
2023-12-11 08:00:00,2.1,office,38,0.93,3.72,1,7.877,0
2023-12-11 09:00:00,6.4,office,49,1.34,4.95,1,8.633,0
2023-12-11 10:00:00,9.2,office,30,0.95,3.23,1,6.929,0
2023-12-11 11:00:00,7.4,office,55,1.37,3.19,0,7.128,0
2023-12-11 12:00:00,8.6,office,51,1.41,3.55,0,6.953,0
2023-12-11 13:00:00,11.4,office,69,1.67,3.96,0,7.993,0
2023-12-11 14:00:00,8.2,office,54,1.22,3.04,0,6.583,0
2023-12-11 15:00:00,11.8,office,51,1.39,2.82,0,6.125,0
2023-12-11 16:00:00,9.0,office,58,1.45,3.13,0,7.377,0
2023-12-11 17:00:00,8.4,office,51,1.03,4.31,1,8.638,0
2023-12-11 18:00:00,6.2,office,18,0.81,2.65,1,5.069,0
2023-12-11 19:00:00,7.3,office,9,0.45,1.89,1,5.731,0
2023-12-11 20:00:00,9.1,office,0,0.43,2.22,1,6.128,0
2023-12-11 21:00:00,5.3,office,0,0.44,0.37,0,3.21,0
2023-12-11 22:00:00,1.6,office,0,0.22,1.39,0,3.811,0
2023-12-11 23:00:00,3.6,office,0,0.25,0.96,0,3.306,0
2023-12-12 00:00:00,0.5,office,0,0.21,0.24,0,2.393,0
2023-12-12 01:00:00,2.5,office,0,0.22,1.45,0,4.269,0
2023-12-12 02:00:00,1.5,office,0,0.45,0.6,0,3.111,0
2023-12-12 03:00:00,-4.0,office,0,0.39,0.78,0,3.463,0
2023-12-12 04:00:00,-0.5,office,0,0.06,0.57,0,2.711,0
2023-12-12 05:00:00,3.2,office,0,0.31,1.15,0,3.262,0
2023-12-12 06:00:00,3.0,office,0,0.5,0.83,0,3.843,0
2023-12-12 07:00:00,2.5,office,14,0.58,1.07,0,3.596,0
2023-12-12 08:00:00,4.3,office,50,1.39,3.84,1,7.441,0
2023-12-12 09:00:00,3.7,office,68,3.13,10.94,1,36.072,1
2023-12-12 10:00:00,7.7,office,74,1.66,5.21,1,8.929,0
2023-12-12 11:00:00,12.1,office,42,1.03,2.48,0,6.414,0
2023-12-12 12:00:00,10.8,office,60,1.56,3.85,0,7.9,0
2023-12-12 13:00:00,13.4,office,50,1.25,3.74,0,7.426,0
2023-12-12 14:00:00,11.6,office,41,1.11,2.61,0,5.001,0
2023-12-12 15:00:00,11.7,office,55,1.46,3.31,0,6.609,0
2023-12-12 16:00:00,12.6,office,50,1.39,3.78,0,7.4,0
2023-12-12 17:00:00,9.4,office,48,1.1,3.79,1,7.565,0
2023-12-12 18:00:00,7.5,office,20,0.47,3.0,1,6.856,0
2023-12-12 19:00:00,8.1,office,12,0.39,3.04,1,6.001,0
2023-12-12 20:00:00,7.5,office,0,0.25,2.29,1,5.049,0
2023-12-12 21:00:00,3.3,office,0,0.17,0.28,0,1.406,0
2023-12-12 22:00:00,1.7,office,0,0.28,0.62,0,2.962,0
2023-12-12 23:00:00,2.0,office,0,0.03,0.39,0,3.185,0
2023-12-13 00:00:00,2.1,office,0,0.25,1.43,0,4.209,0
2023-12-13 01:00:00,1.5,office,0,0.18,1.48,0,3.503,0
2023-12-13 02:00:00,-2.0,office,0,0.27,0.51,0,3.34,0
2023-12-13 03:00:00,3.2,office,0,0.21,1.07,0,3.523,0
2023-12-13 04:00:00,-0.1,office,0,0.14,1.29,0,3.865,0
2023-12-13 05:00:00,1.2,office,0,0.45,0.5,0,2.974,0
2023-12-13 06:00:00,1.3,office,0,0.09,0.44,0,3.374,0
2023-12-13 07:00:00,7.9,office,15,0.64,0.96,0,3.406,0
2023-12-13 08:00:00,5.5,office,54,1.54,4.44,1,8.944,0
2023-12-13 09:00:00,5.2,office,47,1.21,4.72,1,9.445,0
2023-12-13 10:00:00,8.9,office,80,2.04,6.37,1,10.609,0
2023-12-13 11:00:00,9.8,office,55,1.16,3.12,0,6.218,0
2023-12-13 12:00:00,9.2,office,53,1.31,3.12,0,5.808,0
2023-12-13 13:00:00,11.2,office,37,0.97,2.58,0,5.431,0
2023-12-13 14:00:00,8.9,office,66,1.32,4.51,0,7.56,0
2023-12-13 15:00:00,9.2,office,42,1.06,3.1,0,6.082,0
2023-12-13 16:00:00,6.5,office,67,1.52,4.22,0,8.164,0
2023-12-13 17:00:00,6.7,office,64,4.61,9.89,1,34.231,1
2023-12-13 18:00:00,10.4,office,10,0.67,1.83,1,5.688,0
2023-12-13 19:00:00,8.9,office,5,0.14,2.07,1,6.005,0
2023-12-13 20:00:00,5.3,office,0,0.16,2.49,1,5.355,0
2023-12-13 21:00:00,6.4,office,0,0.22,0.31,0,2.494,0
2023-12-13 22:00:00,2.4,office,0,0.23,0.88,0,2.623,0
2023-12-13 23:00:00,1.3,office,0,0.39,0.58,0,3.637,0
2023-12-14 00:00:00,0.8,office,0,0.22,0.9,0,3.814,0
2023-12-14 01:00:00,0.0,office,0,0.01,0.95,0,3.401,0
2023-12-14 02:00:00,-0.3,office,0,0.36,0.95,0,3.436,0
2023-12-14 03:00:00,1.9,office,0,1.19,3.18,0,15.427,1
2023-12-14 04:00:00,0.9,office,0,0.26,0.71,0,3.156,0
2023-12-14 05:00:00,2.6,office,0,0.29,0.87,0,3.585,0
2023-12-14 06:00:00,4.1,office,0,0.24,0.5,0,6.429,1
2023-12-14 07:00:00,4.3,office,19,0.49,2.18,0,5.536,0
2023-12-14 08:00:00,3.6,office,75,1.62,5.29,1,10.022,0
2023-12-14 09:00:00,4.3,office,43,1.08,4.41,1,9.216,0
2023-12-14 10:00:00,7.7,office,58,1.62,4.45,1,8.785,0
2023-12-14 11:00:00,8.3,office,48,1.22,2.61,0,6.614,0
2023-12-14 12:00:00,9.5,office,74,1.58,4.1,0,7.931,0
2023-12-14 13:00:00,9.8,office,34,0.81,3.18,0,6.474,0
2023-12-14 14:00:00,13.9,office,80,1.79,4.62,0,7.991,0
2023-12-14 15:00:00,7.9,office,80,1.91,4.34,0,9.259,0
2023-12-14 16:00:00,6.4,office,56,1.34,3.15,0,6.5,0
2023-12-14 17:00:00,9.1,office,73,1.66,5.25,1,10.112,0
2023-12-14 18:00:00,7.0,office,20,0.68,2.25,1,6.669,0
2023-12-14 19:00:00,6.8,office,9,0.3,2.31,1,5.907,0
2023-12-14 20:00:00,5.9,office,0,0.04,1.48,1,4.573,0
2023-12-14 21:00:00,5.7,office,0,0.01,0.88,0,2.725,0
2023-12-14 22:00:00,0.3,office,0,0.29,0.76,0,8.701,1
2023-12-14 23:00:00,0.6,office,0,0.05,0.76,0,3.406,0
2023-12-15 00:00:00,1.2,office,0,0.17,0.98,0,2.761,0
2023-12-15 01:00:00,1.2,office,0,0.39,0.28,0,3.305,0
2023-12-15 02:00:00,3.2,office,0,0.36,0.72,0,2.384,0
2023-12-15 03:00:00,1.5,office,0,0.31,0.59,0,3.53,0
2023-12-15 04:00:00,0.5,office,0,0.43,0.51,0,3.381,0
2023-12-15 05:00:00,0.0,office,0,0.14,0.99,0,2.504,0
2023-12-15 06:00:00,1.5,office,0,0.44,0.97,0,4.18,0
2023-12-15 07:00:00,2.7,office,14,0.48,1.72,0,4.281,0
2023-12-15 08:00:00,5.9,office,45,1.1,3.66,1,7.364,0
2023-12-15 09:00:00,6.6,office,46,1.12,3.87,1,7.431,0
2023-12-15 10:00:00,5.4,office,72,1.49,5.07,1,9.179,0
2023-12-15 11:00:00,7.8,office,39,1.27,2.85,0,6.118,0
2023-12-15 12:00:00,10.5,office,75,1.57,4.55,0,9.121,0
2023-12-15 13:00:00,10.3,office,57,1.31,3.48,0,6.252,0
2023-12-15 14:00:00,10.7,office,80,1.76,5.22,0,8.797,0
2023-12-15 15:00:00,10.3,office,54,1.12,3.02,0,5.587,0
2023-12-15 16:00:00,11.7,office,34,0.76,3.17,0,5.959,0
2023-12-15 17:00:00,8.8,office,58,1.18,4.25,1,7.751,0
2023-12-15 18:00:00,6.8,office,20,0.55,3.2,1,7.032,0
2023-12-15 19:00:00,4.8,office,17,0.77,2.53,1,5.426,0
2023-12-15 20:00:00,5.3,office,0,0.17,2.32,1,4.747,0
2023-12-15 21:00:00,-0.1,office,0,0.06,0.3,0,2.474,0
2023-12-15 22:00:00,2.1,office,0,0.32,0.69,0,3.804,0
2023-12-15 23:00:00,1.0,office,0,0.5,0.64,0,4.125,0
2023-12-16 00:00:00,-1.6,office,0,0.12,1.49,0,4.123,0
2023-12-16 01:00:00,-1.5,office,0,0.14,1.48,0,3.224,0
2023-12-16 02:00:00,1.0,office,0,0.49,0.45,0,3.864,0
2023-12-16 03:00:00,0.3,office,0,0.09,1.02,0,4.014,0
2023-12-16 04:00:00,0.6,office,0,0.26,0.9,0,3.174,0
2023-12-16 05:00:00,1.7,office,0,0.12,0.4,0,2.766,0
2023-12-16 06:00:00,2.4,office,0,0.47,0.42,0,3.713,0
2023-12-16 07:00:00,5.3,office,0,0.49,1.49,0,4.274,0
2023-12-16 08:00:00,5.0,office,0,0.41,1.79,1,4.918,0
2023-12-16 09:00:00,3.9,office,0,0.16,1.36,1,3.673,0
2023-12-16 10:00:00,9.7,office,0,0.2,1.48,1,4.132,0
2023-12-16 11:00:00,8.9,office,0,0.12,0.55,0,2.763,0
2023-12-16 12:00:00,8.2,office,0,0.45,0.86,0,3.766,0
2023-12-16 13:00:00,7.7,office,0,0.46,0.64,0,3.258,0
2023-12-16 14:00:00,10.4,office,0,0.21,0.79,0,2.893,0
2023-12-16 15:00:00,9.4,office,0,0.33,0.42,0,3.119,0
2023-12-16 16:00:00,11.5,office,0,0.08,0.62,0,3.647,0
2023-12-16 17:00:00,7.8,office,0,0.22,1.29,1,4.227,0
2023-12-16 18:00:00,6.0,office,0,0.32,2.36,1,5.56,0
2023-12-16 19:00:00,7.4,office,0,0.19,1.46,1,4.497,0
2023-12-16 20:00:00,6.2,office,0,0.18,2.18,1,5.148,0
2023-12-16 21:00:00,3.7,office,0,0.0,1.0,0,7.368,1
2023-12-16 22:00:00,3.3,office,0,0.4,0.82,0,2.903,0
2023-12-16 23:00:00,1.2,office,0,0.44,0.58,0,2.494,0
2023-12-17 00:00:00,0.7,office,0,0.98,2.26,0,17.727,1
2023-12-17 01:00:00,1.6,office,0,0.36,1.3,0,3.267,0
2023-12-17 02:00:00,0.6,office,0,0.27,0.57,0,2.769,0
2023-12-17 03:00:00,-0.4,office,0,0.13,0.51,0,2.456,0
2023-12-17 04:00:00,2.3,office,0,0.5,1.09,0,4.393,0
2023-12-17 05:00:00,-2.4,office,0,0.29,0.45,0,2.532,0
2023-12-17 06:00:00,5.2,office,0,0.34,1.03,0,4.224,0
2023-12-17 07:00:00,0.8,office,0,0.34,0.32,0,2.48,0
2023-12-17 08:00:00,3.7,office,0,0.42,2.01,1,5.602,0
2023-12-17 09:00:00,5.9,office,0,0.0,1.87,1,4.592,0
2023-12-17 10:00:00,6.9,office,0,0.11,1.35,1,3.418,0
2023-12-17 11:00:00,9.7,office,0,0.33,1.04,0,4.051,0
2023-12-17 12:00:00,7.4,office,0,0.45,0.78,0,3.866,0
2023-12-17 13:00:00,9.9,office,0,0.34,0.48,0,3.268,0
2023-12-17 14:00:00,8.8,office,0,0.21,0.66,0,4.058,0
2023-12-17 15:00:00,9.9,office,0,0.18,0.84,0,3.452,0
2023-12-17 16:00:00,8.9,office,0,0.37,0.32,0,2.132,0
2023-12-17 17:00:00,8.3,office,0,0.37,2.44,1,5.827,0
2023-12-17 18:00:00,6.3,office,0,0.3,2.07,1,4.94,0
2023-12-17 19:00:00,5.2,office,0,0.15,1.33,1,3.267,0
2023-12-17 20:00:00,5.1,office,0,0.46,2.27,1,5.786,0
2023-12-17 21:00:00,4.8,office,0,0.28,0.62,0,2.534,0
2023-12-17 22:00:00,1.3,office,0,0.4,0.98,0,2.452,0
2023-12-17 23:00:00,-0.2,office,0,0.11,0.56,0,3.106,0
2023-12-18 00:00:00,1.1,office,0,0.17,1.15,0,4.169,0
2023-12-18 01:00:00,-0.3,office,0,0.44,1.14,0,4.606,0
2023-12-18 02:00:00,0.8,office,0,0.03,0.92,0,3.631,0
2023-12-18 03:00:00,-1.7,office,0,0.26,0.51,0,3.129,0
2023-12-18 04:00:00,-2.5,office,0,0.24,0.53,0,3.357,0
2023-12-18 05:00:00,0.2,office,0,0.84,1.15,0,11.967,1
2023-12-18 06:00:00,0.9,office,0,0.14,0.39,0,3.783,0
2023-12-18 07:00:00,3.1,office,18,0.47,1.54,0,3.902,0
2023-12-18 08:00:00,3.6,office,64,1.74,5.29,1,10.277,0
2023-12-18 09:00:00,6.9,office,32,0.93,3.88,1,7.293,0
2023-12-18 10:00:00,6.6,office,80,1.65,5.63,1,10.477,0
2023-12-18 11:00:00,8.3,office,53,1.16,3.15,0,6.916,0
2023-12-18 12:00:00,9.1,office,74,1.98,4.98,0,9.628,0
2023-12-18 13:00:00,9.7,office,64,1.38,4.56,0,8.869,0
2023-12-18 14:00:00,9.5,office,68,1.67,4.13,0,7.63,0
2023-12-18 15:00:00,10.1,office,70,1.61,3.73,0,6.815,0
2023-12-18 16:00:00,7.7,office,35,1.14,2.85,0,5.418,0
2023-12-18 17:00:00,10.2,office,36,1.1,4.02,1,6.747,0
2023-12-18 18:00:00,6.7,office,12,0.54,1.82,1,4.782,0
2023-12-18 19:00:00,3.9,office,16,0.33,2.77,1,6.581,0
2023-12-18 20:00:00,4.8,office,0,0.44,1.96,1,4.575,0
2023-12-18 21:00:00,2.0,office,0,0.22,0.69,0,3.585,0
2023-12-18 22:00:00,3.0,office,0,0.47,1.17,0,4.07,0
2023-12-18 23:00:00,4.3,office,0,0.25,0.76,0,3.588,0
2023-12-19 00:00:00,-1.1,office,0,0.35,1.08,0,2.873,0
2023-12-19 01:00:00,0.1,office,0,0.03,0.87,0,3.234,0
2023-12-19 02:00:00,-3.2,office,0,0.37,0.52,0,3.351,0
2023-12-19 03:00:00,0.3,office,0,0.17,0.99,0,3.479,0
2023-12-19 04:00:00,-1.2,office,0,0.18,1.16,0,2.82,0
2023-12-19 05:00:00,-0.1,office,0,0.06,1.47,0,2.995,0
2023-12-19 06:00:00,0.3,office,0,0.07,0.69,0,3.343,0
2023-12-19 07:00:00,4.2,office,10,0.29,0.78,0,3.398,0
2023-12-19 08:00:00,5.9,office,71,1.58,6.03,1,10.511,0
2023-12-19 09:00:00,5.8,office,69,1.83,5.46,1,10.073,0
2023-12-19 10:00:00,5.6,office,32,0.82,4.03,1,6.747,0
2023-12-19 11:00:00,10.3,office,66,1.68,3.63,0,6.841,0
2023-12-19 12:00:00,7.6,office,71,1.46,4.19,0,7.216,0
2023-12-19 13:00:00,6.0,office,73,1.76,4.02,0,7.46,0
2023-12-19 14:00:00,10.1,office,71,1.66,4.84,0,7.677,0
2023-12-19 15:00:00,7.6,office,55,1.59,4.09,0,7.823,0
2023-12-19 16:00:00,10.2,office,78,1.98,4.75,0,8.577,0
2023-12-19 17:00:00,7.4,office,51,1.25,3.99,1,8.097,0
2023-12-19 18:00:00,7.8,office,18,0.75,2.27,1,6.037,0
2023-12-19 19:00:00,7.8,office,8,0.26,2.36,1,5.143,0
2023-12-19 20:00:00,2.6,office,0,0.28,1.86,1,4.996,0
2023-12-19 21:00:00,2.3,office,0,0.04,1.1,0,2.881,0
2023-12-19 22:00:00,1.8,office,0,0.17,0.6,0,4.071,0
2023-12-19 23:00:00,3.2,office,0,0.11,0.72,0,3.794,0
2023-12-20 00:00:00,-1.0,office,0,0.36,0.23,0,2.241,0
2023-12-20 01:00:00,-1.4,office,0,0.25,0.99,0,2.533,0
2023-12-20 02:00:00,0.0,office,0,0.38,0.75,0,3.865,0
2023-12-20 03:00:00,-1.4,office,0,0.26,1.4,0,4.654,0
2023-12-20 04:00:00,0.2,office,0,0.04,1.03,0,2.792,0
2023-12-20 05:00:00,-1.5,office,0,0.37,0.72,0,2.658,0
2023-12-20 06:00:00,5.1,office,0,0.42,0.54,0,3.622,0
2023-12-20 07:00:00,1.0,office,5,0.55,1.63,0,4.091,0
2023-12-20 08:00:00,3.8,office,36,1.01,3.02,1,7.363,0
2023-12-20 09:00:00,5.6,office,46,1.3,3.92,1,7.01,0
2023-12-20 10:00:00,9.7,office,44,1.26,4.63,1,9.163,0
2023-12-20 11:00:00,5.9,office,62,1.32,4.15,0,6.9,0
2023-12-20 12:00:00,11.6,office,77,1.62,4.74,0,7.755,0
2023-12-20 13:00:00,10.3,office,63,1.3,3.61,0,8.595,0
2023-12-20 14:00:00,9.9,office,65,1.46,4.53,0,7.93,0
2023-12-20 15:00:00,7.7,office,67,1.58,3.82,0,7.103,0
2023-12-20 16:00:00,9.5,office,74,1.98,4.22,0,8.874,0
2023-12-20 17:00:00,6.8,office,66,1.54,4.75,1,8.686,0
2023-12-20 18:00:00,8.7,office,12,0.6,2.01,1,4.407,0
2023-12-20 19:00:00,4.2,office,19,0.73,3.39,1,6.511,0
2023-12-20 20:00:00,4.1,office,0,0.1,1.98,1,4.747,0
2023-12-20 21:00:00,2.2,office,0,0.03,1.03,0,3.843,0
2023-12-20 22:00:00,0.3,office,0,0.27,1.44,0,4.284,0
2023-12-20 23:00:00,1.9,office,0,0.35,0.5,0,3.492,0
2023-12-21 00:00:00,0.7,office,0,0.5,0.21,0,2.77,0
2023-12-21 01:00:00,1.2,office,0,0.18,0.98,0,3.431,0
2023-12-21 02:00:00,-3.5,office,0,0.45,0.86,0,4.2,0
2023-12-21 03:00:00,1.0,office,0,0.19,0.82,0,3.913,0
2023-12-21 04:00:00,3.6,office,0,0.34,0.28,0,3.198,0
2023-12-21 05:00:00,-0.0,office,0,0.3,0.79,0,4.308,0
2023-12-21 06:00:00,4.6,office,0,0.03,0.57,0,1.991,0
2023-12-21 07:00:00,2.5,office,16,0.36,1.36,0,4.027,0
2023-12-21 08:00:00,2.2,office,55,1.11,4.24,1,8.134,0
2023-12-21 09:00:00,5.0,office,59,1.37,4.58,1,7.774,0
2023-12-21 10:00:00,8.3,office,79,1.95,5.61,1,9.372,0
2023-12-21 11:00:00,6.5,office,73,1.55,4.25,0,8.409,0
2023-12-21 12:00:00,7.6,office,67,1.64,4.82,0,8.704,0
2023-12-21 13:00:00,9.9,office,74,1.62,5.11,0,8.929,0
2023-12-21 14:00:00,9.2,office,62,1.64,4.05,0,8.046,0
2023-12-21 15:00:00,9.9,office,39,1.18,3.43,0,6.993,0
2023-12-21 16:00:00,8.9,office,52,1.43,4.09,0,7.095,0
2023-12-21 17:00:00,8.5,office,31,0.88,3.21,1,6.924,0
2023-12-21 18:00:00,6.1,office,20,0.54,2.78,1,6.079,0
2023-12-21 19:00:00,5.9,office,8,0.97,6.51,1,33.025,1
2023-12-21 20:00:00,2.8,office,0,0.09,1.99,1,5.116,0
2023-12-21 21:00:00,4.8,office,0,0.14,0.48,0,3.606,0
2023-12-21 22:00:00,0.8,office,0,0.09,1.1,0,3.349,0
2023-12-21 23:00:00,2.4,office,0,0.34,0.47,0,3.854,0
2023-12-22 00:00:00,-0.6,office,0,0.34,0.64,0,3.698,0
2023-12-22 01:00:00,-0.4,office,0,0.33,0.5,0,3.477,0
2023-12-22 02:00:00,-1.6,office,0,0.63,0.92,0,7.631,1
2023-12-22 03:00:00,-2.2,office,0,0.05,0.21,0,1.709,0
2023-12-22 04:00:00,-2.8,office,0,0.46,1.34,0,4.147,0
2023-12-22 05:00:00,-1.0,office,0,0.25,0.58,0,3.622,0
2023-12-22 06:00:00,1.1,office,0,0.2,0.31,0,2.524,0
2023-12-22 07:00:00,3.1,office,14,0.57,1.01,0,4.116,0
2023-12-22 08:00:00,5.6,office,56,1.22,4.72,1,8.958,0
2023-12-22 09:00:00,4.7,office,35,0.77,4.24,1,7.213,0
2023-12-22 10:00:00,5.3,office,37,0.94,3.24,1,6.336,0
2023-12-22 11:00:00,5.5,office,76,1.63,4.13,0,7.381,0
2023-12-22 12:00:00,9.2,office,39,0.9,2.72,0,5.652,0
2023-12-22 13:00:00,11.0,office,52,1.49,3.53,0,7.021,0
2023-12-22 14:00:00,11.0,office,49,1.25,3.03,0,7.097,0
2023-12-22 15:00:00,10.0,office,51,1.26,3.14,0,6.374,0
2023-12-22 16:00:00,9.4,office,59,1.52,3.7,0,6.714,0
2023-12-22 17:00:00,10.2,office,80,2.08,5.61,1,10.169,0
2023-12-22 18:00:00,7.1,office,11,0.28,2.94,1,6.65,0
2023-12-22 19:00:00,6.4,office,20,0.82,2.25,1,5.431,0
2023-12-22 20:00:00,3.6,office,0,0.29,1.5,1,5.571,0
2023-12-22 21:00:00,0.8,office,0,0.07,1.25,0,2.467,0
2023-12-22 22:00:00,0.6,office,0,0.15,1.28,0,3.456,0
2023-12-22 23:00:00,0.6,office,0,0.24,0.35,0,2.653,0
2023-12-23 00:00:00,-0.2,office,0,0.35,1.47,0,4.233,0
2023-12-23 01:00:00,2.1,office,0,0.12,1.1,0,3.616,0
2023-12-23 02:00:00,-0.9,office,0,0.27,0.55,0,3.785,0
2023-12-23 03:00:00,1.0,office,0,0.34,0.79,0,2.97,0
2023-12-23 04:00:00,-1.0,office,0,0.22,0.59,0,2.905,0
2023-12-23 05:00:00,0.0,office,0,0.43,0.4,0,3.649,0
2023-12-23 06:00:00,-0.5,office,0,0.43,0.58,0,4.035,0
2023-12-23 07:00:00,1.6,office,0,0.24,0.95,0,3.486,0
2023-12-23 08:00:00,4.8,office,0,0.49,2.27,1,4.646,0
2023-12-23 09:00:00,5.3,office,0,0.04,1.67,1,4.815,0
2023-12-23 10:00:00,7.9,office,0,0.0,1.65,1,4.703,0
2023-12-23 11:00:00,7.8,office,0,0.19,0.81,0,1.854,0
2023-12-23 12:00:00,7.8,office,0,0.3,1.04,0,2.732,0
2023-12-23 13:00:00,12.1,office,0,0.31,1.18,0,3.188,0
2023-12-23 14:00:00,8.9,office,0,0.24,0.62,0,3.282,0
2023-12-23 15:00:00,10.6,office,0,0.06,0.96,0,2.874,0
2023-12-23 16:00:00,7.7,office,0,0.09,0.71,0,2.541,0
2023-12-23 17:00:00,8.6,office,0,0.43,2.13,1,5.338,0
2023-12-23 18:00:00,7.9,office,0,0.43,1.41,1,3.275,0
2023-12-23 19:00:00,5.6,office,0,0.34,1.53,1,4.184,0
2023-12-23 20:00:00,0.5,office,0,0.33,1.75,1,4.613,0
2023-12-23 21:00:00,2.7,office,0,0.3,1.36,0,3.484,0
2023-12-23 22:00:00,3.4,office,0,0.1,0.95,0,3.49,0
2023-12-23 23:00:00,1.3,office,0,0.21,1.46,0,3.26,0
2023-12-24 00:00:00,0.3,office,0,0.35,0.33,0,2.739,0
2023-12-24 01:00:00,-3.5,office,0,0.27,0.8,0,4.006,0
2023-12-24 02:00:00,-2.2,office,0,0.01,0.74,0,2.424,0
2023-12-24 03:00:00,-0.3,office,0,0.48,0.98,0,3.832,0
2023-12-24 04:00:00,0.2,office,0,0.42,1.26,0,3.663,0
2023-12-24 05:00:00,2.2,office,0,0.13,1.29,0,2.997,0
2023-12-24 06:00:00,1.2,office,0,0.31,1.07,0,3.809,0
2023-12-24 07:00:00,3.2,office,0,0.46,1.03,0,3.342,0
2023-12-24 08:00:00,3.9,office,0,0.05,2.43,1,5.062,0
2023-12-24 09:00:00,3.7,office,0,0.25,1.7,1,4.634,0
2023-12-24 10:00:00,3.0,office,0,0.23,2.28,1,5.166,0
2023-12-24 11:00:00,8.1,office,0,0.21,1.4,0,4.836,0
2023-12-24 12:00:00,8.5,office,0,0.42,0.84,0,3.928,0
2023-12-24 13:00:00,7.8,office,0,0.19,1.15,0,3.444,0
2023-12-24 14:00:00,6.5,office,0,0.03,0.69,0,3.917,0
2023-12-24 15:00:00,9.7,office,0,0.03,0.41,0,3.422,0
2023-12-24 16:00:00,7.9,office,0,0.02,0.96,0,2.742,0
2023-12-24 17:00:00,8.3,office,0,0.2,1.46,1,4.98,0
2023-12-24 18:00:00,9.2,office,0,0.36,1.79,1,5.199,0
2023-12-24 19:00:00,2.0,office,0,0.1,2.33,1,5.703,0
2023-12-24 20:00:00,2.9,office,0,0.32,1.31,1,3.928,0
2023-12-24 21:00:00,2.3,office,0,0.34,0.24,0,2.836,0
2023-12-24 22:00:00,3.6,office,0,0.13,0.99,0,2.959,0
2023-12-24 23:00:00,-2.1,office,0,0.3,0.63,0,3.075,0
2023-12-25 00:00:00,2.4,office,0,0.34,0.74,0,3.095,0
2023-12-25 01:00:00,-0.8,office,0,0.23,0.73,0,2.929,0
2023-12-25 02:00:00,-1.3,office,0,0.17,0.31,0,2.876,0
2023-12-25 03:00:00,-1.3,office,0,0.31,0.2,0,3.017,0
2023-12-25 04:00:00,-1.1,office,0,0.49,1.37,0,3.476,0
2023-12-25 05:00:00,1.9,office,0,0.21,0.48,0,3.325,0
2023-12-25 06:00:00,-0.3,office,0,0.2,0.75,0,3.543,0
2023-12-25 07:00:00,3.1,office,16,0.55,2.26,0,5.307,0
2023-12-25 08:00:00,3.3,office,60,1.24,5.27,1,9.394,0
2023-12-25 09:00:00,4.0,office,36,1.0,3.14,1,7.149,0
2023-12-25 10:00:00,10.2,office,58,1.32,4.76,1,9.088,0
2023-12-25 11:00:00,8.0,office,76,1.58,4.95,0,8.88,0
2023-12-25 12:00:00,9.1,office,74,1.71,4.81,0,7.933,0
2023-12-25 13:00:00,10.4,office,58,1.16,4.09,0,7.784,0
2023-12-25 14:00:00,6.7,office,50,1.2,3.29,0,6.905,0
2023-12-25 15:00:00,11.3,office,34,0.73,2.13,0,4.541,0
2023-12-25 16:00:00,4.4,office,49,0.99,3.25,0,6.015,0
2023-12-25 17:00:00,6.2,office,32,1.05,3.64,1,7.932,0
2023-12-25 18:00:00,5.6,office,8,0.62,2.39,1,6.176,0
2023-12-25 19:00:00,6.0,office,5,0.2,1.54,1,4.196,0
2023-12-25 20:00:00,4.2,office,0,0.27,1.28,1,4.797,0
2023-12-25 21:00:00,2.3,office,0,0.14,1.45,0,3.248,0
2023-12-25 22:00:00,1.3,office,0,0.25,0.4,0,3.39,0
2023-12-25 23:00:00,-1.2,office,0,0.22,0.58,0,3.564,0
2023-12-26 00:00:00,-2.8,office,0,0.13,1.2,0,3.84,0
2023-12-26 01:00:00,0.0,office,0,0.35,0.73,0,3.269,0
2023-12-26 02:00:00,-0.2,office,0,0.06,0.44,0,3.383,0
2023-12-26 03:00:00,1.3,office,0,0.03,0.81,0,2.809,0
2023-12-26 04:00:00,-1.8,office,0,0.38,0.94,0,3.996,0
2023-12-26 05:00:00,1.3,office,0,0.33,0.79,0,3.939,0
2023-12-26 06:00:00,0.8,office,0,0.25,1.39,0,4.403,0
2023-12-26 07:00:00,4.2,office,15,0.53,1.32,0,4.936,0
2023-12-26 08:00:00,5.3,office,71,1.67,5.61,1,9.861,0
2023-12-26 09:00:00,5.4,office,36,0.94,3.15,1,7.234,0
2023-12-26 10:00:00,5.7,office,73,1.66,5.36,1,10.381,0
2023-12-26 11:00:00,8.7,office,40,1.05,3.16,0,7.039,0
2023-12-26 12:00:00,9.1,office,77,1.8,4.34,0,7.502,0
2023-12-26 13:00:00,7.6,office,45,1.25,3.22,0,6.759,0
2023-12-26 14:00:00,6.8,office,63,1.62,3.55,0,7.368,0
2023-12-26 15:00:00,8.2,office,41,1.01,2.38,0,5.3,0
2023-12-26 16:00:00,10.4,office,65,1.51,4.13,0,8.125,0
2023-12-26 17:00:00,9.0,office,40,0.99,4.08,1,8.194,0
2023-12-26 18:00:00,4.6,office,15,0.57,2.1,1,5.126,0
2023-12-26 19:00:00,3.3,office,18,0.59,3.29,1,6.885,0
2023-12-26 20:00:00,5.7,office,0,0.44,1.49,1,4.194,0
2023-12-26 21:00:00,0.8,office,0,0.35,0.36,0,2.882,0
2023-12-26 22:00:00,2.0,office,0,0.45,0.46,0,3.092,0
2023-12-26 23:00:00,-0.7,office,0,0.35,0.42,0,2.575,0
2023-12-27 00:00:00,1.8,office,0,0.49,0.32,0,2.844,0
2023-12-27 01:00:00,-2.3,office,0,0.32,1.24,0,3.603,0
2023-12-27 02:00:00,0.4,office,0,0.48,0.84,0,2.832,0
2023-12-27 03:00:00,-0.9,office,0,0.08,0.71,0,2.433,0
2023-12-27 04:00:00,-0.3,office,0,0.03,1.44,0,4.328,0
2023-12-27 05:00:00,-2.8,office,0,0.29,0.68,0,3.882,0
2023-12-27 06:00:00,-2.1,office,0,0.49,0.42,0,2.658,0
2023-12-27 07:00:00,2.1,office,19,0.59,1.51,0,4.104,0
2023-12-27 08:00:00,4.0,office,44,0.99,3.71,1,8.582,0
2023-12-27 09:00:00,3.3,office,55,1.36,4.6,1,8.315,0
2023-12-27 10:00:00,4.5,office,70,1.72,5.08,1,9.909,0
2023-12-27 11:00:00,8.1,office,41,0.98,2.92,0,6.238,0
2023-12-27 12:00:00,8.8,office,41,1.18,3.12,0,7.62,0
2023-12-27 13:00:00,8.3,office,70,1.89,4.71,0,9.837,0
2023-12-27 14:00:00,9.8,office,72,1.89,4.72,0,8.655,0
2023-12-27 15:00:00,6.7,office,57,1.29,3.32,0,6.833,0
2023-12-27 16:00:00,7.5,office,55,1.26,3.1,0,6.729,0
2023-12-27 17:00:00,9.7,office,31,0.81,3.46,1,7.839,0
2023-12-27 18:00:00,6.3,office,11,0.42,2.01,1,5.944,0
2023-12-27 19:00:00,5.2,office,19,0.84,4.03,1,20.975,1
2023-12-27 20:00:00,7.1,office,0,0.38,1.89,1,5.501,0
2023-12-27 21:00:00,0.3,office,0,0.18,0.62,0,1.986,0
2023-12-27 22:00:00,2.4,office,0,0.44,1.18,0,3.758,0
2023-12-27 23:00:00,2.6,office,0,0.46,0.61,0,2.802,0
2023-12-28 00:00:00,-1.2,office,0,0.01,1.47,0,2.953,0
2023-12-28 01:00:00,0.1,office,0,0.49,1.19,0,4.098,0
2023-12-28 02:00:00,-2.9,office,0,0.36,0.28,0,3.871,0
2023-12-28 03:00:00,-2.3,office,0,0.26,0.86,0,3.208,0
2023-12-28 04:00:00,-0.2,office,0,0.19,0.93,0,3.531,0
2023-12-28 05:00:00,1.3,office,0,0.26,1.1,0,3.462,0
2023-12-28 06:00:00,2.8,office,0,0.16,0.85,0,3.555,0
2023-12-28 07:00:00,4.7,office,18,0.67,1.73,0,4.424,0
2023-12-28 08:00:00,3.5,office,54,3.26,6.58,1,37.738,1
2023-12-28 09:00:00,6.7,office,30,0.91,3.05,1,6.697,0
2023-12-28 10:00:00,5.6,office,75,1.64,6.18,1,10.631,0
2023-12-28 11:00:00,8.5,office,43,0.87,2.76,0,5.945,0
2023-12-28 12:00:00,8.2,office,43,1.14,2.43,0,5.978,0
2023-12-28 13:00:00,9.1,office,47,1.23,2.77,0,5.816,0
2023-12-28 14:00:00,9.2,office,78,1.77,5.21,0,9.272,0
2023-12-28 15:00:00,6.0,office,75,1.54,4.71,0,8.223,0
2023-12-28 16:00:00,6.2,office,80,2.05,5.21,0,9.581,0
2023-12-28 17:00:00,7.3,office,34,0.99,3.95,1,8.142,0
2023-12-28 18:00:00,3.6,office,8,0.22,2.67,1,6.214,0
2023-12-28 19:00:00,6.1,office,10,0.46,2.42,1,5.694,0
2023-12-28 20:00:00,4.9,office,0,0.25,1.43,1,4.31,0
2023-12-28 21:00:00,2.8,office,0,0.03,0.39,0,3.478,0
2023-12-28 22:00:00,-0.6,office,0,0.3,0.95,0,3.449,0
2023-12-28 23:00:00,2.1,office,0,0.4,0.68,0,2.873,0
2023-12-29 00:00:00,2.3,office,0,0.37,0.93,0,3.567,0
2023-12-29 01:00:00,-1.1,office,0,0.1,0.85,0,2.582,0
2023-12-29 02:00:00,-0.7,office,0,0.43,0.98,0,3.244,0
2023-12-29 03:00:00,-1.0,office,0,0.17,0.24,0,3.042,0
2023-12-29 04:00:00,-0.0,office,0,0.47,0.24,0,3.257,0
2023-12-29 05:00:00,-0.2,office,0,0.04,1.14,0,4.084,0
2023-12-29 06:00:00,1.0,office,0,0.24,0.45,0,2.647,0
2023-12-29 07:00:00,3.6,office,16,0.62,1.85,0,6.047,0
2023-12-29 08:00:00,7.0,office,50,1.12,4.41,1,8.676,0
2023-12-29 09:00:00,2.7,office,42,1.23,4.58,1,8.237,0
2023-12-29 10:00:00,5.9,office,59,1.49,5.24,1,9.459,0
2023-12-29 11:00:00,5.3,office,37,0.75,2.59,0,5.869,0
2023-12-29 12:00:00,10.2,office,46,1.22,3.3,0,5.991,0
2023-12-29 13:00:00,7.5,office,72,1.69,3.95,0,8.032,0
2023-12-29 14:00:00,6.4,office,61,1.32,3.75,0,7.234,0
2023-12-29 15:00:00,9.3,office,63,1.76,4.3,0,7.886,0
2023-12-29 16:00:00,10.5,office,70,1.85,4.51,0,9.022,0
2023-12-29 17:00:00,8.1,office,50,1.15,4.33,1,8.421,0
2023-12-29 18:00:00,6.3,office,17,0.61,2.28,1,5.423,0
2023-12-29 19:00:00,5.4,office,17,0.5,3.09,1,6.383,0
2023-12-29 20:00:00,5.7,office,0,0.39,1.56,1,3.768,0
2023-12-29 21:00:00,0.9,office,0,0.47,1.27,0,3.697,0
2023-12-29 22:00:00,0.9,office,0,0.18,1.0,0,3.934,0
2023-12-29 23:00:00,-0.7,office,0,0.4,0.68,0,2.707,0
2023-12-30 00:00:00,-2.6,office,0,0.25,0.25,0,1.687,0
2023-12-30 01:00:00,-1.9,office,0,0.2,0.5,0,3.81,0
2023-12-30 02:00:00,0.1,office,0,0.47,1.36,0,3.478,0
2023-12-30 03:00:00,-0.5,office,0,0.26,1.26,0,3.946,0
2023-12-30 04:00:00,0.1,office,0,0.23,0.95,0,4.277,0
2023-12-30 05:00:00,0.1,office,0,0.34,0.81,0,3.693,0
2023-12-30 06:00:00,1.7,office,0,0.13,1.04,0,3.594,0
2023-12-30 07:00:00,1.0,office,0,0.16,0.81,0,3.918,0
2023-12-30 08:00:00,3.0,office,0,0.47,2.04,1,5.52,0
2023-12-30 09:00:00,5.0,office,0,0.34,1.6,1,5.038,0
2023-12-30 10:00:00,6.4,office,0,0.41,2.29,1,5.707,0
2023-12-30 11:00:00,7.5,office,0,0.14,1.11,0,3.22,0
2023-12-30 12:00:00,7.6,office,0,0.27,0.63,0,3.653,0
2023-12-30 13:00:00,7.7,office,0,0.49,1.28,0,4.825,0
2023-12-30 14:00:00,13.2,office,0,0.16,0.83,0,3.766,0
2023-12-30 15:00:00,9.7,office,0,0.08,0.43,0,3.074,0
2023-12-30 16:00:00,8.4,office,0,0.26,0.3,0,2.791,0
2023-12-30 17:00:00,6.7,office,0,0.19,2.11,1,4.45,0
2023-12-30 18:00:00,5.3,office,0,0.08,2.32,1,4.441,0
2023-12-30 19:00:00,4.6,office,0,0.44,2.25,1,6.175,0
2023-12-30 20:00:00,3.9,office,0,0.5,2.05,1,5.06,0
2023-12-30 21:00:00,-0.6,office,0,0.28,0.38,0,3.142,0
2023-12-30 22:00:00,-1.4,office,0,0.39,0.32,0,2.944,0
2023-12-30 23:00:00,-1.0,office,0,0.43,0.65,0,2.772,0
2023-12-31 00:00:00,-0.6,office,0,0.35,1.31,0,4.357,0
2023-12-31 01:00:00,-1.8,office,0,0.02,1.45,0,2.709,0
2023-12-31 02:00:00,0.6,office,0,0.08,0.51,0,3.899,0
2023-12-31 03:00:00,-3.6,office,0,0.04,1.19,0,3.336,0
2023-12-31 04:00:00,-2.1,office,0,0.0,0.95,0,2.498,0
2023-12-31 05:00:00,2.1,office,0,0.15,0.24,0,3.004,0
2023-12-31 06:00:00,1.1,office,0,0.2,0.91,0,3.308,0
2023-12-31 07:00:00,3.4,office,0,0.12,1.25,0,3.934,0
2023-12-31 08:00:00,6.5,office,0,0.03,1.56,1,5.198,0
2023-12-31 09:00:00,3.7,office,0,0.26,2.37,1,6.374,0
2023-12-31 10:00:00,5.8,office,0,0.14,1.51,1,4.135,0
2023-12-31 11:00:00,6.5,office,0,0.4,0.3,0,3.366,0
2023-12-31 12:00:00,4.8,office,0,0.0,0.41,0,2.03,0
2023-12-31 13:00:00,7.8,office,0,0.42,1.29,0,4.208,0
2023-12-31 14:00:00,9.7,office,0,0.48,0.74,0,3.418,0
2023-12-31 15:00:00,9.0,office,0,0.36,1.24,0,3.904,0
2023-12-31 16:00:00,8.7,office,0,0.37,0.89,0,2.868,0
2023-12-31 17:00:00,6.4,office,0,0.47,1.82,1,4.835,0
2023-12-31 18:00:00,4.9,office,0,0.1,2.25,1,4.86,0
2023-12-31 19:00:00,6.6,office,0,0.5,1.75,1,5.949,0
2023-12-31 20:00:00,2.7,office,0,0.39,2.24,1,5.5,0
2023-12-31 21:00:00,2.6,office,0,0.36,0.33,0,2.938,0
2023-12-31 22:00:00,1.1,office,0,0.18,1.03,0,3.486,0
2023-12-31 23:00:00,2.1,office,0,0.27,1.11,0,4.292,0
